timeStamp,elapsed,label,responseCode,responseMessage,threadName,dataType,success,failureMessage,bytes,sentBytes,grpThreads,allThreads,URL,Latency,IdleTime,Connect
1768805146265,1891,GET Home,200,OK,Thread Group 2 - Heavy Load 2-1,text,true,,8705,131,4,18,https://messenger-fe-eight.vercel.app/,1797,0,1192
1768805146417,1741,GET Home,200,OK,Thread Group 1 - Basic 1-3,text,true,,8705,131,10,18,https://messenger-fe-eight.vercel.app/,1645,0,1040
1768805146265,1893,GET Home,200,OK,Thread Group 1 - Basic 1-1,text,true,,8705,131,10,18,https://messenger-fe-eight.vercel.app/,1797,0,1192
1768805146312,1846,GET Home,200,OK,Thread Group 1 - Basic 1-2,text,true,,8705,131,10,18,https://messenger-fe-eight.vercel.app/,1750,0,1145
1768805146265,1893,GET Home,200,OK,Thread Group 3 - Custom 3-1,text,true,,8705,131,4,18,https://messenger-fe-eight.vercel.app/,1797,0,1192
1768805147227,1003,GET Home,200,OK,Thread Group 3 - Custom 3-3,text,true,,8705,131,5,19,https://messenger-fe-eight.vercel.app/,905,0,786
1768805146729,1537,GET Home,200,OK,Thread Group 3 - Custom 3-2,text,true,,8705,131,5,19,https://messenger-fe-eight.vercel.app/,1424,0,1281
1768805146816,1450,GET Home,200,OK,Thread Group 1 - Basic 1-7,text,true,,8705,131,10,19,https://messenger-fe-eight.vercel.app/,1351,0,1198
1768805147017,1250,GET Home,200,OK,Thread Group 1 - Basic 1-9,text,true,,8705,131,10,19,https://messenger-fe-eight.vercel.app/,1150,0,998
1768805148159,153,GET Login,200,OK,Thread Group 3 - Custom 3-1,text,true,,12444,136,5,19,https://messenger-fe-eight.vercel.app/login,121,0,0
1768805146912,1400,GET Home,200,OK,Thread Group 1 - Basic 1-8,text,true,,8705,131,10,19,https://messenger-fe-eight.vercel.app/,1262,0,1102
1768805146517,1806,GET Home,200,OK,Thread Group 1 - Basic 1-4,text,true,,8705,131,10,19,https://messenger-fe-eight.vercel.app/,1701,0,1585
1768805146816,1507,GET Home,200,OK,Thread Group 2 - Heavy Load 2-2,text,true,,8705,131,4,19,https://messenger-fe-eight.vercel.app/,1402,0,1286
1768805146612,1744,GET Home,200,OK,Thread Group 1 - Basic 1-5,text,true,,8705,131,10,19,https://messenger-fe-eight.vercel.app/,1636,0,1520
1768805147116,1240,GET Home,200,OK,Thread Group 1 - Basic 1-10,text,true,,8705,131,10,19,https://messenger-fe-eight.vercel.app/,1132,0,1016
1768805146713,1643,GET Home,200,OK,Thread Group 1 - Basic 1-6,text,true,,8705,131,10,19,https://messenger-fe-eight.vercel.app/,1535,0,1420
1768805148158,217,GET Login,200,OK,Thread Group 2 - Heavy Load 2-1,text,true,,12444,136,4,19,https://messenger-fe-eight.vercel.app/login,125,0,0
1768805148158,217,GET Home,200,OK,Thread Group 1 - Basic 1-2,text,true,,8705,131,10,19,https://messenger-fe-eight.vercel.app/,122,0,0
1768805147418,957,GET Home,200,OK,Thread Group 2 - Heavy Load 2-3,text,true,,8705,131,4,19,https://messenger-fe-eight.vercel.app/,849,0,693
1768805148158,253,GET Home,200,OK,Thread Group 1 - Basic 1-3,text,true,,8705,131,10,18,https://messenger-fe-eight.vercel.app/,122,0,0
1768805148158,253,GET Home,200,OK,Thread Group 1 - Basic 1-1,text,true,,8705,131,10,18,https://messenger-fe-eight.vercel.app/,126,0,0
1768805148230,223,GET Login,200,OK,Thread Group 3 - Custom 3-3,text,true,,12444,136,5,18,https://messenger-fe-eight.vercel.app/login,115,0,0
1768805147727,725,GET Home,200,OK,Thread Group 3 - Custom 3-4,text,true,,8705,131,5,18,https://messenger-fe-eight.vercel.app/,605,0,504
1768805148323,152,GET Home,200,OK,Thread Group 1 - Basic 1-4,text,true,,8705,131,10,18,https://messenger-fe-eight.vercel.app/,120,0,0
1768805148019,456,GET Home,200,OK,Thread Group 2 - Heavy Load 2-4,text,true,,8705,131,3,18,https://messenger-fe-eight.vercel.app/,344,0,223
1768805148313,162,GET Home,200,OK,Thread Group 1 - Basic 1-8,text,true,,8705,131,10,18,https://messenger-fe-eight.vercel.app/,139,0,0
1768805148324,180,GET Login,200,OK,Thread Group 2 - Heavy Load 2-2,text,true,,12444,136,3,18,https://messenger-fe-eight.vercel.app/login,119,0,0
1768805148266,244,GET Login,200,OK,Thread Group 3 - Custom 3-2,text,true,,12444,136,5,17,https://messenger-fe-eight.vercel.app/login,124,0,0
1768805148267,243,GET Home,200,OK,Thread Group 1 - Basic 1-9,text,true,,8705,131,10,17,https://messenger-fe-eight.vercel.app/,143,0,0
1768805148266,296,GET Home,200,OK,Thread Group 1 - Basic 1-7,text,true,,8705,131,10,17,https://messenger-fe-eight.vercel.app/,176,0,0
1768805148412,151,GET Home,200,OK,Thread Group 1 - Basic 1-3,text,true,,8705,131,10,17,https://messenger-fe-eight.vercel.app/,124,0,0
1768805148313,249,GET Home,200,OK,Thread Group 3 - Custom 3-1,text,true,,8705,131,5,17,https://messenger-fe-eight.vercel.app/,120,0,0
1768805148412,150,GET Home,200,OK,Thread Group 1 - Basic 1-1,text,true,,8705,131,10,17,https://messenger-fe-eight.vercel.app/,124,0,0
1768805148376,208,GET Home,200,OK,Thread Group 1 - Basic 1-2,text,true,,8705,131,10,17,https://messenger-fe-eight.vercel.app/,110,0,0
1768805148376,208,GET Login,200,OK,Thread Group 2 - Heavy Load 2-3,text,true,,12444,136,2,17,https://messenger-fe-eight.vercel.app/login,106,0,0
1768805148357,227,GET Home,200,OK,Thread Group 1 - Basic 1-6,text,true,,8705,131,10,17,https://messenger-fe-eight.vercel.app/,118,0,0
1768805148357,264,GET Home,200,OK,Thread Group 1 - Basic 1-5,text,true,,8705,131,10,17,https://messenger-fe-eight.vercel.app/,118,0,0
1768805148357,264,GET Home,200,OK,Thread Group 1 - Basic 1-10,text,true,,8705,131,10,17,https://messenger-fe-eight.vercel.app/,125,0,0
1768805148453,170,GET Home,200,OK,Thread Group 3 - Custom 3-3,text,true,,8705,131,5,17,https://messenger-fe-eight.vercel.app/,168,0,0
1768805148453,177,GET Login,200,OK,Thread Group 3 - Custom 3-4,text,true,,12444,136,5,17,https://messenger-fe-eight.vercel.app/login,162,0,0
1768805148511,145,GET Home,200,OK,Thread Group 1 - Basic 1-9,text,true,,8705,131,10,17,https://messenger-fe-eight.vercel.app/,143,0,0
1768805148511,154,GET Home,200,OK,Thread Group 3 - Custom 3-2,text,true,,8705,131,5,17,https://messenger-fe-eight.vercel.app/,143,0,0
1768805148563,158,GET Home,200,OK,Thread Group 1 - Basic 1-3,text,true,,8705,131,10,17,https://messenger-fe-eight.vercel.app/,122,0,0
1768805148475,269,GET Login,200,OK,Thread Group 2 - Heavy Load 2-4,text,true,,12444,136,2,18,https://messenger-fe-eight.vercel.app/login,146,0,0
1768805148228,516,GET Home,200,OK,Thread Group 3 - Custom 3-5,text,true,,8705,131,6,18,https://messenger-fe-eight.vercel.app/,393,0,235
1768805148476,268,GET Home,200,OK,Thread Group 1 - Basic 1-8,text,true,,8705,131,10,18,https://messenger-fe-eight.vercel.app/,145,0,0
1768805148475,269,GET Home,200,OK,Thread Group 1 - Basic 1-4,text,true,,8705,131,10,18,https://messenger-fe-eight.vercel.app/,140,0,0
1768805148622,372,GET Home,200,OK,Thread Group 1 - Basic 1-5,text,true,,8705,131,10,17,https://messenger-fe-eight.vercel.app/,367,0,0
1768805148622,372,GET Home,200,OK,Thread Group 1 - Basic 1-10,text,true,,8705,131,10,17,https://messenger-fe-eight.vercel.app/,369,0,0
1768805148563,431,GET Login,200,OK,Thread Group 3 - Custom 3-1,text,true,,12444,136,6,17,https://messenger-fe-eight.vercel.app/login,122,0,0
1768805148585,409,GET Home,200,OK,Thread Group 1 - Basic 1-6,text,true,,8705,131,10,17,https://messenger-fe-eight.vercel.app/,408,0,0
1768805148563,431,GET Home,200,OK,Thread Group 1 - Basic 1-1,text,true,,8705,131,10,17,https://messenger-fe-eight.vercel.app/,122,0,0
1768805148665,329,GET Login,200,OK,Thread Group 3 - Custom 3-2,text,true,,12444,136,6,17,https://messenger-fe-eight.vercel.app/login,329,0,0
1768805148563,471,GET Home,200,OK,Thread Group 1 - Basic 1-7,text,true,,8705,131,10,17,https://messenger-fe-eight.vercel.app/,122,0,0
1768805148630,406,GET Home,200,OK,Thread Group 3 - Custom 3-4,text,true,,8705,131,6,17,https://messenger-fe-eight.vercel.app/,363,0,0
1768805148744,308,GET Home,200,OK,Thread Group 1 - Basic 1-8,text,true,,8705,131,10,17,https://messenger-fe-eight.vercel.app/,295,0,0
1768805148585,474,GET Home,200,OK,Thread Group 1 - Basic 1-2,text,true,,8705,131,10,17,https://messenger-fe-eight.vercel.app/,405,0,0
1768805148656,438,GET Home,200,OK,Thread Group 1 - Basic 1-9,text,true,,8705,131,10,17,https://messenger-fe-eight.vercel.app/,338,0,0
1768805148623,472,GET Login,200,OK,Thread Group 3 - Custom 3-3,text,true,,12444,136,6,17,https://messenger-fe-eight.vercel.app/login,371,0,0
1768805148744,393,GET Home,200,OK,Thread Group 1 - Basic 1-4,text,true,,8705,131,10,17,https://messenger-fe-eight.vercel.app/,295,0,0
1768805148995,142,GET Home,200,OK,Thread Group 1 - Basic 1-1,text,true,,8705,131,10,17,https://messenger-fe-eight.vercel.app/,141,0,0
1768805148723,414,GET Home,200,OK,Thread Group 1 - Basic 1-3,text,true,,8705,131,10,17,https://messenger-fe-eight.vercel.app/,315,0,0
1768805148744,393,GET Login,200,OK,Thread Group 3 - Custom 3-5,text,true,,12444,136,6,17,https://messenger-fe-eight.vercel.app/login,294,0,0
1768805148994,164,GET Home,200,OK,Thread Group 1 - Basic 1-6,text,true,,8705,131,8,15,https://messenger-fe-eight.vercel.app/,142,0,0
1768805148994,164,GET Home,200,OK,Thread Group 1 - Basic 1-10,text,true,,8705,131,8,15,https://messenger-fe-eight.vercel.app/,142,0,0
1768805148995,272,GET Home,200,OK,Thread Group 3 - Custom 3-2,text,true,,8705,131,7,17,https://messenger-fe-eight.vercel.app/,141,0,0
1768805149037,230,GET Login,200,OK,Thread Group 3 - Custom 3-4,text,true,,12444,136,7,17,https://messenger-fe-eight.vercel.app/login,122,0,0
1768805148994,273,GET Home,200,OK,Thread Group 1 - Basic 1-5,text,true,,8705,131,8,17,https://messenger-fe-eight.vercel.app/,142,0,0
1768805149035,232,GET Home,200,OK,Thread Group 1 - Basic 1-7,text,true,,8705,131,8,17,https://messenger-fe-eight.vercel.app/,124,0,0
1768805149053,214,GET Home,200,OK,Thread Group 1 - Basic 1-8,text,true,,8705,131,8,17,https://messenger-fe-eight.vercel.app/,124,0,0
1768805148994,273,GET Home,200,OK,Thread Group 3 - Custom 3-1,text,true,,8705,131,7,17,https://messenger-fe-eight.vercel.app/,142,0,0
1768805149060,208,GET Home,200,OK,Thread Group 1 - Basic 1-2,text,true,,8705,131,7,16,https://messenger-fe-eight.vercel.app/,118,0,0
1768805149137,146,GET Home,200,OK,Thread Group 3 - Custom 3-5,text,true,,8705,131,7,15,https://messenger-fe-eight.vercel.app/,131,0,0
1768805149095,188,GET Home,200,OK,Thread Group 3 - Custom 3-3,text,true,,8705,131,7,15,https://messenger-fe-eight.vercel.app/,173,0,0
1768805149159,128,GET Home,200,OK,Thread Group 1 - Basic 1-6,text,true,,8705,131,6,15,https://messenger-fe-eight.vercel.app/,109,0,0
1768805149159,291,GET Home,200,OK,Thread Group 1 - Basic 1-10,text,true,,8705,131,5,14,https://messenger-fe-eight.vercel.app/,109,0,0
1768805149095,355,GET Home,200,OK,Thread Group 1 - Basic 1-9,text,true,,8705,131,5,14,https://messenger-fe-eight.vercel.app/,173,0,0
1768805148620,830,GET Home,200,OK,Thread Group 2 - Heavy Load 2-5,text,true,,8705,131,2,14,https://messenger-fe-eight.vercel.app/,648,0,481
1768805149137,313,GET Home,200,OK,Thread Group 1 - Basic 1-4,text,true,,8705,131,5,14,https://messenger-fe-eight.vercel.app/,130,0,0
1768805149267,341,GET Home,200,OK,Thread Group 3 - Custom 3-4,text,true,,8705,131,7,11,https://messenger-fe-eight.vercel.app/,184,0,0
1768805149267,341,GET Login,200,OK,Thread Group 3 - Custom 3-2,text,true,,12444,136,7,11,https://messenger-fe-eight.vercel.app/login,184,0,0
1768805149283,328,GET Login,200,OK,Thread Group 3 - Custom 3-3,text,true,,12444,136,7,11,https://messenger-fe-eight.vercel.app/login,182,0,0
1768805149283,329,GET Login,200,OK,Thread Group 3 - Custom 3-5,text,true,,12444,136,7,11,https://messenger-fe-eight.vercel.app/login,175,0,0
1768805148728,884,GET Home,200,OK,Thread Group 3 - Custom 3-6,text,true,,8705,131,7,11,https://messenger-fe-eight.vercel.app/,723,0,541
1768805149267,346,GET Home,200,OK,Thread Group 1 - Basic 1-5,text,true,,8705,131,2,11,https://messenger-fe-eight.vercel.app/,184,0,0
1768805149268,346,GET Home,200,OK,Thread Group 1 - Basic 1-7,text,true,,8705,131,2,11,https://messenger-fe-eight.vercel.app/,198,0,0
1768805149268,346,GET Login,200,OK,Thread Group 3 - Custom 3-1,text,true,,12444,136,7,11,https://messenger-fe-eight.vercel.app/login,198,0,0
1768805149451,411,GET Login,200,OK,Thread Group 2 - Heavy Load 2-5,text,true,,12444,136,3,11,https://messenger-fe-eight.vercel.app/login,163,0,0
1768805149612,254,GET Home,200,OK,Thread Group 3 - Custom 3-5,text,true,,8705,131,8,10,https://messenger-fe-eight.vercel.app/,254,0,0
1768805149612,254,GET Home,200,OK,Thread Group 3 - Custom 3-3,text,true,,8705,131,8,10,https://messenger-fe-eight.vercel.app/,254,0,0
1768805149614,412,GET Home,200,OK,Thread Group 3 - Custom 3-1,text,true,,8705,131,8,10,https://messenger-fe-eight.vercel.app/,252,0,0
1768805149613,413,GET Login,200,OK,Thread Group 3 - Custom 3-6,text,true,,12444,136,8,10,https://messenger-fe-eight.vercel.app/login,253,0,0
1768805149610,416,GET Login,200,OK,Thread Group 3 - Custom 3-4,text,true,,12444,136,8,10,https://messenger-fe-eight.vercel.app/login,256,0,0
1768805149224,935,GET Home,200,OK,Thread Group 3 - Custom 3-7,text,true,,8705,131,8,10,https://messenger-fe-eight.vercel.app/,802,0,643
1768805149867,294,GET Login,200,OK,Thread Group 3 - Custom 3-3,text,true,,12444,136,8,10,https://messenger-fe-eight.vercel.app/login,160,0,0
1768805149219,942,GET Home,200,OK,Thread Group 2 - Heavy Load 2-6,text,true,,8705,131,2,10,https://messenger-fe-eight.vercel.app/,807,0,397
1768805149867,294,GET Login,200,OK,Thread Group 3 - Custom 3-5,text,true,,12444,136,8,10,https://messenger-fe-eight.vercel.app/login,159,0,0
1768805150026,140,GET Home,200,OK,Thread Group 3 - Custom 3-4,text,true,,8705,131,8,10,https://messenger-fe-eight.vercel.app/,135,0,0
1768805150026,140,GET Home,200,OK,Thread Group 3 - Custom 3-6,text,true,,8705,131,8,10,https://messenger-fe-eight.vercel.app/,140,0,0
1768805149609,694,GET Home,200,OK,Thread Group 3 - Custom 3-2,text,true,,8705,131,9,11,https://messenger-fe-eight.vercel.app/,575,0,0
1768805150026,300,GET Login,200,OK,Thread Group 3 - Custom 3-1,text,true,,12444,136,9,11,https://messenger-fe-eight.vercel.app/login,135,0,0
1768805150161,169,GET Home,200,OK,Thread Group 3 - Custom 3-5,text,true,,8705,131,9,11,https://messenger-fe-eight.vercel.app/,169,0,0
1768805150161,169,GET Home,200,OK,Thread Group 3 - Custom 3-3,text,true,,8705,131,9,11,https://messenger-fe-eight.vercel.app/,169,0,0
1768805150166,497,GET Login,200,OK,Thread Group 3 - Custom 3-6,text,true,,12444,136,9,12,https://messenger-fe-eight.vercel.app/login,167,0,0
1768805150161,502,GET Login,200,OK,Thread Group 2 - Heavy Load 2-6,text,true,,12444,136,3,12,https://messenger-fe-eight.vercel.app/login,172,0,0
1768805149730,933,GET Home,200,OK,Thread Group 3 - Custom 3-8,text,true,,8705,131,9,12,https://messenger-fe-eight.vercel.app/,603,0,432
1768805150331,332,GET Login,200,OK,Thread Group 3 - Custom 3-5,text,true,,12444,136,9,12,https://messenger-fe-eight.vercel.app/login,332,0,0
1768805150159,505,GET Login,200,OK,Thread Group 3 - Custom 3-7,text,true,,12444,136,9,12,https://messenger-fe-eight.vercel.app/login,174,0,0
1768805149823,840,GET Home,200,OK,Thread Group 2 - Heavy Load 2-7,text,true,,8705,131,3,12,https://messenger-fe-eight.vercel.app/,506,0,340
1768805150166,498,GET Login,200,OK,Thread Group 3 - Custom 3-4,text,true,,12444,136,9,11,https://messenger-fe-eight.vercel.app/login,163,0,0
1768805150326,521,GET Home,200,OK,Thread Group 3 - Custom 3-1,text,true,,8705,131,10,12,https://messenger-fe-eight.vercel.app/,381,0,0
1768805150303,545,GET Login,200,OK,Thread Group 3 - Custom 3-2,text,true,,12444,136,10,12,https://messenger-fe-eight.vercel.app/login,360,0,0
1768805150332,518,GET Login,200,OK,Thread Group 3 - Custom 3-3,text,true,,12444,136,10,12,https://messenger-fe-eight.vercel.app/login,332,0,0
1768805150664,318,GET Home,200,OK,Thread Group 3 - Custom 3-4,text,true,,8705,131,10,12,https://messenger-fe-eight.vercel.app/,228,0,0
1768805150664,318,GET Login,200,OK,Thread Group 3 - Custom 3-8,text,true,,12444,136,10,12,https://messenger-fe-eight.vercel.app/login,210,0,0
1768805150664,318,GET Home,200,OK,Thread Group 3 - Custom 3-7,text,true,,8705,131,10,12,https://messenger-fe-eight.vercel.app/,228,0,0
1768805150664,318,GET Home,200,OK,Thread Group 3 - Custom 3-6,text,true,,8705,131,10,12,https://messenger-fe-eight.vercel.app/,209,0,0
1768805150664,318,GET Login,200,OK,Thread Group 2 - Heavy Load 2-7,text,true,,12444,136,2,12,https://messenger-fe-eight.vercel.app/login,210,0,0
1768805150664,360,GET Home,200,OK,Thread Group 3 - Custom 3-5,text,true,,8705,131,10,12,https://messenger-fe-eight.vercel.app/,242,0,0
1768805150849,214,GET Home,200,OK,Thread Group 3 - Custom 3-2,text,true,,8705,131,10,12,https://messenger-fe-eight.vercel.app/,152,0,0
1768805150420,664,GET Home,200,OK,Thread Group 2 - Heavy Load 2-8,text,true,,8705,131,2,12,https://messenger-fe-eight.vercel.app/,562,0,455
1768805150983,145,GET Home,200,OK,Thread Group 3 - Custom 3-8,text,true,,8705,131,10,12,https://messenger-fe-eight.vercel.app/,136,0,0
1768805150982,163,GET Login,200,OK,Thread Group 3 - Custom 3-7,text,true,,12444,136,10,12,https://messenger-fe-eight.vercel.app/login,125,0,0
1768805150850,320,GET Home,200,OK,Thread Group 3 - Custom 3-3,text,true,,8705,131,10,12,https://messenger-fe-eight.vercel.app/,186,0,0
1768805150982,234,GET Login,200,OK,Thread Group 3 - Custom 3-6,text,true,,12444,136,10,12,https://messenger-fe-eight.vercel.app/login,137,0,0
1768805150228,988,GET Home,200,OK,Thread Group 3 - Custom 3-9,text,true,,8705,131,10,12,https://messenger-fe-eight.vercel.app/,863,0,755
1768805150982,234,GET Login,200,OK,Thread Group 3 - Custom 3-4,text,true,,12444,136,10,12,https://messenger-fe-eight.vercel.app/login,125,0,0
1768805150728,506,GET Home,200,OK,Thread Group 3 - Custom 3-10,text,true,,8705,131,11,13,https://messenger-fe-eight.vercel.app/,412,0,260
1768805150849,415,GET Login,200,OK,Thread Group 3 - Custom 3-1,text,true,,12444,136,11,13,https://messenger-fe-eight.vercel.app/login,214,0,0
1768805151024,246,GET Login,200,OK,Thread Group 3 - Custom 3-5,text,true,,12444,136,11,13,https://messenger-fe-eight.vercel.app/login,124,0,0
1768805151085,214,GET Login,200,OK,Thread Group 2 - Heavy Load 2-8,text,true,,12444,136,2,13,https://messenger-fe-eight.vercel.app/login,111,0,0
1768805151064,255,GET Login,200,OK,Thread Group 3 - Custom 3-2,text,true,,12444,136,11,12,https://messenger-fe-eight.vercel.app/login,141,0,0
1768805151128,218,GET Login,200,OK,Thread Group 3 - Custom 3-8,text,true,,12444,136,11,12,https://messenger-fe-eight.vercel.app/login,123,0,0
1768805151270,120,GET Home,200,OK,Thread Group 3 - Custom 3-5,text,true,,8705,131,11,12,https://messenger-fe-eight.vercel.app/,118,0,0
1768805151145,262,GET Home,200,OK,Thread Group 3 - Custom 3-7,text,true,,8705,131,11,12,https://messenger-fe-eight.vercel.app/,141,0,0
1768805151217,282,GET Home,200,OK,Thread Group 3 - Custom 3-6,text,true,,8705,131,11,12,https://messenger-fe-eight.vercel.app/,171,0,0
1768805151217,282,GET Login,200,OK,Thread Group 3 - Custom 3-9,text,true,,12444,136,11,12,https://messenger-fe-eight.vercel.app/login,160,0,0
1768805151217,282,GET Home,200,OK,Thread Group 3 - Custom 3-4,text,true,,8705,131,11,12,https://messenger-fe-eight.vercel.app/,177,0,0
1768805151021,478,GET Home,200,OK,Thread Group 2 - Heavy Load 2-9,text,true,,8705,131,1,12,https://messenger-fe-eight.vercel.app/,337,0,215
1768805151235,270,GET Login,200,OK,Thread Group 3 - Custom 3-10,text,true,,12444,136,11,12,https://messenger-fe-eight.vercel.app/login,135,0,0
1768805151320,208,GET Home,200,OK,Thread Group 3 - Custom 3-2,text,true,,8705,131,11,12,https://messenger-fe-eight.vercel.app/,141,0,0
1768805151170,390,GET Login,200,OK,Thread Group 3 - Custom 3-3,text,true,,12444,136,11,12,https://messenger-fe-eight.vercel.app/login,217,0,0
1768805151265,318,GET Home,200,OK,Thread Group 3 - Custom 3-1,text,true,,8705,131,11,12,https://messenger-fe-eight.vercel.app/,193,0,0
1768805151346,246,GET Home,200,OK,Thread Group 3 - Custom 3-8,text,true,,8705,131,11,12,https://messenger-fe-eight.vercel.app/,135,0,0
1768805151390,235,GET Login,200,OK,Thread Group 3 - Custom 3-5,text,true,,12444,136,11,13,https://messenger-fe-eight.vercel.app/login,122,0,0
1768805151408,222,GET Login,200,OK,Thread Group 3 - Custom 3-7,text,true,,12444,136,11,13,https://messenger-fe-eight.vercel.app/login,120,0,0
1768805151500,140,GET Home,200,OK,Thread Group 3 - Custom 3-9,text,true,,8705,131,11,13,https://messenger-fe-eight.vercel.app/,125,0,0
1768805151500,140,GET Login,200,OK,Thread Group 2 - Heavy Load 2-9,text,true,,12444,136,2,13,https://messenger-fe-eight.vercel.app/login,124,0,0
1768805151506,218,GET Home,200,OK,Thread Group 3 - Custom 3-10,text,true,,8705,131,11,12,https://messenger-fe-eight.vercel.app/,119,0,0
1768805151500,226,GET Login,200,OK,Thread Group 3 - Custom 3-6,text,true,,12444,136,11,12,https://messenger-fe-eight.vercel.app/login,140,0,0
1768805151529,267,GET Login,200,OK,Thread Group 3 - Custom 3-2,text,true,,12444,136,12,13,https://messenger-fe-eight.vercel.app/login,172,0,0
1768805151500,296,GET Login,200,OK,Thread Group 3 - Custom 3-4,text,true,,12444,136,12,13,https://messenger-fe-eight.vercel.app/login,157,0,0
1768805151228,586,GET Home,200,OK,Thread Group 3 - Custom 3-11,text,true,,8705,131,12,13,https://messenger-fe-eight.vercel.app/,474,0,357
1768805151592,222,GET Login,200,OK,Thread Group 3 - Custom 3-8,text,true,,12444,136,12,13,https://messenger-fe-eight.vercel.app/login,120,0,0
1768805151640,180,GET Login,200,OK,Thread Group 3 - Custom 3-9,text,true,,12444,136,12,13,https://messenger-fe-eight.vercel.app/login,156,0,0
1768805151560,279,GET Home,200,OK,Thread Group 3 - Custom 3-3,text,true,,8705,131,12,13,https://messenger-fe-eight.vercel.app/,166,0,0
1768805151626,224,GET Home,200,OK,Thread Group 3 - Custom 3-5,text,true,,8705,131,12,13,https://messenger-fe-eight.vercel.app/,188,0,0
1768805151631,283,GET Home,200,OK,Thread Group 3 - Custom 3-7,text,true,,8705,131,12,13,https://messenger-fe-eight.vercel.app/,165,0,0
1768805151726,215,GET Home,200,OK,Thread Group 3 - Custom 3-6,text,true,,8705,131,12,13,https://messenger-fe-eight.vercel.app/,151,0,0
1768805151584,373,GET Login,200,OK,Thread Group 3 - Custom 3-1,text,true,,12444,136,12,13,https://messenger-fe-eight.vercel.app/login,183,0,0
1768805151821,197,GET Home,200,OK,Thread Group 3 - Custom 3-9,text,true,,8705,131,12,13,https://messenger-fe-eight.vercel.app/,139,0,0
1768805151797,233,GET Home,200,OK,Thread Group 3 - Custom 3-2,text,true,,8705,131,12,13,https://messenger-fe-eight.vercel.app/,158,0,0
1768805151725,305,GET Login,200,OK,Thread Group 3 - Custom 3-10,text,true,,12444,136,12,13,https://messenger-fe-eight.vercel.app/login,205,0,0
1768805151815,215,GET Login,200,OK,Thread Group 3 - Custom 3-11,text,true,,12444,136,12,13,https://messenger-fe-eight.vercel.app/login,114,0,0
1768805151815,215,GET Home,200,OK,Thread Group 3 - Custom 3-8,text,true,,8705,131,12,13,https://messenger-fe-eight.vercel.app/,115,0,0
1768805151797,237,GET Home,200,OK,Thread Group 3 - Custom 3-4,text,true,,8705,131,12,13,https://messenger-fe-eight.vercel.app/,164,0,0
1768805151620,446,GET Home,200,OK,Thread Group 2 - Heavy Load 2-10,text,true,,8705,131,1,13,https://messenger-fe-eight.vercel.app/,438,0,256
1768805151850,224,GET Login,200,OK,Thread Group 3 - Custom 3-5,text,true,,12444,136,12,13,https://messenger-fe-eight.vercel.app/login,168,0,0
1768805151915,205,GET Login,200,OK,Thread Group 3 - Custom 3-7,text,true,,12444,136,12,13,https://messenger-fe-eight.vercel.app/login,138,0,0
1768805151941,246,GET Login,200,OK,Thread Group 3 - Custom 3-6,text,true,,12444,136,12,13,https://messenger-fe-eight.vercel.app/login,160,0,0
1768805151839,358,GET Login,200,OK,Thread Group 3 - Custom 3-3,text,true,,12444,136,12,13,https://messenger-fe-eight.vercel.app/login,179,0,0
1768805151729,497,GET Home,200,OK,Thread Group 3 - Custom 3-12,text,true,,8705,131,12,14,https://messenger-fe-eight.vercel.app/,400,0,230
1768805152030,224,GET Home,200,OK,Thread Group 3 - Custom 3-10,text,true,,8705,131,13,15,https://messenger-fe-eight.vercel.app/,122,0,0
1768805152030,224,GET Home,200,OK,Thread Group 3 - Custom 3-11,text,true,,8705,131,13,15,https://messenger-fe-eight.vercel.app/,122,0,0
1768805152018,236,GET Login,200,OK,Thread Group 3 - Custom 3-9,text,true,,12444,136,13,15,https://messenger-fe-eight.vercel.app/login,113,0,0
1768805152030,225,GET Login,200,OK,Thread Group 3 - Custom 3-8,text,true,,12444,136,13,15,https://messenger-fe-eight.vercel.app/login,141,0,0
1768805152074,232,GET Home,200,OK,Thread Group 3 - Custom 3-5,text,true,,8705,131,13,15,https://messenger-fe-eight.vercel.app/,168,0,0
1768805152030,276,GET Login,200,OK,Thread Group 3 - Custom 3-2,text,true,,12444,136,13,15,https://messenger-fe-eight.vercel.app/login,171,0,0
1768805152066,240,GET Login,200,OK,Thread Group 2 - Heavy Load 2-10,text,true,,12444,136,2,15,https://messenger-fe-eight.vercel.app/login,146,0,0
1768805152034,299,GET Login,200,OK,Thread Group 3 - Custom 3-4,text,true,,12444,136,13,14,https://messenger-fe-eight.vercel.app/login,167,0,0
1768805152121,215,GET Home,200,OK,Thread Group 3 - Custom 3-7,text,true,,8705,131,13,14,https://messenger-fe-eight.vercel.app/,132,0,0
1768805151957,419,GET Home,200,OK,Thread Group 3 - Custom 3-1,text,true,,8705,131,13,14,https://messenger-fe-eight.vercel.app/,318,0,0
1768805152187,214,GET Home,200,OK,Thread Group 3 - Custom 3-6,text,true,,8705,131,13,14,https://messenger-fe-eight.vercel.app/,151,0,0
1768805152226,216,GET Login,200,OK,Thread Group 3 - Custom 3-12,text,true,,12444,136,13,14,https://messenger-fe-eight.vercel.app/login,130,0,0
1768805152197,309,GET Home,200,OK,Thread Group 3 - Custom 3-3,text,true,,8705,131,13,14,https://messenger-fe-eight.vercel.app/,179,0,0
1768805152336,170,GET Login,200,OK,Thread Group 3 - Custom 3-7,text,true,,12444,136,13,14,https://messenger-fe-eight.vercel.app/login,125,0,0
1768805152254,253,GET Login,200,OK,Thread Group 3 - Custom 3-10,text,true,,12444,136,13,14,https://messenger-fe-eight.vercel.app/login,207,0,0
1768805152306,335,GET Home,200,OK,Thread Group 3 - Custom 3-2,text,true,,8705,131,13,14,https://messenger-fe-eight.vercel.app/,201,0,0
1768805152254,390,GET Login,200,OK,Thread Group 3 - Custom 3-11,text,true,,12444,136,13,14,https://messenger-fe-eight.vercel.app/login,207,0,0
1768805152443,203,GET Home,200,OK,Thread Group 3 - Custom 3-12,text,true,,8705,131,13,14,https://messenger-fe-eight.vercel.app/,198,0,0
1768805152335,311,GET Home,200,OK,Thread Group 3 - Custom 3-4,text,true,,8705,131,13,14,https://messenger-fe-eight.vercel.app/,172,0,0
1768805152306,340,GET Login,200,OK,Thread Group 3 - Custom 3-5,text,true,,12444,136,13,14,https://messenger-fe-eight.vercel.app/login,200,0,0
1768805152254,392,GET Home,200,OK,Thread Group 3 - Custom 3-9,text,true,,8705,131,13,14,https://messenger-fe-eight.vercel.app/,392,0,0
1768805152255,510,GET Home,200,OK,Thread Group 3 - Custom 3-8,text,true,,8705,131,14,15,https://messenger-fe-eight.vercel.app/,206,0,0
1768805152402,362,GET Login,200,OK,Thread Group 3 - Custom 3-6,text,true,,12444,136,14,15,https://messenger-fe-eight.vercel.app/login,239,0,0
1768805152221,559,GET Home,200,OK,Thread Group 2 - Heavy Load 2-11,text,true,,8705,131,1,15,https://messenger-fe-eight.vercel.app/,553,0,424
1768805152507,275,GET Home,200,OK,Thread Group 3 - Custom 3-10,text,true,,8705,131,14,15,https://messenger-fe-eight.vercel.app/,272,0,0
1768805152646,197,GET Home,200,OK,Thread Group 3 - Custom 3-5,text,true,,8705,131,14,16,https://messenger-fe-eight.vercel.app/,143,0,0
1768805152377,466,GET Login,200,OK,Thread Group 3 - Custom 3-1,text,true,,12444,136,14,16,https://messenger-fe-eight.vercel.app/login,270,0,0
1768805152643,282,GET Login,200,OK,Thread Group 3 - Custom 3-2,text,true,,12444,136,14,16,https://messenger-fe-eight.vercel.app/login,158,0,0
1768805152646,279,GET Login,200,OK,Thread Group 3 - Custom 3-9,text,true,,12444,136,14,16,https://messenger-fe-eight.vercel.app/login,134,0,0
1768805152646,284,GET Login,200,OK,Thread Group 3 - Custom 3-12,text,true,,12444,136,14,16,https://messenger-fe-eight.vercel.app/login,132,0,0
1768805152645,285,GET Home,200,OK,Thread Group 3 - Custom 3-11,text,true,,8705,131,14,16,https://messenger-fe-eight.vercel.app/,134,0,0
1768805152507,423,GET Home,200,OK,Thread Group 3 - Custom 3-7,text,true,,8705,131,14,16,https://messenger-fe-eight.vercel.app/,272,0,0
1768805152231,699,GET Home,200,OK,Thread Group 3 - Custom 3-13,text,true,,8705,131,14,16,https://messenger-fe-eight.vercel.app/,554,0,415
1768805152646,296,GET Login,200,OK,Thread Group 3 - Custom 3-4,text,true,,12444,136,14,16,https://messenger-fe-eight.vercel.app/login,158,0,0
1768805152782,187,GET Login,200,OK,Thread Group 3 - Custom 3-10,text,true,,12444,136,14,16,https://messenger-fe-eight.vercel.app/login,148,0,0
1768805152507,487,GET Login,200,OK,Thread Group 3 - Custom 3-3,text,true,,12444,136,14,16,https://messenger-fe-eight.vercel.app/login,315,0,0
1768805152765,253,GET Home,200,OK,Thread Group 3 - Custom 3-6,text,true,,8705,131,14,16,https://messenger-fe-eight.vercel.app/,204,0,0
1768805152844,226,GET Login,200,OK,Thread Group 3 - Custom 3-5,text,true,,12444,136,14,16,https://messenger-fe-eight.vercel.app/login,148,0,0
1768805152781,313,GET Login,200,OK,Thread Group 2 - Heavy Load 2-11,text,true,,12444,136,2,16,https://messenger-fe-eight.vercel.app/login,155,0,0
1768805152765,329,GET Login,200,OK,Thread Group 3 - Custom 3-8,text,true,,12444,136,14,16,https://messenger-fe-eight.vercel.app/login,177,0,0
1768805152970,152,GET Home,200,OK,Thread Group 3 - Custom 3-10,text,true,,8705,131,14,15,https://messenger-fe-eight.vercel.app/,151,0,0
1768805152926,196,GET Home,200,OK,Thread Group 3 - Custom 3-9,text,true,,8705,131,14,15,https://messenger-fe-eight.vercel.app/,195,0,0
1768805152844,288,GET Home,200,OK,Thread Group 3 - Custom 3-1,text,true,,8705,131,14,15,https://messenger-fe-eight.vercel.app/,174,0,0
1768805152930,204,GET Login,200,OK,Thread Group 3 - Custom 3-7,text,true,,12444,136,14,15,https://messenger-fe-eight.vercel.app/login,191,0,0
1768805152926,297,GET Home,200,OK,Thread Group 3 - Custom 3-2,text,true,,8705,131,14,15,https://messenger-fe-eight.vercel.app/,209,0,0
1768805152942,281,GET Home,200,OK,Thread Group 3 - Custom 3-4,text,true,,8705,131,14,15,https://messenger-fe-eight.vercel.app/,206,0,0
1768805152930,295,GET Login,200,OK,Thread Group 3 - Custom 3-13,text,true,,12444,136,14,15,https://messenger-fe-eight.vercel.app/login,191,0,0
1768805152728,497,GET Home,200,OK,Thread Group 3 - Custom 3-14,text,true,,8705,131,14,15,https://messenger-fe-eight.vercel.app/,393,0,212
1768805152930,295,GET Home,200,OK,Thread Group 3 - Custom 3-12,text,true,,8705,131,14,15,https://messenger-fe-eight.vercel.app/,191,0,0
1768805152930,295,GET Login,200,OK,Thread Group 3 - Custom 3-11,text,true,,12444,136,14,15,https://messenger-fe-eight.vercel.app/login,211,0,0
1768805153134,112,GET Home,200,OK,Thread Group 3 - Custom 3-7,text,true,,8705,131,15,16,https://messenger-fe-eight.vercel.app/,110,0,0
1768805153019,241,GET Login,200,OK,Thread Group 3 - Custom 3-6,text,true,,12444,136,15,16,https://messenger-fe-eight.vercel.app/login,146,0,0
1768805153122,146,GET Login,200,OK,Thread Group 3 - Custom 3-9,text,true,,12444,136,15,16,https://messenger-fe-eight.vercel.app/login,123,0,0
1768805152995,279,GET Home,200,OK,Thread Group 3 - Custom 3-3,text,true,,8705,131,15,16,https://messenger-fe-eight.vercel.app/,184,0,0
1768805153071,275,GET Home,200,OK,Thread Group 3 - Custom 3-5,text,true,,8705,131,15,16,https://messenger-fe-eight.vercel.app/,152,0,0
1768805153122,231,GET Login,200,OK,Thread Group 3 - Custom 3-10,text,true,,12444,136,15,16,https://messenger-fe-eight.vercel.app/login,122,0,0
1768805153094,259,GET Home,200,OK,Thread Group 3 - Custom 3-8,text,true,,8705,131,15,16,https://messenger-fe-eight.vercel.app/,151,0,0
1768805153225,148,GET Home,200,OK,Thread Group 3 - Custom 3-13,text,true,,8705,131,15,16,https://messenger-fe-eight.vercel.app/,142,0,0
1768805153246,169,GET Login,200,OK,Thread Group 3 - Custom 3-7,text,true,,12444,136,15,16,https://messenger-fe-eight.vercel.app/login,127,0,0
1768805153261,236,GET Home,200,OK,Thread Group 3 - Custom 3-6,text,true,,8705,131,15,17,https://messenger-fe-eight.vercel.app/,154,0,0
1768805153133,364,GET Login,200,OK,Thread Group 3 - Custom 3-1,text,true,,12444,136,15,17,https://messenger-fe-eight.vercel.app/login,155,0,0
1768805153225,272,GET Home,200,OK,Thread Group 3 - Custom 3-11,text,true,,8705,131,15,17,https://messenger-fe-eight.vercel.app/,144,0,0
1768805153225,272,GET Login,200,OK,Thread Group 3 - Custom 3-12,text,true,,12444,136,15,17,https://messenger-fe-eight.vercel.app/login,144,0,0
1768805152823,674,GET Home,200,OK,Thread Group 2 - Heavy Load 2-12,text,true,,8705,131,2,17,https://messenger-fe-eight.vercel.app/,545,0,403
1768805153225,272,GET Login,200,OK,Thread Group 3 - Custom 3-14,text,true,,12444,136,15,17,https://messenger-fe-eight.vercel.app/login,143,0,0
1768805153268,230,GET Home,200,OK,Thread Group 3 - Custom 3-9,text,true,,8705,131,15,17,https://messenger-fe-eight.vercel.app/,134,0,0
1768805153223,276,GET Login,200,OK,Thread Group 3 - Custom 3-2,text,true,,12444,136,15,17,https://messenger-fe-eight.vercel.app/login,179,0,0
1768805153223,317,GET Login,200,OK,Thread Group 3 - Custom 3-4,text,true,,12444,136,15,17,https://messenger-fe-eight.vercel.app/login,192,0,0
1768805153416,173,GET Home,200,OK,Thread Group 3 - Custom 3-7,text,true,,8705,131,15,17,https://messenger-fe-eight.vercel.app/,171,0,0
1768805153274,346,GET Login,200,OK,Thread Group 3 - Custom 3-3,text,true,,12444,136,15,17,https://messenger-fe-eight.vercel.app/login,223,0,0
1768805153354,266,GET Login,200,OK,Thread Group 3 - Custom 3-8,text,true,,12444,136,15,17,https://messenger-fe-eight.vercel.app/login,152,0,0
1768805153347,320,GET Login,200,OK,Thread Group 3 - Custom 3-5,text,true,,12444,136,15,17,https://messenger-fe-eight.vercel.app/login,151,0,0
1768805153373,304,GET Login,200,OK,Thread Group 3 - Custom 3-13,text,true,,12444,136,15,17,https://messenger-fe-eight.vercel.app/login,125,0,0
1768805153354,323,GET Home,200,OK,Thread Group 3 - Custom 3-10,text,true,,8705,131,15,17,https://messenger-fe-eight.vercel.app/,144,0,0
1768805153497,183,GET Home,200,OK,Thread Group 3 - Custom 3-14,text,true,,8705,131,15,17,https://messenger-fe-eight.vercel.app/,180,0,0
1768805153499,199,GET Login,200,OK,Thread Group 3 - Custom 3-9,text,true,,12444,136,15,17,https://messenger-fe-eight.vercel.app/login,181,0,0
1768805153497,218,GET Home,200,OK,Thread Group 3 - Custom 3-12,text,true,,8705,131,15,17,https://messenger-fe-eight.vercel.app/,196,0,0
1768805153499,239,GET Home,200,OK,Thread Group 3 - Custom 3-2,text,true,,8705,131,16,18,https://messenger-fe-eight.vercel.app/,194,0,0
1768805153541,226,GET Home,200,OK,Thread Group 3 - Custom 3-4,text,true,,8705,131,16,18,https://messenger-fe-eight.vercel.app/,152,0,0
1768805153497,287,GET Login,200,OK,Thread Group 2 - Heavy Load 2-12,text,true,,12444,136,2,18,https://messenger-fe-eight.vercel.app/login,183,0,0
1768805153497,287,GET Login,200,OK,Thread Group 3 - Custom 3-6,text,true,,12444,136,16,18,https://messenger-fe-eight.vercel.app/login,196,0,0
1768805153497,287,GET Login,200,OK,Thread Group 3 - Custom 3-11,text,true,,12444,136,16,18,https://messenger-fe-eight.vercel.app/login,180,0,0
1768805153497,305,GET Home,200,OK,Thread Group 3 - Custom 3-1,text,true,,8705,131,16,17,https://messenger-fe-eight.vercel.app/,201,0,0
1768805153680,134,GET Login,200,OK,Thread Group 3 - Custom 3-14,text,true,,12444,136,16,17,https://messenger-fe-eight.vercel.app/login,121,0,0
1768805153590,235,GET Login,200,OK,Thread Group 3 - Custom 3-7,text,true,,12444,136,16,17,https://messenger-fe-eight.vercel.app/login,124,0,0
1768805153699,161,GET Home,200,OK,Thread Group 3 - Custom 3-9,text,true,,8705,131,16,17,https://messenger-fe-eight.vercel.app/,127,0,0
1768805153621,239,GET Home,200,OK,Thread Group 3 - Custom 3-8,text,true,,8705,131,16,17,https://messenger-fe-eight.vercel.app/,163,0,0
1768805153668,214,GET Home,200,OK,Thread Group 3 - Custom 3-5,text,true,,8705,131,16,17,https://messenger-fe-eight.vercel.app/,158,0,0
1768805153677,205,GET Login,200,OK,Thread Group 3 - Custom 3-10,text,true,,12444,136,16,17,https://messenger-fe-eight.vercel.app/login,124,0,0
1768805153784,120,GET Home,200,OK,Thread Group 3 - Custom 3-11,text,true,,8705,131,16,17,https://messenger-fe-eight.vercel.app/,107,0,0
1768805153715,239,GET Login,200,OK,Thread Group 3 - Custom 3-12,text,true,,12444,136,16,17,https://messenger-fe-eight.vercel.app/login,145,0,0
1768805153784,198,GET Home,200,OK,Thread Group 3 - Custom 3-6,text,true,,8705,131,16,17,https://messenger-fe-eight.vercel.app/,170,0,0
1768805153621,362,GET Home,200,OK,Thread Group 3 - Custom 3-3,text,true,,8705,131,16,17,https://messenger-fe-eight.vercel.app/,239,0,0
1768805153226,756,GET Home,200,OK,Thread Group 3 - Custom 3-15,text,true,,8705,131,16,17,https://messenger-fe-eight.vercel.app/,573,0,445
1768805153677,308,GET Home,200,OK,Thread Group 3 - Custom 3-13,text,true,,8705,131,16,17,https://messenger-fe-eight.vercel.app/,137,0,0
1768805153419,567,GET Home,200,OK,Thread Group 2 - Heavy Load 2-13,text,true,,8705,131,1,17,https://messenger-fe-eight.vercel.app/,448,0,294
1768805153738,248,GET Login,200,OK,Thread Group 3 - Custom 3-2,text,true,,12444,136,16,17,https://messenger-fe-eight.vercel.app/login,144,0,0
1768805153815,204,GET Home,200,OK,Thread Group 3 - Custom 3-14,text,true,,8705,131,16,18,https://messenger-fe-eight.vercel.app/,203,0,0
1768805153767,316,GET Login,200,OK,Thread Group 3 - Custom 3-4,text,true,,12444,136,16,18,https://messenger-fe-eight.vercel.app/login,187,0,0
1768805153882,226,GET Login,200,OK,Thread Group 3 - Custom 3-5,text,true,,12444,136,16,18,https://messenger-fe-eight.vercel.app/login,137,0,0
1768805153861,261,GET Login,200,OK,Thread Group 3 - Custom 3-8,text,true,,12444,136,16,18,https://messenger-fe-eight.vercel.app/login,159,0,0
1768805153954,203,GET Home,200,OK,Thread Group 3 - Custom 3-12,text,true,,8705,131,16,18,https://messenger-fe-eight.vercel.app/,139,0,0
1768805153904,318,GET Login,200,OK,Thread Group 3 - Custom 3-11,text,true,,12444,136,16,18,https://messenger-fe-eight.vercel.app/login,116,0,0
1768805153882,341,GET Home,200,OK,Thread Group 3 - Custom 3-10,text,true,,8705,131,16,18,https://messenger-fe-eight.vercel.app/,137,0,0
1768805153825,398,GET Home,200,OK,Thread Group 3 - Custom 3-7,text,true,,8705,131,16,18,https://messenger-fe-eight.vercel.app/,194,0,0
1768805153986,237,GET Home,200,OK,Thread Group 3 - Custom 3-2,text,true,,8705,131,16,18,https://messenger-fe-eight.vercel.app/,172,0,0
1768805153861,362,GET Login,200,OK,Thread Group 3 - Custom 3-9,text,true,,12444,136,16,18,https://messenger-fe-eight.vercel.app/login,158,0,0
1768805153802,423,GET Login,200,OK,Thread Group 3 - Custom 3-1,text,true,,12444,136,16,18,https://messenger-fe-eight.vercel.app/login,281,0,0
1768805153982,270,GET Login,200,OK,Thread Group 3 - Custom 3-6,text,true,,12444,136,17,19,https://messenger-fe-eight.vercel.app/login,175,0,0
1768805153986,277,GET Login,200,OK,Thread Group 2 - Heavy Load 2-13,text,true,,12444,136,2,19,https://messenger-fe-eight.vercel.app/login,151,0,0
1768805153986,277,GET Login,200,OK,Thread Group 3 - Custom 3-13,text,true,,12444,136,17,19,https://messenger-fe-eight.vercel.app/login,146,0,0
1768805153985,282,GET Login,200,OK,Thread Group 3 - Custom 3-15,text,true,,12444,136,17,18,https://messenger-fe-eight.vercel.app/login,170,0,0
1768805154110,207,GET Home,200,OK,Thread Group 3 - Custom 3-5,text,true,,8705,131,17,18,https://messenger-fe-eight.vercel.app/,152,0,0
1768805153983,350,GET Login,200,OK,Thread Group 3 - Custom 3-3,text,true,,12444,136,17,18,https://messenger-fe-eight.vercel.app/login,181,0,0
1768805154019,321,GET Login,200,OK,Thread Group 3 - Custom 3-14,text,true,,12444,136,17,18,https://messenger-fe-eight.vercel.app/login,233,0,0
1768805154085,265,GET Home,200,OK,Thread Group 3 - Custom 3-4,text,true,,8705,131,17,18,https://messenger-fe-eight.vercel.app/,198,0,0
1768805153727,636,GET Home,200,OK,Thread Group 3 - Custom 3-16,text,true,,8705,131,17,18,https://messenger-fe-eight.vercel.app/,525,0,282
1768805154224,139,GET Home,200,OK,Thread Group 3 - Custom 3-9,text,true,,8705,131,17,18,https://messenger-fe-eight.vercel.app/,129,0,0
1768805154122,248,GET Home,200,OK,Thread Group 3 - Custom 3-8,text,true,,8705,131,17,18,https://messenger-fe-eight.vercel.app/,195,0,0
1768805154158,245,GET Login,200,OK,Thread Group 3 - Custom 3-12,text,true,,12444,136,17,18,https://messenger-fe-eight.vercel.app/login,159,0,0
1768805154267,136,GET Home,200,OK,Thread Group 3 - Custom 3-15,text,true,,8705,131,17,18,https://messenger-fe-eight.vercel.app/,113,0,0
1768805154224,209,GET Login,200,OK,Thread Group 3 - Custom 3-10,text,true,,12444,136,17,18,https://messenger-fe-eight.vercel.app/login,146,0,0
1768805154224,216,GET Home,200,OK,Thread Group 3 - Custom 3-11,text,true,,8705,131,17,18,https://messenger-fe-eight.vercel.app/,156,0,0
1768805154264,196,GET Home,200,OK,Thread Group 3 - Custom 3-13,text,true,,8705,131,17,18,https://messenger-fe-eight.vercel.app/,139,0,0
1768805154252,228,GET Home,200,OK,Thread Group 3 - Custom 3-6,text,true,,8705,131,17,18,https://messenger-fe-eight.vercel.app/,151,0,0
1768805154224,284,GET Login,200,OK,Thread Group 3 - Custom 3-2,text,true,,12444,136,17,18,https://messenger-fe-eight.vercel.app/login,156,0,0
1768805154225,284,GET Home,200,OK,Thread Group 3 - Custom 3-1,text,true,,8705,131,17,18,https://messenger-fe-eight.vercel.app/,182,0,0
1768805154404,148,GET Login,200,OK,Thread Group 3 - Custom 3-15,text,true,,12444,136,17,18,https://messenger-fe-eight.vercel.app/login,105,0,0
1768805154318,257,GET Login,200,OK,Thread Group 3 - Custom 3-5,text,true,,12444,136,17,18,https://messenger-fe-eight.vercel.app/login,190,0,0
1768805154334,265,GET Home,200,OK,Thread Group 3 - Custom 3-3,text,true,,8705,131,17,18,https://messenger-fe-eight.vercel.app/,175,0,0
1768805154341,258,GET Home,200,OK,Thread Group 3 - Custom 3-14,text,true,,8705,131,17,18,https://messenger-fe-eight.vercel.app/,138,0,0
1768805154363,239,GET Login,200,OK,Thread Group 3 - Custom 3-9,text,true,,12444,136,17,18,https://messenger-fe-eight.vercel.app/login,134,0,0
1768805154370,232,GET Login,200,OK,Thread Group 3 - Custom 3-8,text,true,,12444,136,17,18,https://messenger-fe-eight.vercel.app/login,139,0,0
1768805154404,225,GET Home,200,OK,Thread Group 3 - Custom 3-12,text,true,,8705,131,17,19,https://messenger-fe-eight.vercel.app/,124,0,0
1768805154019,610,GET Home,200,OK,Thread Group 2 - Heavy Load 2-14,text,true,,8705,131,2,19,https://messenger-fe-eight.vercel.app/,487,0,354
1768805154363,266,GET Login,200,OK,Thread Group 3 - Custom 3-16,text,true,,12444,136,17,19,https://messenger-fe-eight.vercel.app/login,145,0,0
1768805154352,289,GET Login,200,OK,Thread Group 3 - Custom 3-4,text,true,,12444,136,17,19,https://messenger-fe-eight.vercel.app/login,157,0,0
1768805154224,434,GET Login,200,OK,Thread Group 3 - Custom 3-7,text,true,,12444,136,17,19,https://messenger-fe-eight.vercel.app/login,199,0,0
1768805154433,233,GET Home,200,OK,Thread Group 3 - Custom 3-10,text,true,,8705,131,17,19,https://messenger-fe-eight.vercel.app/,142,0,0
1768805154440,244,GET Login,200,OK,Thread Group 3 - Custom 3-11,text,true,,12444,136,17,19,https://messenger-fe-eight.vercel.app/login,136,0,0
1768805154552,153,GET Home,200,OK,Thread Group 3 - Custom 3-15,text,true,,8705,131,17,19,https://messenger-fe-eight.vercel.app/,129,0,0
1768805154460,267,GET Login,200,OK,Thread Group 3 - Custom 3-13,text,true,,12444,136,17,19,https://messenger-fe-eight.vercel.app/login,176,0,0
1768805154480,254,GET Login,200,OK,Thread Group 3 - Custom 3-6,text,true,,12444,136,18,20,https://messenger-fe-eight.vercel.app/login,161,0,0
1768805154599,138,GET Login,200,OK,Thread Group 3 - Custom 3-14,text,true,,12444,136,18,20,https://messenger-fe-eight.vercel.app/login,124,0,0
1768805154629,150,GET Login,200,OK,Thread Group 2 - Heavy Load 2-14,text,true,,12444,136,2,20,https://messenger-fe-eight.vercel.app/login,105,0,0
1768805154603,193,GET Home,200,OK,Thread Group 3 - Custom 3-8,text,true,,8705,131,18,19,https://messenger-fe-eight.vercel.app/,143,0,0
1768805154508,296,GET Home,200,OK,Thread Group 3 - Custom 3-2,text,true,,8705,131,18,19,https://messenger-fe-eight.vercel.app/,238,0,0
1768805154603,213,GET Home,200,OK,Thread Group 3 - Custom 3-9,text,true,,8705,131,18,19,https://messenger-fe-eight.vercel.app/,124,0,0
1768805154227,589,GET Home,200,OK,Thread Group 3 - Custom 3-17,text,true,,8705,131,18,19,https://messenger-fe-eight.vercel.app/,506,0,376
1768805154575,241,GET Home,200,OK,Thread Group 3 - Custom 3-5,text,true,,8705,131,18,19,https://messenger-fe-eight.vercel.app/,152,0,0
1768805154629,230,GET Home,200,OK,Thread Group 3 - Custom 3-16,text,true,,8705,131,18,19,https://messenger-fe-eight.vercel.app/,117,0,0
1768805154629,230,GET Login,200,OK,Thread Group 3 - Custom 3-12,text,true,,12444,136,18,19,https://messenger-fe-eight.vercel.app/login,134,0,0
1768805154509,367,GET Login,200,OK,Thread Group 3 - Custom 3-1,text,true,,12444,136,18,19,https://messenger-fe-eight.vercel.app/login,195,0,0
1768805154666,211,GET Login,200,OK,Thread Group 3 - Custom 3-10,text,true,,12444,136,18,19,https://messenger-fe-eight.vercel.app/login,138,0,0
1768805154641,247,GET Home,200,OK,Thread Group 3 - Custom 3-4,text,true,,8705,131,18,19,https://messenger-fe-eight.vercel.app/,175,0,0
1768805154684,204,GET Home,200,OK,Thread Group 3 - Custom 3-11,text,true,,8705,131,18,19,https://messenger-fe-eight.vercel.app/,155,0,0
1768805154599,303,GET Login,200,OK,Thread Group 3 - Custom 3-3,text,true,,12444,136,18,19,https://messenger-fe-eight.vercel.app/login,164,0,0
1768805154727,190,GET Home,200,OK,Thread Group 3 - Custom 3-13,text,true,,8705,131,18,19,https://messenger-fe-eight.vercel.app/,149,0,0
1768805154705,225,GET Login,200,OK,Thread Group 3 - Custom 3-15,text,true,,12444,136,18,19,https://messenger-fe-eight.vercel.app/login,126,0,0
1768805154734,219,GET Home,200,OK,Thread Group 3 - Custom 3-6,text,true,,8705,131,18,19,https://messenger-fe-eight.vercel.app/,160,0,0
1768805154658,310,GET Home,200,OK,Thread Group 3 - Custom 3-7,text,true,,8705,131,18,19,https://messenger-fe-eight.vercel.app/,182,0,0
1768805154737,242,GET Home,200,OK,Thread Group 3 - Custom 3-14,text,true,,8705,131,18,19,https://messenger-fe-eight.vercel.app/,139,0,0
1768805154796,237,GET Login,200,OK,Thread Group 3 - Custom 3-8,text,true,,12444,136,18,19,https://messenger-fe-eight.vercel.app/login,143,0,0
1768805154816,217,GET Login,200,OK,Thread Group 3 - Custom 3-17,text,true,,12444,136,18,19,https://messenger-fe-eight.vercel.app/login,123,0,0
1768805154804,229,GET Login,200,OK,Thread Group 3 - Custom 3-2,text,true,,12444,136,18,19,https://messenger-fe-eight.vercel.app/login,131,0,0
1768805154859,187,GET Home,200,OK,Thread Group 3 - Custom 3-12,text,true,,8705,131,18,19,https://messenger-fe-eight.vercel.app/,143,0,0
1768805154930,116,GET Home,200,OK,Thread Group 3 - Custom 3-15,text,true,,8705,131,18,19,https://messenger-fe-eight.vercel.app/,103,0,0
1768805154816,255,GET Login,200,OK,Thread Group 3 - Custom 3-5,text,true,,12444,136,18,19,https://messenger-fe-eight.vercel.app/login,159,0,0
1768805154877,194,GET Home,200,OK,Thread Group 3 - Custom 3-10,text,true,,8705,131,18,19,https://messenger-fe-eight.vercel.app/,137,0,0
1768805154620,453,GET Home,200,OK,Thread Group 2 - Heavy Load 2-15,text,true,,8705,131,1,19,https://messenger-fe-eight.vercel.app/,355,0,246
1768805154859,237,GET Login,200,OK,Thread Group 3 - Custom 3-16,text,true,,12444,136,18,19,https://messenger-fe-eight.vercel.app/login,132,0,0
1768805154816,312,GET Login,200,OK,Thread Group 3 - Custom 3-9,text,true,,12444,136,18,19,https://messenger-fe-eight.vercel.app/login,175,0,0
1768805154876,254,GET Home,200,OK,Thread Group 3 - Custom 3-1,text,true,,8705,131,18,19,https://messenger-fe-eight.vercel.app/,163,0,0
1768805154902,239,GET Home,200,OK,Thread Group 3 - Custom 3-3,text,true,,8705,131,18,19,https://messenger-fe-eight.vercel.app/,171,0,0
1768805154917,258,GET Login,200,OK,Thread Group 3 - Custom 3-13,text,true,,12444,136,18,19,https://messenger-fe-eight.vercel.app/login,156,0,0
1768805154888,303,GET Login,200,OK,Thread Group 3 - Custom 3-4,text,true,,12444,136,18,19,https://messenger-fe-eight.vercel.app/login,183,0,0
1768805154888,303,GET Login,200,OK,Thread Group 3 - Custom 3-11,text,true,,12444,136,18,19,https://messenger-fe-eight.vercel.app/login,194,0,0
1768805154979,213,GET Login,200,OK,Thread Group 3 - Custom 3-14,text,true,,12444,136,18,19,https://messenger-fe-eight.vercel.app/login,109,0,0
1768805154953,251,GET Login,200,OK,Thread Group 3 - Custom 3-6,text,true,,12444,136,18,19,https://messenger-fe-eight.vercel.app/login,160,0,0
1768805155033,232,GET Home,200,OK,Thread Group 3 - Custom 3-8,text,true,,8705,131,19,21,https://messenger-fe-eight.vercel.app/,172,0,0
1768805155046,251,GET Login,200,OK,Thread Group 3 - Custom 3-12,text,true,,12444,136,19,21,https://messenger-fe-eight.vercel.app/login,158,0,0
1768805155071,244,GET Login,200,OK,Thread Group 3 - Custom 3-10,text,true,,12444,136,19,21,https://messenger-fe-eight.vercel.app/login,125,0,0
1768805155096,219,GET Home,200,OK,Thread Group 3 - Custom 3-16,text,true,,8705,131,19,21,https://messenger-fe-eight.vercel.app/,114,0,0
1768805155071,245,GET Home,200,OK,Thread Group 3 - Custom 3-5,text,true,,8705,131,19,21,https://messenger-fe-eight.vercel.app/,133,0,0
1768805154729,587,GET Home,200,OK,Thread Group 3 - Custom 3-18,text,true,,8705,131,19,21,https://messenger-fe-eight.vercel.app/,462,0,305
1768805155033,284,GET Home,200,OK,Thread Group 3 - Custom 3-17,text,true,,8705,131,19,21,https://messenger-fe-eight.vercel.app/,160,0,0
1768805155046,271,GET Login,200,OK,Thread Group 3 - Custom 3-15,text,true,,12444,136,19,21,https://messenger-fe-eight.vercel.app/login,139,0,0
1768805155033,282,GET Home,200,OK,Thread Group 3 - Custom 3-2,text,true,,8705,131,19,21,https://messenger-fe-eight.vercel.app/,171,0,0
1768805155073,244,GET Login,200,OK,Thread Group 2 - Heavy Load 2-15,text,true,,12444,136,2,21,https://messenger-fe-eight.vercel.app/login,124,0,0
1768805155129,228,GET Home,200,OK,Thread Group 3 - Custom 3-9,text,true,,8705,131,19,20,https://messenger-fe-eight.vercel.app/,168,0,0
1768805154968,434,GET Login,200,OK,Thread Group 3 - Custom 3-7,text,true,,12444,136,19,20,https://messenger-fe-eight.vercel.app/login,224,0,0
1768805155191,239,GET Home,200,OK,Thread Group 3 - Custom 3-11,text,true,,8705,131,19,20,https://messenger-fe-eight.vercel.app/,149,0,0
1768805155191,240,GET Home,200,OK,Thread Group 3 - Custom 3-4,text,true,,8705,131,19,20,https://messenger-fe-eight.vercel.app/,160,0,0
1768805155205,226,GET Home,200,OK,Thread Group 3 - Custom 3-6,text,true,,8705,131,19,20,https://messenger-fe-eight.vercel.app/,135,0,0
1768805155175,256,GET Home,200,OK,Thread Group 3 - Custom 3-13,text,true,,8705,131,19,20,https://messenger-fe-eight.vercel.app/,165,0,0
1768805155192,240,GET Home,200,OK,Thread Group 3 - Custom 3-14,text,true,,8705,131,19,20,https://messenger-fe-eight.vercel.app/,128,0,0
1768805155130,318,GET Login,200,OK,Thread Group 3 - Custom 3-1,text,true,,12444,136,19,20,https://messenger-fe-eight.vercel.app/login,167,0,0
1768805155317,174,GET Home,200,OK,Thread Group 3 - Custom 3-15,text,true,,8705,131,19,20,https://messenger-fe-eight.vercel.app/,131,0,0
1768805155141,350,GET Login,200,OK,Thread Group 3 - Custom 3-3,text,true,,12444,136,19,20,https://messenger-fe-eight.vercel.app/login,184,0,0
1768805155297,221,GET Home,200,OK,Thread Group 3 - Custom 3-12,text,true,,8705,131,19,20,https://messenger-fe-eight.vercel.app/,151,0,0
1768805155265,258,GET Login,200,OK,Thread Group 3 - Custom 3-8,text,true,,12444,136,19,20,https://messenger-fe-eight.vercel.app/login,159,0,0
1768805155317,228,GET Login,200,OK,Thread Group 3 - Custom 3-17,text,true,,12444,136,19,20,https://messenger-fe-eight.vercel.app/login,131,0,0
1768805155316,229,GET Home,200,OK,Thread Group 3 - Custom 3-10,text,true,,8705,131,19,20,https://messenger-fe-eight.vercel.app/,175,0,0
1768805155316,229,GET Login,200,OK,Thread Group 3 - Custom 3-18,text,true,,12444,136,19,20,https://messenger-fe-eight.vercel.app/login,132,0,0
1768805155316,229,GET Login,200,OK,Thread Group 3 - Custom 3-16,text,true,,12444,136,19,20,https://messenger-fe-eight.vercel.app/login,175,0,0
1768805155316,240,GET Login,200,OK,Thread Group 3 - Custom 3-5,text,true,,12444,136,19,20,https://messenger-fe-eight.vercel.app/login,175,0,0
1768805155319,261,GET Login,200,OK,Thread Group 3 - Custom 3-2,text,true,,12444,136,19,20,https://messenger-fe-eight.vercel.app/login,173,0,0
1768805155432,226,GET Login,200,OK,Thread Group 3 - Custom 3-14,text,true,,12444,136,19,20,https://messenger-fe-eight.vercel.app/login,148,0,0
1768805155432,280,GET Login,200,OK,Thread Group 3 - Custom 3-6,text,true,,12444,136,19,20,https://messenger-fe-eight.vercel.app/login,165,0,0
1768805155432,280,GET Login,200,OK,Thread Group 3 - Custom 3-13,text,true,,12444,136,19,20,https://messenger-fe-eight.vercel.app/login,148,0,0
1768805155431,293,GET Login,200,OK,Thread Group 3 - Custom 3-11,text,true,,12444,136,19,20,https://messenger-fe-eight.vercel.app/login,166,0,0
1768805155357,367,GET Login,200,OK,Thread Group 3 - Custom 3-9,text,true,,12444,136,19,20,https://messenger-fe-eight.vercel.app/login,223,0,0
1768805155448,276,GET Home,200,OK,Thread Group 3 - Custom 3-1,text,true,,8705,131,19,20,https://messenger-fe-eight.vercel.app/,165,0,0
1768805155491,233,GET Login,200,OK,Thread Group 3 - Custom 3-15,text,true,,12444,136,19,20,https://messenger-fe-eight.vercel.app/login,108,0,0
1768805155402,322,GET Home,200,OK,Thread Group 3 - Custom 3-7,text,true,,8705,131,19,20,https://messenger-fe-eight.vercel.app/,195,0,0
1768805155545,179,GET Home,200,OK,Thread Group 3 - Custom 3-17,text,true,,8705,131,19,20,https://messenger-fe-eight.vercel.app/,179,0,0
1768805155432,299,GET Login,200,OK,Thread Group 3 - Custom 3-4,text,true,,12444,136,20,21,https://messenger-fe-eight.vercel.app/login,181,0,0
1768805155519,231,GET Login,200,OK,Thread Group 3 - Custom 3-12,text,true,,12444,136,20,21,https://messenger-fe-eight.vercel.app/login,193,0,0
1768805155491,262,GET Home,200,OK,Thread Group 3 - Custom 3-3,text,true,,8705,131,20,21,https://messenger-fe-eight.vercel.app/,221,0,0
1768805155545,213,GET Home,200,OK,Thread Group 3 - Custom 3-16,text,true,,8705,131,20,21,https://messenger-fe-eight.vercel.app/,179,0,0
1768805155556,235,GET Home,200,OK,Thread Group 3 - Custom 3-5,text,true,,8705,131,20,21,https://messenger-fe-eight.vercel.app/,168,0,0
1768805155545,246,GET Login,200,OK,Thread Group 3 - Custom 3-10,text,true,,12444,136,20,21,https://messenger-fe-eight.vercel.app/login,179,0,0
1768805155545,278,GET Home,200,OK,Thread Group 3 - Custom 3-18,text,true,,8705,131,20,22,https://messenger-fe-eight.vercel.app/,179,0,0
1768805155523,300,GET Home,200,OK,Thread Group 3 - Custom 3-8,text,true,,8705,131,20,22,https://messenger-fe-eight.vercel.app/,201,0,0
1768805155580,243,GET Home,200,OK,Thread Group 3 - Custom 3-2,text,true,,8705,131,20,22,https://messenger-fe-eight.vercel.app/,170,0,0
1768805155220,603,GET Home,200,OK,Thread Group 2 - Heavy Load 2-16,text,true,,8705,131,2,22,https://messenger-fe-eight.vercel.app/,503,0,326
1768805155231,592,GET Home,200,OK,Thread Group 3 - Custom 3-19,text,true,,8705,131,20,22,https://messenger-fe-eight.vercel.app/,492,0,315
1768805155712,201,GET Home,200,OK,Thread Group 3 - Custom 3-6,text,true,,8705,131,20,22,https://messenger-fe-eight.vercel.app/,143,0,0
1768805155712,213,GET Home,200,OK,Thread Group 3 - Custom 3-13,text,true,,8705,131,20,22,https://messenger-fe-eight.vercel.app/,151,0,0
1768805155750,189,GET Home,200,OK,Thread Group 3 - Custom 3-12,text,true,,8705,131,20,22,https://messenger-fe-eight.vercel.app/,137,0,0
1768805155724,215,GET Home,200,OK,Thread Group 3 - Custom 3-11,text,true,,8705,131,20,22,https://messenger-fe-eight.vercel.app/,139,0,0
1768805155724,221,GET Home,200,OK,Thread Group 3 - Custom 3-9,text,true,,8705,131,20,22,https://messenger-fe-eight.vercel.app/,163,0,0
1768805155823,144,GET Login,200,OK,Thread Group 3 - Custom 3-18,text,true,,12444,136,20,22,https://messenger-fe-eight.vercel.app/login,116,0,0
1768805155791,201,GET Home,200,OK,Thread Group 3 - Custom 3-10,text,true,,8705,131,20,22,https://messenger-fe-eight.vercel.app/,148,0,0
1768805155658,358,GET Home,200,OK,Thread Group 3 - Custom 3-14,text,true,,8705,131,20,22,https://messenger-fe-eight.vercel.app/,205,0,0
1768805155731,285,GET Home,200,OK,Thread Group 3 - Custom 3-4,text,true,,8705,131,20,22,https://messenger-fe-eight.vercel.app/,156,0,0
1768805155758,258,GET Login,200,OK,Thread Group 3 - Custom 3-16,text,true,,12444,136,20,22,https://messenger-fe-eight.vercel.app/login,155,0,0
1768805155724,292,GET Login,200,OK,Thread Group 3 - Custom 3-17,text,true,,12444,136,20,22,https://messenger-fe-eight.vercel.app/login,120,0,0
1768805155724,292,GET Login,200,OK,Thread Group 3 - Custom 3-1,text,true,,12444,136,20,22,https://messenger-fe-eight.vercel.app/login,163,0,0
1768805155724,292,GET Home,200,OK,Thread Group 3 - Custom 3-15,text,true,,8705,131,20,22,https://messenger-fe-eight.vercel.app/,131,0,0
1768805155753,269,GET Login,200,OK,Thread Group 3 - Custom 3-3,text,true,,12444,136,20,22,https://messenger-fe-eight.vercel.app/login,147,0,0
1768805155791,256,GET Login,200,OK,Thread Group 3 - Custom 3-5,text,true,,12444,136,20,22,https://messenger-fe-eight.vercel.app/login,154,0,0
1768805155823,224,GET Login,200,OK,Thread Group 3 - Custom 3-19,text,true,,12444,136,20,22,https://messenger-fe-eight.vercel.app/login,116,0,0
1768805155823,224,GET Login,200,OK,Thread Group 2 - Heavy Load 2-16,text,true,,12444,136,2,22,https://messenger-fe-eight.vercel.app/login,116,0,0
1768805155823,284,GET Login,200,OK,Thread Group 3 - Custom 3-8,text,true,,12444,136,20,21,https://messenger-fe-eight.vercel.app/login,144,0,0
1768805155724,383,GET Login,200,OK,Thread Group 3 - Custom 3-7,text,true,,12444,136,20,21,https://messenger-fe-eight.vercel.app/login,167,0,0
1768805155823,284,GET Login,200,OK,Thread Group 3 - Custom 3-2,text,true,,12444,136,20,21,https://messenger-fe-eight.vercel.app/login,144,0,0
1768805155925,226,GET Login,200,OK,Thread Group 3 - Custom 3-13,text,true,,12444,136,20,21,https://messenger-fe-eight.vercel.app/login,182,0,0
1768805155913,238,GET Login,200,OK,Thread Group 3 - Custom 3-6,text,true,,12444,136,20,21,https://messenger-fe-eight.vercel.app/login,194,0,0
1768805155939,212,GET Login,200,OK,Thread Group 3 - Custom 3-12,text,true,,12444,136,20,21,https://messenger-fe-eight.vercel.app/login,168,0,0
1768805156016,140,GET Home,200,OK,Thread Group 3 - Custom 3-17,text,true,,8705,131,20,21,https://messenger-fe-eight.vercel.app/,135,0,0
1768805155968,214,GET Home,200,OK,Thread Group 3 - Custom 3-18,text,true,,8705,131,20,21,https://messenger-fe-eight.vercel.app/,194,0,0
1768805155939,253,GET Login,200,OK,Thread Group 3 - Custom 3-11,text,true,,12444,136,20,21,https://messenger-fe-eight.vercel.app/login,168,0,0
1768805155727,491,GET Home,200,OK,Thread Group 3 - Custom 3-20,text,true,,8705,131,20,21,https://messenger-fe-eight.vercel.app/,380,0,213
1768805156016,210,GET Home,200,OK,Thread Group 3 - Custom 3-16,text,true,,8705,131,20,21,https://messenger-fe-eight.vercel.app/,166,0,0
1768805155945,281,GET Login,200,OK,Thread Group 3 - Custom 3-9,text,true,,12444,136,20,21,https://messenger-fe-eight.vercel.app/login,163,0,0
1768805156047,186,GET Home,200,OK,Thread Group 3 - Custom 3-5,text,true,,8705,131,20,21,https://messenger-fe-eight.vercel.app/,145,0,0
1768805156016,235,GET Login,200,OK,Thread Group 3 - Custom 3-14,text,true,,12444,136,20,21,https://messenger-fe-eight.vercel.app/login,155,0,0
1768805156022,230,GET Home,200,OK,Thread Group 3 - Custom 3-3,text,true,,8705,131,20,21,https://messenger-fe-eight.vercel.app/,170,0,0
1768805156016,251,GET Login,200,OK,Thread Group 3 - Custom 3-15,text,true,,12444,136,20,21,https://messenger-fe-eight.vercel.app/login,166,0,0
1768805156016,268,GET Home,200,OK,Thread Group 3 - Custom 3-1,text,true,,8705,131,20,21,https://messenger-fe-eight.vercel.app/,181,0,0
1768805155820,507,GET Home,200,OK,Thread Group 2 - Heavy Load 2-17,text,true,,8705,131,1,21,https://messenger-fe-eight.vercel.app/,377,0,228
1768805156047,280,GET Home,200,OK,Thread Group 3 - Custom 3-19,text,true,,8705,131,20,21,https://messenger-fe-eight.vercel.app/,115,0,0
1768805155992,335,GET Login,200,OK,Thread Group 3 - Custom 3-10,text,true,,12444,136,20,21,https://messenger-fe-eight.vercel.app/login,174,0,0
1768805156016,311,GET Login,200,OK,Thread Group 3 - Custom 3-4,text,true,,12444,136,20,21,https://messenger-fe-eight.vercel.app/login,176,0,0
1768805156107,220,GET Home,200,OK,Thread Group 3 - Custom 3-8,text,true,,8705,131,20,21,https://messenger-fe-eight.vercel.app/,144,0,0
1768805156107,220,GET Home,200,OK,Thread Group 3 - Custom 3-2,text,true,,8705,131,20,21,https://messenger-fe-eight.vercel.app/,145,0,0
1768805156156,186,GET Login,200,OK,Thread Group 3 - Custom 3-17,text,true,,12444,136,20,21,https://messenger-fe-eight.vercel.app/login,171,0,0
1768805156151,217,GET Home,200,OK,Thread Group 3 - Custom 3-12,text,true,,8705,131,20,21,https://messenger-fe-eight.vercel.app/,176,0,0
1768805156151,227,GET Home,200,OK,Thread Group 3 - Custom 3-6,text,true,,8705,131,20,21,https://messenger-fe-eight.vercel.app/,191,0,0
1768805156107,291,GET Home,200,OK,Thread Group 3 - Custom 3-7,text,true,,8705,131,20,21,https://messenger-fe-eight.vercel.app/,177,0,0
1768805156192,207,GET Home,200,OK,Thread Group 3 - Custom 3-11,text,true,,8705,131,20,21,https://messenger-fe-eight.vercel.app/,150,0,0
1768805156151,291,GET Home,200,OK,Thread Group 3 - Custom 3-13,text,true,,8705,131,20,22,https://messenger-fe-eight.vercel.app/,191,0,0
1768805156183,259,GET Login,200,OK,Thread Group 3 - Custom 3-18,text,true,,12444,136,20,22,https://messenger-fe-eight.vercel.app/login,144,0,0
1768805156218,224,GET Login,200,OK,Thread Group 3 - Custom 3-20,text,true,,12444,136,20,22,https://messenger-fe-eight.vercel.app/login,124,0,0
1768805156251,192,GET Home,200,OK,Thread Group 3 - Custom 3-14,text,true,,8705,131,20,22,https://messenger-fe-eight.vercel.app/,147,0,0
1768805156227,216,GET Login,200,OK,Thread Group 3 - Custom 3-16,text,true,,12444,136,20,22,https://messenger-fe-eight.vercel.app/login,141,0,0
1768805156227,224,GET Home,200,OK,Thread Group 3 - Custom 3-9,text,true,,8705,131,20,22,https://messenger-fe-eight.vercel.app/,142,0,0
1768805156234,245,GET Login,200,OK,Thread Group 3 - Custom 3-5,text,true,,12444,136,20,22,https://messenger-fe-eight.vercel.app/login,144,0,0
1768805156327,183,GET Home,200,OK,Thread Group 3 - Custom 3-10,text,true,,8705,131,20,22,https://messenger-fe-eight.vercel.app/,152,0,0
1768805156252,260,GET Login,200,OK,Thread Group 3 - Custom 3-3,text,true,,12444,136,20,22,https://messenger-fe-eight.vercel.app/login,146,0,0
1768805156342,206,GET Home,200,OK,Thread Group 3 - Custom 3-17,text,true,,8705,131,20,22,https://messenger-fe-eight.vercel.app/,110,0,0
1768805156327,221,GET Login,200,OK,Thread Group 3 - Custom 3-19,text,true,,12444,136,20,22,https://messenger-fe-eight.vercel.app/login,132,0,0
1768805156327,221,GET Login,200,OK,Thread Group 2 - Heavy Load 2-17,text,true,,12444,136,2,22,https://messenger-fe-eight.vercel.app/login,124,0,0
1768805156327,242,GET Login,200,OK,Thread Group 3 - Custom 3-8,text,true,,12444,136,20,21,https://messenger-fe-eight.vercel.app/login,152,0,0
1768805156369,208,GET Login,200,OK,Thread Group 3 - Custom 3-12,text,true,,12444,136,20,21,https://messenger-fe-eight.vercel.app/login,132,0,0
1768805156327,250,GET Login,200,OK,Thread Group 3 - Custom 3-2,text,true,,12444,136,20,21,https://messenger-fe-eight.vercel.app/login,152,0,0
1768805156267,344,GET Home,200,OK,Thread Group 3 - Custom 3-15,text,true,,8705,131,20,21,https://messenger-fe-eight.vercel.app/,252,0,0
1768805156327,284,GET Home,200,OK,Thread Group 3 - Custom 3-4,text,true,,8705,131,20,21,https://messenger-fe-eight.vercel.app/,182,0,0
1768805156378,234,GET Login,200,OK,Thread Group 3 - Custom 3-6,text,true,,12444,136,20,21,https://messenger-fe-eight.vercel.app/login,149,0,0
1768805156443,191,GET Home,200,OK,Thread Group 3 - Custom 3-16,text,true,,8705,131,20,21,https://messenger-fe-eight.vercel.app/,152,0,0
1768805156284,363,GET Login,200,OK,Thread Group 3 - Custom 3-1,text,true,,12444,136,20,21,https://messenger-fe-eight.vercel.app/login,205,0,0
1768805156443,219,GET Home,200,OK,Thread Group 3 - Custom 3-20,text,true,,8705,131,20,21,https://messenger-fe-eight.vercel.app/,126,0,0
1768805156443,219,GET Home,200,OK,Thread Group 3 - Custom 3-18,text,true,,8705,131,20,21,https://messenger-fe-eight.vercel.app/,126,0,0
1768805156443,228,GET Login,200,OK,Thread Group 3 - Custom 3-14,text,true,,12444,136,20,21,https://messenger-fe-eight.vercel.app/login,152,0,0
1768805156399,279,GET Login,200,OK,Thread Group 3 - Custom 3-11,text,true,,12444,136,20,21,https://messenger-fe-eight.vercel.app/login,178,0,0
1768805156479,206,GET Home,200,OK,Thread Group 3 - Custom 3-5,text,true,,8705,131,20,21,https://messenger-fe-eight.vercel.app/,155,0,0
1768805156548,169,GET Login,200,OK,Thread Group 3 - Custom 3-17,text,true,,12444,136,20,21,https://messenger-fe-eight.vercel.app/login,123,0,0
1768805156510,207,GET Login,200,OK,Thread Group 3 - Custom 3-10,text,true,,12444,136,20,21,https://messenger-fe-eight.vercel.app/login,116,0,0
1768805156443,283,GET Login,200,OK,Thread Group 3 - Custom 3-13,text,true,,12444,136,20,21,https://messenger-fe-eight.vercel.app/login,163,0,0
1768805156451,299,GET Login,200,OK,Thread Group 3 - Custom 3-9,text,true,,12444,136,20,21,https://messenger-fe-eight.vercel.app/login,160,0,0
1768805156513,237,GET Home,200,OK,Thread Group 3 - Custom 3-3,text,true,,8705,131,20,21,https://messenger-fe-eight.vercel.app/,172,0,0
1768805156569,208,GET Home,200,OK,Thread Group 3 - Custom 3-8,text,true,,8705,131,20,21,https://messenger-fe-eight.vercel.app/,148,0,0
1768805156399,419,GET Login,200,OK,Thread Group 3 - Custom 3-7,text,true,,12444,136,20,21,https://messenger-fe-eight.vercel.app/login,223,0,0
1768805156548,271,GET Home,200,OK,Thread Group 3 - Custom 3-19,text,true,,8705,131,20,21,https://messenger-fe-eight.vercel.app/,123,0,0
1768805156578,257,GET Home,200,OK,Thread Group 3 - Custom 3-2,text,true,,8705,131,20,21,https://messenger-fe-eight.vercel.app/,172,0,0
1768805156612,224,GET Home,200,OK,Thread Group 3 - Custom 3-6,text,true,,8705,131,20,21,https://messenger-fe-eight.vercel.app/,138,0,0
1768805156612,224,GET Login,200,OK,Thread Group 3 - Custom 3-15,text,true,,12444,136,20,21,https://messenger-fe-eight.vercel.app/login,138,0,0
1768805156662,189,GET Login,200,OK,Thread Group 3 - Custom 3-20,text,true,,12444,136,20,21,https://messenger-fe-eight.vercel.app/login,174,0,0
1768805156718,141,GET Home,200,OK,Thread Group 3 - Custom 3-17,text,true,,8705,131,20,21,https://messenger-fe-eight.vercel.app/,133,0,0
1768805156634,237,GET Login,200,OK,Thread Group 3 - Custom 3-16,text,true,,12444,136,20,21,https://messenger-fe-eight.vercel.app/login,184,0,0
1768805156612,308,GET Login,200,OK,Thread Group 3 - Custom 3-4,text,true,,12444,136,20,21,https://messenger-fe-eight.vercel.app/login,166,0,0
1768805156647,277,GET Home,200,OK,Thread Group 3 - Custom 3-1,text,true,,8705,131,20,21,https://messenger-fe-eight.vercel.app/,172,0,0
1768805156577,348,GET Home,200,OK,Thread Group 3 - Custom 3-12,text,true,,8705,131,20,21,https://messenger-fe-eight.vercel.app/,274,0,0
1768805156671,256,GET Home,200,OK,Thread Group 3 - Custom 3-14,text,true,,8705,131,20,21,https://messenger-fe-eight.vercel.app/,180,0,0
1768805156718,209,GET Home,200,OK,Thread Group 3 - Custom 3-10,text,true,,8705,131,20,21,https://messenger-fe-eight.vercel.app/,141,0,0
1768805156685,272,GET Login,200,OK,Thread Group 3 - Custom 3-5,text,true,,12444,136,20,21,https://messenger-fe-eight.vercel.app/login,166,0,0
1768805156662,295,GET Login,200,OK,Thread Group 3 - Custom 3-18,text,true,,12444,136,20,21,https://messenger-fe-eight.vercel.app/login,174,0,0
1768805156678,279,GET Home,200,OK,Thread Group 3 - Custom 3-11,text,true,,8705,131,20,21,https://messenger-fe-eight.vercel.app/,173,0,0
1768805156726,242,GET Home,200,OK,Thread Group 3 - Custom 3-13,text,true,,8705,131,20,21,https://messenger-fe-eight.vercel.app/,198,0,0
1768805156750,271,GET Home,200,OK,Thread Group 3 - Custom 3-9,text,true,,8705,131,20,22,https://messenger-fe-eight.vercel.app/,192,0,0
1768805156777,244,GET Login,200,OK,Thread Group 3 - Custom 3-8,text,true,,12444,136,20,22,https://messenger-fe-eight.vercel.app/login,151,0,0
1768805156836,210,GET Home,200,OK,Thread Group 3 - Custom 3-15,text,true,,8705,131,20,22,https://messenger-fe-eight.vercel.app/,185,0,0
1768805156750,315,GET Login,200,OK,Thread Group 3 - Custom 3-3,text,true,,12444,136,20,22,https://messenger-fe-eight.vercel.app/login,192,0,0
1768805156419,647,GET Home,200,OK,Thread Group 2 - Heavy Load 2-18,text,true,,8705,131,2,22,https://messenger-fe-eight.vercel.app/,508,0,332
1768805156819,248,GET Login,200,OK,Thread Group 3 - Custom 3-19,text,true,,12444,136,20,22,https://messenger-fe-eight.vercel.app/login,137,0,0
1768805156836,244,GET Login,200,OK,Thread Group 3 - Custom 3-6,text,true,,12444,136,20,22,https://messenger-fe-eight.vercel.app/login,185,0,0
1768805156836,293,GET Login,200,OK,Thread Group 3 - Custom 3-2,text,true,,12444,136,20,22,https://messenger-fe-eight.vercel.app/login,185,0,0
1768805156859,270,GET Login,200,OK,Thread Group 3 - Custom 3-17,text,true,,12444,136,20,22,https://messenger-fe-eight.vercel.app/login,129,0,0
1768805156819,310,GET Home,200,OK,Thread Group 3 - Custom 3-7,text,true,,8705,131,20,22,https://messenger-fe-eight.vercel.app/,202,0,0
1768805156851,305,GET Home,200,OK,Thread Group 3 - Custom 3-20,text,true,,8705,131,20,22,https://messenger-fe-eight.vercel.app/,170,0,0
1768805156920,270,GET Home,200,OK,Thread Group 3 - Custom 3-4,text,true,,8705,131,20,22,https://messenger-fe-eight.vercel.app/,209,0,0
1768805156957,235,GET Home,200,OK,Thread Group 3 - Custom 3-18,text,true,,8705,131,20,22,https://messenger-fe-eight.vercel.app/,114,0,0
1768805156925,267,GET Login,200,OK,Thread Group 3 - Custom 3-12,text,true,,12444,136,20,22,https://messenger-fe-eight.vercel.app/login,161,0,0
1768805156871,321,GET Home,200,OK,Thread Group 3 - Custom 3-16,text,true,,8705,131,20,22,https://messenger-fe-eight.vercel.app/,215,0,0
1768805156957,235,GET Home,200,OK,Thread Group 3 - Custom 3-5,text,true,,8705,131,20,22,https://messenger-fe-eight.vercel.app/,172,0,0
1768805156928,265,GET Login,200,OK,Thread Group 3 - Custom 3-14,text,true,,12444,136,20,22,https://messenger-fe-eight.vercel.app/login,201,0,0
1768805156928,267,GET Login,200,OK,Thread Group 3 - Custom 3-10,text,true,,12444,136,20,22,https://messenger-fe-eight.vercel.app/login,201,0,0
1768805156958,313,GET Login,200,OK,Thread Group 3 - Custom 3-11,text,true,,12444,136,20,22,https://messenger-fe-eight.vercel.app/login,171,0,0
1768805156925,346,GET Login,200,OK,Thread Group 3 - Custom 3-1,text,true,,12444,136,20,22,https://messenger-fe-eight.vercel.app/login,204,0,0
1768805156969,310,GET Login,200,OK,Thread Group 3 - Custom 3-13,text,true,,12444,136,20,22,https://messenger-fe-eight.vercel.app/login,187,0,0
1768805157066,219,GET Home,200,OK,Thread Group 3 - Custom 3-3,text,true,,8705,131,20,22,https://messenger-fe-eight.vercel.app/,159,0,0
1768805157047,267,GET Login,200,OK,Thread Group 3 - Custom 3-15,text,true,,12444,136,20,22,https://messenger-fe-eight.vercel.app/login,178,0,0
1768805157080,254,GET Home,200,OK,Thread Group 3 - Custom 3-6,text,true,,8705,131,20,22,https://messenger-fe-eight.vercel.app/,211,0,0
1768805157021,316,GET Login,200,OK,Thread Group 3 - Custom 3-9,text,true,,12444,136,20,22,https://messenger-fe-eight.vercel.app/login,204,0,0
1768805157129,233,GET Home,200,OK,Thread Group 3 - Custom 3-2,text,true,,8705,131,20,22,https://messenger-fe-eight.vercel.app/,185,0,0
1768805157129,260,GET Home,200,OK,Thread Group 3 - Custom 3-17,text,true,,8705,131,20,22,https://messenger-fe-eight.vercel.app/,142,0,0
1768805157067,322,GET Home,200,OK,Thread Group 3 - Custom 3-19,text,true,,8705,131,20,22,https://messenger-fe-eight.vercel.app/,128,0,0
1768805157021,368,GET Home,200,OK,Thread Group 3 - Custom 3-8,text,true,,8705,131,20,22,https://messenger-fe-eight.vercel.app/,174,0,0
1768805157067,322,GET Login,200,OK,Thread Group 2 - Heavy Load 2-18,text,true,,12444,136,2,22,https://messenger-fe-eight.vercel.app/login,128,0,0
1768805157192,266,GET Home,200,OK,Thread Group 3 - Custom 3-12,text,true,,8705,131,20,21,https://messenger-fe-eight.vercel.app/,243,0,0
1768805157195,289,GET Home,200,OK,Thread Group 3 - Custom 3-10,text,true,,8705,131,20,21,https://messenger-fe-eight.vercel.app/,240,0,0
1768805157271,213,GET Home,200,OK,Thread Group 3 - Custom 3-11,text,true,,8705,131,20,21,https://messenger-fe-eight.vercel.app/,164,0,0
1768805157129,369,GET Login,200,OK,Thread Group 3 - Custom 3-7,text,true,,12444,136,20,21,https://messenger-fe-eight.vercel.app/login,200,0,0
1768805157192,322,GET Login,200,OK,Thread Group 3 - Custom 3-16,text,true,,12444,136,20,21,https://messenger-fe-eight.vercel.app/login,243,0,0
1768805157193,322,GET Login,200,OK,Thread Group 3 - Custom 3-5,text,true,,12444,136,20,21,https://messenger-fe-eight.vercel.app/login,242,0,0
1768805157314,201,GET Home,200,OK,Thread Group 3 - Custom 3-15,text,true,,8705,131,20,21,https://messenger-fe-eight.vercel.app/,155,0,0
1768805157271,255,GET Home,200,OK,Thread Group 3 - Custom 3-1,text,true,,8705,131,20,21,https://messenger-fe-eight.vercel.app/,165,0,0
1768805157193,334,GET Home,200,OK,Thread Group 3 - Custom 3-14,text,true,,8705,131,20,21,https://messenger-fe-eight.vercel.app/,242,0,0
1768805157280,247,GET Home,200,OK,Thread Group 3 - Custom 3-13,text,true,,8705,131,20,21,https://messenger-fe-eight.vercel.app/,156,0,0
1768805157192,335,GET Login,200,OK,Thread Group 3 - Custom 3-18,text,true,,12444,136,20,21,https://messenger-fe-eight.vercel.app/login,206,0,0
1768805157156,371,GET Login,200,OK,Thread Group 3 - Custom 3-20,text,true,,12444,136,20,21,https://messenger-fe-eight.vercel.app/login,247,0,0
1768805157390,138,GET Login,200,OK,Thread Group 3 - Custom 3-19,text,true,,12444,136,20,21,https://messenger-fe-eight.vercel.app/login,110,0,0
1768805157285,258,GET Login,200,OK,Thread Group 3 - Custom 3-3,text,true,,12444,136,20,21,https://messenger-fe-eight.vercel.app/login,151,0,0
1768805157334,209,GET Login,200,OK,Thread Group 3 - Custom 3-6,text,true,,12444,136,20,21,https://messenger-fe-eight.vercel.app/login,124,0,0
1768805157337,225,GET Home,200,OK,Thread Group 3 - Custom 3-9,text,true,,8705,131,20,21,https://messenger-fe-eight.vercel.app/,133,0,0
1768805157191,371,GET Login,200,OK,Thread Group 3 - Custom 3-4,text,true,,12444,136,20,21,https://messenger-fe-eight.vercel.app/login,248,0,0
1768805157362,238,GET Login,200,OK,Thread Group 3 - Custom 3-2,text,true,,12444,136,20,21,https://messenger-fe-eight.vercel.app/login,138,0,0
1768805157020,606,GET Home,200,OK,Thread Group 2 - Heavy Load 2-19,text,true,,8705,131,2,22,https://messenger-fe-eight.vercel.app/,478,0,374
1768805157390,236,GET Login,200,OK,Thread Group 3 - Custom 3-17,text,true,,12444,136,20,22,https://messenger-fe-eight.vercel.app/login,110,0,0
1768805157390,236,GET Login,200,OK,Thread Group 3 - Custom 3-8,text,true,,12444,136,20,22,https://messenger-fe-eight.vercel.app/login,136,0,0
1768805157529,147,GET Home,200,OK,Thread Group 3 - Custom 3-19,text,true,,8705,131,20,22,https://messenger-fe-eight.vercel.app/,140,0,0
1768805157458,218,GET Login,200,OK,Thread Group 3 - Custom 3-12,text,true,,12444,136,20,22,https://messenger-fe-eight.vercel.app/login,141,0,0
1768805157515,198,GET Home,200,OK,Thread Group 3 - Custom 3-16,text,true,,8705,131,20,22,https://messenger-fe-eight.vercel.app/,154,0,0
1768805157484,249,GET Login,200,OK,Thread Group 3 - Custom 3-10,text,true,,12444,136,20,22,https://messenger-fe-eight.vercel.app/login,142,0,0
1768805157484,263,GET Login,200,OK,Thread Group 3 - Custom 3-11,text,true,,12444,136,20,22,https://messenger-fe-eight.vercel.app/login,163,0,0
1768805157516,232,GET Login,200,OK,Thread Group 3 - Custom 3-15,text,true,,12444,136,20,22,https://messenger-fe-eight.vercel.app/login,154,0,0
1768805157515,240,GET Home,200,OK,Thread Group 3 - Custom 3-5,text,true,,8705,131,20,22,https://messenger-fe-eight.vercel.app/,154,0,0
1768805157527,249,GET Home,200,OK,Thread Group 3 - Custom 3-18,text,true,,8705,131,20,22,https://messenger-fe-eight.vercel.app/,168,0,0
1768805157498,282,GET Home,200,OK,Thread Group 3 - Custom 3-7,text,true,,8705,131,20,22,https://messenger-fe-eight.vercel.app/,178,0,0
1768805157543,237,GET Home,200,OK,Thread Group 3 - Custom 3-6,text,true,,8705,131,20,22,https://messenger-fe-eight.vercel.app/,190,0,0
1768805157543,264,GET Home,200,OK,Thread Group 3 - Custom 3-3,text,true,,8705,131,20,22,https://messenger-fe-eight.vercel.app/,209,0,0
1768805157527,311,GET Login,200,OK,Thread Group 3 - Custom 3-13,text,true,,12444,136,20,22,https://messenger-fe-eight.vercel.app/login,186,0,0
1768805157626,212,GET Home,200,OK,Thread Group 3 - Custom 3-8,text,true,,8705,131,20,22,https://messenger-fe-eight.vercel.app/,154,0,0
1768805157563,275,GET Home,200,OK,Thread Group 3 - Custom 3-4,text,true,,8705,131,20,22,https://messenger-fe-eight.vercel.app/,189,0,0
1768805157626,212,GET Home,200,OK,Thread Group 3 - Custom 3-17,text,true,,8705,131,20,22,https://messenger-fe-eight.vercel.app/,154,0,0
1768805157563,349,GET Login,200,OK,Thread Group 3 - Custom 3-9,text,true,,12444,136,20,22,https://messenger-fe-eight.vercel.app/login,189,0,0
1768805157527,476,GET Home,200,OK,Thread Group 3 - Custom 3-20,text,true,,8705,131,20,22,https://messenger-fe-eight.vercel.app/,133,0,0
1768805157527,520,GET Login,200,OK,Thread Group 3 - Custom 3-14,text,true,,12444,136,20,22,https://messenger-fe-eight.vercel.app/login,149,0,0
1768805157527,540,GET Login,200,OK,Thread Group 3 - Custom 3-1,text,true,,12444,136,20,22,https://messenger-fe-eight.vercel.app/login,186,0,0
1768805157626,452,GET Login,200,OK,Thread Group 2 - Heavy Load 2-19,text,true,,12444,136,2,22,https://messenger-fe-eight.vercel.app/login,126,0,0
1768805157600,501,GET Home,200,OK,Thread Group 3 - Custom 3-2,text,true,,8705,131,20,21,https://messenger-fe-eight.vercel.app/,180,0,0
1768805157748,464,GET Home,200,OK,Thread Group 3 - Custom 3-15,text,true,,8705,131,20,21,https://messenger-fe-eight.vercel.app/,417,0,0
1768805157780,470,GET Login,200,OK,Thread Group 3 - Custom 3-6,text,true,,12444,136,20,22,https://messenger-fe-eight.vercel.app/login,385,0,0
1768805157676,574,GET Login,200,OK,Thread Group 3 - Custom 3-19,text,true,,12444,136,20,22,https://messenger-fe-eight.vercel.app/login,470,0,0
1768805157747,503,GET Home,200,OK,Thread Group 3 - Custom 3-11,text,true,,8705,131,20,22,https://messenger-fe-eight.vercel.app/,418,0,0
1768805158047,203,GET Home,200,OK,Thread Group 3 - Custom 3-14,text,true,,8705,131,20,22,https://messenger-fe-eight.vercel.app/,153,0,0
1768805157838,412,GET Login,200,OK,Thread Group 3 - Custom 3-17,text,true,,12444,136,20,22,https://messenger-fe-eight.vercel.app/login,327,0,0
1768805157838,416,GET Home,200,OK,Thread Group 3 - Custom 3-13,text,true,,8705,131,20,22,https://messenger-fe-eight.vercel.app/,346,0,0
1768805157838,425,GET Login,200,OK,Thread Group 3 - Custom 3-8,text,true,,12444,136,20,22,https://messenger-fe-eight.vercel.app/login,327,0,0
1768805158003,274,GET Login,200,OK,Thread Group 3 - Custom 3-20,text,true,,12444,136,20,22,https://messenger-fe-eight.vercel.app/login,181,0,0
1768805157808,469,GET Login,200,OK,Thread Group 3 - Custom 3-3,text,true,,12444,136,20,22,https://messenger-fe-eight.vercel.app/login,376,0,0
1768805157912,378,GET Home,200,OK,Thread Group 3 - Custom 3-9,text,true,,8705,131,20,22,https://messenger-fe-eight.vercel.app/,337,0,0
1768805157776,521,GET Login,200,OK,Thread Group 3 - Custom 3-18,text,true,,12444,136,20,22,https://messenger-fe-eight.vercel.app/login,399,0,0
1768805158067,238,GET Home,200,OK,Thread Group 3 - Custom 3-1,text,true,,8705,131,20,22,https://messenger-fe-eight.vercel.app/,182,0,0
1768805157780,562,GET Login,200,OK,Thread Group 3 - Custom 3-7,text,true,,12444,136,20,22,https://messenger-fe-eight.vercel.app/login,419,0,0
1768805157621,721,GET Home,200,OK,Thread Group 2 - Heavy Load 2-20,text,true,,8705,131,2,22,https://messenger-fe-eight.vercel.app/,629,0,529
1768805157838,510,GET Login,200,OK,Thread Group 3 - Custom 3-4,text,true,,12444,136,20,22,https://messenger-fe-eight.vercel.app/login,412,0,0
1768805158102,246,GET Login,200,OK,Thread Group 3 - Custom 3-2,text,true,,12444,136,20,22,https://messenger-fe-eight.vercel.app/login,148,0,0
1768805158277,119,GET Home,200,OK,Thread Group 3 - Custom 3-20,text,true,,8705,131,20,22,https://messenger-fe-eight.vercel.app/,105,0,0
1768805158250,224,GET Home,200,OK,Thread Group 3 - Custom 3-17,text,true,,8705,131,20,22,https://messenger-fe-eight.vercel.app/,146,0,0
1768805158250,223,GET Home,200,OK,Thread Group 3 - Custom 3-6,text,true,,8705,131,20,22,https://messenger-fe-eight.vercel.app/,146,0,0
1768805158213,261,GET Login,200,OK,Thread Group 3 - Custom 3-15,text,true,,12444,136,20,22,https://messenger-fe-eight.vercel.app/login,135,0,0
1768805158263,211,GET Home,200,OK,Thread Group 3 - Custom 3-8,text,true,,8705,131,20,22,https://messenger-fe-eight.vercel.app/,155,0,0
1768805158278,197,GET Home,200,OK,Thread Group 3 - Custom 3-3,text,true,,8705,131,20,22,https://messenger-fe-eight.vercel.app/,140,0,0
1768805158250,225,GET Login,200,OK,Thread Group 3 - Custom 3-14,text,true,,12444,136,20,22,https://messenger-fe-eight.vercel.app/login,140,0,0
1768805158250,256,GET Home,200,OK,Thread Group 3 - Custom 3-19,text,true,,8705,131,20,22,https://messenger-fe-eight.vercel.app/,168,0,0
1768805157733,773,GET Home,200,OK,Thread Group 3 - Custom 3-10,text,true,,8705,131,20,22,https://messenger-fe-eight.vercel.app/,572,0,0
1768805158298,213,GET Home,200,OK,Thread Group 3 - Custom 3-18,text,true,,8705,131,20,22,https://messenger-fe-eight.vercel.app/,176,0,0
1768805158254,267,GET Login,200,OK,Thread Group 3 - Custom 3-13,text,true,,12444,136,20,22,https://messenger-fe-eight.vercel.app/login,146,0,0
1768805158250,273,GET Login,200,OK,Thread Group 3 - Custom 3-11,text,true,,12444,136,20,22,https://messenger-fe-eight.vercel.app/login,168,0,0
1768805158397,148,GET Login,200,OK,Thread Group 3 - Custom 3-20,text,true,,12444,136,20,22,https://messenger-fe-eight.vercel.app/login,124,0,0
1768805158349,218,GET Home,200,OK,Thread Group 3 - Custom 3-4,text,true,,8705,131,20,22,https://messenger-fe-eight.vercel.app/,157,0,0
1768805158349,219,GET Home,200,OK,Thread Group 3 - Custom 3-2,text,true,,8705,131,20,22,https://messenger-fe-eight.vercel.app/,157,0,0
1768805158291,287,GET Login,200,OK,Thread Group 3 - Custom 3-9,text,true,,12444,136,20,22,https://messenger-fe-eight.vercel.app/login,183,0,0
1768805158342,257,GET Login,200,OK,Thread Group 2 - Heavy Load 2-20,text,true,,12444,136,2,22,https://messenger-fe-eight.vercel.app/login,133,0,0
1768805158342,264,GET Home,200,OK,Thread Group 3 - Custom 3-7,text,true,,8705,131,20,21,https://messenger-fe-eight.vercel.app/,179,0,0
1768805157676,937,GET Home,200,OK,Thread Group 3 - Custom 3-12,text,true,,8705,131,20,21,https://messenger-fe-eight.vercel.app/,720,0,0
1768805158306,333,GET Login,200,OK,Thread Group 3 - Custom 3-1,text,true,,12444,136,20,21,https://messenger-fe-eight.vercel.app/login,169,0,0
1768805157714,949,GET Login,200,OK,Thread Group 3 - Custom 3-16,text,true,,12444,136,20,21,https://messenger-fe-eight.vercel.app/login,593,0,0
1768805157756,915,GET Login,200,OK,Thread Group 3 - Custom 3-5,text,true,,12444,136,20,21,https://messenger-fe-eight.vercel.app/login,580,0,0
1768805158474,207,GET Home,200,OK,Thread Group 3 - Custom 3-15,text,true,,8705,131,20,21,https://messenger-fe-eight.vercel.app/,165,0,0
1768805158475,231,GET Home,200,OK,Thread Group 3 - Custom 3-14,text,true,,8705,131,20,21,https://messenger-fe-eight.vercel.app/,164,0,0
1768805158474,233,GET Login,200,OK,Thread Group 3 - Custom 3-17,text,true,,12444,136,20,21,https://messenger-fe-eight.vercel.app/login,165,0,0
1768805158474,233,GET Login,200,OK,Thread Group 3 - Custom 3-6,text,true,,12444,136,20,21,https://messenger-fe-eight.vercel.app/login,165,0,0
1768805158506,217,GET Login,200,OK,Thread Group 3 - Custom 3-19,text,true,,12444,136,20,21,https://messenger-fe-eight.vercel.app/login,133,0,0
1768805158474,249,GET Login,200,OK,Thread Group 3 - Custom 3-8,text,true,,12444,136,20,21,https://messenger-fe-eight.vercel.app/login,165,0,0
1768805158475,451,GET Login,200,OK,Thread Group 3 - Custom 3-3,text,true,,12444,136,20,22,https://messenger-fe-eight.vercel.app/login,164,0,0
1768805158524,407,GET Home,200,OK,Thread Group 3 - Custom 3-11,text,true,,8705,131,20,22,https://messenger-fe-eight.vercel.app/,170,0,0
1768805158546,388,GET Home,200,OK,Thread Group 3 - Custom 3-20,text,true,,8705,131,20,22,https://messenger-fe-eight.vercel.app/,135,0,0
1768805158511,423,GET Login,200,OK,Thread Group 3 - Custom 3-18,text,true,,12444,136,20,22,https://messenger-fe-eight.vercel.app/login,171,0,0
1768805158216,720,GET Home,200,OK,Thread Group 2 - Heavy Load 2-21,text,true,,8705,131,2,22,https://messenger-fe-eight.vercel.app/,496,0,390
1768805158579,357,GET Home,200,OK,Thread Group 3 - Custom 3-9,text,true,,8705,131,20,22,https://messenger-fe-eight.vercel.app/,351,0,0
1768805158568,368,GET Login,200,OK,Thread Group 3 - Custom 3-2,text,true,,12444,136,20,22,https://messenger-fe-eight.vercel.app/login,160,0,0
1768805158567,369,GET Login,200,OK,Thread Group 3 - Custom 3-4,text,true,,12444,136,20,22,https://messenger-fe-eight.vercel.app/login,156,0,0
1768805158606,330,GET Login,200,OK,Thread Group 3 - Custom 3-7,text,true,,12444,136,20,22,https://messenger-fe-eight.vercel.app/login,325,0,0
1768805158723,214,GET Home,200,OK,Thread Group 3 - Custom 3-19,text,true,,8705,131,20,22,https://messenger-fe-eight.vercel.app/,213,0,0
1768805158682,255,GET Login,200,OK,Thread Group 3 - Custom 3-15,text,true,,12444,136,20,22,https://messenger-fe-eight.vercel.app/login,254,0,0
1768805158522,415,GET Home,200,OK,Thread Group 3 - Custom 3-13,text,true,,8705,131,20,22,https://messenger-fe-eight.vercel.app/,414,0,0
1768805158506,599,GET Login,200,OK,Thread Group 3 - Custom 3-10,text,true,,12444,136,20,22,https://messenger-fe-eight.vercel.app/login,424,0,0
1768805158672,434,GET Home,200,OK,Thread Group 3 - Custom 3-5,text,true,,8705,131,20,22,https://messenger-fe-eight.vercel.app/,265,0,0
1768805158639,520,GET Home,200,OK,Thread Group 3 - Custom 3-1,text,true,,8705,131,20,22,https://messenger-fe-eight.vercel.app/,297,0,0
1768805158707,452,GET Home,200,OK,Thread Group 3 - Custom 3-17,text,true,,8705,131,20,22,https://messenger-fe-eight.vercel.app/,229,0,0
1768805158663,509,GET Home,200,OK,Thread Group 3 - Custom 3-16,text,true,,8705,131,20,22,https://messenger-fe-eight.vercel.app/,274,0,0
1768805158707,465,GET Login,200,OK,Thread Group 3 - Custom 3-14,text,true,,12444,136,20,22,https://messenger-fe-eight.vercel.app/login,229,0,0
1768805158707,465,GET Home,200,OK,Thread Group 3 - Custom 3-6,text,true,,8705,131,20,22,https://messenger-fe-eight.vercel.app/,229,0,0
1768805158723,449,GET Home,200,OK,Thread Group 3 - Custom 3-8,text,true,,8705,131,20,22,https://messenger-fe-eight.vercel.app/,213,0,0
1768805158929,349,GET Home,200,OK,Thread Group 3 - Custom 3-3,text,true,,8705,131,20,22,https://messenger-fe-eight.vercel.app/,311,0,0
1768805158937,348,GET Home,200,OK,Thread Group 3 - Custom 3-15,text,true,,8705,131,20,22,https://messenger-fe-eight.vercel.app/,264,0,0
1768805158937,348,GET Login,200,OK,Thread Group 3 - Custom 3-19,text,true,,12444,136,20,22,https://messenger-fe-eight.vercel.app/login,261,0,0
1768805158935,350,GET Login,200,OK,Thread Group 3 - Custom 3-20,text,true,,12444,136,20,22,https://messenger-fe-eight.vercel.app/login,267,0,0
1768805158935,350,GET Home,200,OK,Thread Group 3 - Custom 3-18,text,true,,8705,131,20,22,https://messenger-fe-eight.vercel.app/,286,0,0
1768805158936,349,GET Login,200,OK,Thread Group 2 - Heavy Load 2-21,text,true,,12444,136,2,22,https://messenger-fe-eight.vercel.app/login,245,0,0
1768805158936,354,GET Home,200,OK,Thread Group 3 - Custom 3-4,text,true,,8705,131,20,21,https://messenger-fe-eight.vercel.app/,291,0,0
1768805158613,683,GET Login,200,OK,Thread Group 3 - Custom 3-12,text,true,,12444,136,20,21,https://messenger-fe-eight.vercel.app/login,323,0,0
1768805158936,360,GET Home,200,OK,Thread Group 3 - Custom 3-7,text,true,,8705,131,20,21,https://messenger-fe-eight.vercel.app/,295,0,0
1768805158936,365,GET Home,200,OK,Thread Group 3 - Custom 3-2,text,true,,8705,131,20,21,https://messenger-fe-eight.vercel.app/,304,0,0
1768805158931,382,GET Login,200,OK,Thread Group 3 - Custom 3-11,text,true,,12444,136,20,21,https://messenger-fe-eight.vercel.app/login,296,0,0
1768805158937,382,GET Login,200,OK,Thread Group 3 - Custom 3-13,text,true,,12444,136,20,21,https://messenger-fe-eight.vercel.app/login,283,0,0
1768805159159,211,GET Login,200,OK,Thread Group 3 - Custom 3-17,text,true,,12444,136,20,21,https://messenger-fe-eight.vercel.app/login,137,0,0
1768805158936,441,GET Login,200,OK,Thread Group 3 - Custom 3-9,text,true,,12444,136,20,21,https://messenger-fe-eight.vercel.app/login,304,0,0
1768805159172,234,GET Login,200,OK,Thread Group 3 - Custom 3-8,text,true,,12444,136,20,21,https://messenger-fe-eight.vercel.app/login,141,0,0
1768805159172,258,GET Login,200,OK,Thread Group 3 - Custom 3-6,text,true,,12444,136,20,22,https://messenger-fe-eight.vercel.app/login,186,0,0
1768805159285,185,GET Home,200,OK,Thread Group 3 - Custom 3-19,text,true,,8705,131,20,22,https://messenger-fe-eight.vercel.app/,139,0,0
1768805159285,185,GET Home,200,OK,Thread Group 3 - Custom 3-20,text,true,,8705,131,20,22,https://messenger-fe-eight.vercel.app/,142,0,0
1768805159159,319,GET Login,200,OK,Thread Group 3 - Custom 3-1,text,true,,12444,136,20,22,https://messenger-fe-eight.vercel.app/login,186,0,0
1768805159314,198,GET Home,200,OK,Thread Group 3 - Custom 3-11,text,true,,8705,131,20,22,https://messenger-fe-eight.vercel.app/,155,0,0
1768805159285,227,GET Login,200,OK,Thread Group 3 - Custom 3-15,text,true,,12444,136,20,22,https://messenger-fe-eight.vercel.app/login,141,0,0
1768805159105,420,GET Home,200,OK,Thread Group 3 - Custom 3-10,text,true,,8705,131,20,22,https://messenger-fe-eight.vercel.app/,222,0,0
1768805159278,247,GET Login,200,OK,Thread Group 3 - Custom 3-3,text,true,,12444,136,20,22,https://messenger-fe-eight.vercel.app/login,149,0,0
1768805159319,207,GET Home,200,OK,Thread Group 3 - Custom 3-13,text,true,,8705,131,20,22,https://messenger-fe-eight.vercel.app/,151,0,0
1768805159285,272,GET Login,200,OK,Thread Group 3 - Custom 3-18,text,true,,12444,136,20,22,https://messenger-fe-eight.vercel.app/login,151,0,0
1768805159290,267,GET Login,200,OK,Thread Group 3 - Custom 3-4,text,true,,12444,136,20,22,https://messenger-fe-eight.vercel.app/login,146,0,0
1768805159370,197,GET Home,200,OK,Thread Group 3 - Custom 3-17,text,true,,8705,131,20,22,https://messenger-fe-eight.vercel.app/,142,0,0
1768805159302,265,GET Login,200,OK,Thread Group 3 - Custom 3-2,text,true,,12444,136,20,22,https://messenger-fe-eight.vercel.app/login,168,0,0
1768805158825,742,GET Home,200,OK,Thread Group 2 - Heavy Load 2-22,text,true,,8705,131,2,22,https://messenger-fe-eight.vercel.app/,624,0,466
1768805159297,287,GET Login,200,OK,Thread Group 3 - Custom 3-7,text,true,,12444,136,20,22,https://messenger-fe-eight.vercel.app/login,173,0,0
1768805159431,178,GET Home,200,OK,Thread Group 3 - Custom 3-6,text,true,,8705,131,20,22,https://messenger-fe-eight.vercel.app/,136,0,0
1768805159406,203,GET Home,200,OK,Thread Group 3 - Custom 3-8,text,true,,8705,131,20,22,https://messenger-fe-eight.vercel.app/,151,0,0
1768805159378,238,GET Home,200,OK,Thread Group 3 - Custom 3-9,text,true,,8705,131,20,22,https://messenger-fe-eight.vercel.app/,179,0,0
1768805159106,537,GET Login,200,OK,Thread Group 3 - Custom 3-5,text,true,,12444,136,20,22,https://messenger-fe-eight.vercel.app/login,207,0,0
1768805159470,201,GET Login,200,OK,Thread Group 3 - Custom 3-20,text,true,,12444,136,20,22,https://messenger-fe-eight.vercel.app/login,124,0,0
1768805159513,183,GET Home,200,OK,Thread Group 3 - Custom 3-15,text,true,,8705,131,20,22,https://messenger-fe-eight.vercel.app/,130,0,0
1768805159470,234,GET Login,200,OK,Thread Group 3 - Custom 3-19,text,true,,12444,136,20,22,https://messenger-fe-eight.vercel.app/login,124,0,0
1768805159479,241,GET Home,200,OK,Thread Group 3 - Custom 3-1,text,true,,8705,131,20,22,https://messenger-fe-eight.vercel.app/,168,0,0
1768805159513,227,GET Login,200,OK,Thread Group 3 - Custom 3-11,text,true,,12444,136,20,22,https://messenger-fe-eight.vercel.app/login,134,0,0
1768805159526,236,GET Home,200,OK,Thread Group 3 - Custom 3-3,text,true,,8705,131,20,22,https://messenger-fe-eight.vercel.app/,134,0,0
1768805159172,590,GET Login,200,OK,Thread Group 3 - Custom 3-16,text,true,,12444,136,20,22,https://messenger-fe-eight.vercel.app/login,234,0,0
1768805159557,225,GET Home,200,OK,Thread Group 3 - Custom 3-18,text,true,,8705,131,20,22,https://messenger-fe-eight.vercel.app/,147,0,0
1768805159527,264,GET Login,200,OK,Thread Group 3 - Custom 3-13,text,true,,12444,136,20,22,https://messenger-fe-eight.vercel.app/login,140,0,0
1768805159557,234,GET Home,200,OK,Thread Group 3 - Custom 3-4,text,true,,8705,131,20,22,https://messenger-fe-eight.vercel.app/,147,0,0
1768805159567,224,GET Home,200,OK,Thread Group 3 - Custom 3-2,text,true,,8705,131,20,22,https://messenger-fe-eight.vercel.app/,147,0,0
1768805159567,228,GET Login,200,OK,Thread Group 3 - Custom 3-17,text,true,,12444,136,20,22,https://messenger-fe-eight.vercel.app/login,142,0,0
1768805159297,498,GET Home,200,OK,Thread Group 3 - Custom 3-12,text,true,,8705,131,20,22,https://messenger-fe-eight.vercel.app/,270,0,0
1768805159567,241,GET Login,200,OK,Thread Group 2 - Heavy Load 2-22,text,true,,12444,136,2,22,https://messenger-fe-eight.vercel.app/login,129,0,0
1768805159585,236,GET Home,200,OK,Thread Group 3 - Custom 3-7,text,true,,8705,131,20,21,https://messenger-fe-eight.vercel.app/,157,0,0
1768805159609,233,GET Login,200,OK,Thread Group 3 - Custom 3-6,text,true,,12444,136,20,21,https://messenger-fe-eight.vercel.app/login,170,0,0
1768805159672,177,GET Home,200,OK,Thread Group 3 - Custom 3-20,text,true,,8705,131,20,21,https://messenger-fe-eight.vercel.app/,131,0,0
1768805159609,240,GET Login,200,OK,Thread Group 3 - Custom 3-8,text,true,,12444,136,20,21,https://messenger-fe-eight.vercel.app/login,173,0,0
1768805159704,202,GET Home,200,OK,Thread Group 3 - Custom 3-19,text,true,,8705,131,20,21,https://messenger-fe-eight.vercel.app/,138,0,0
1768805159419,487,GET Home,200,OK,Thread Group 2 - Heavy Load 2-23,text,true,,8705,131,1,21,https://messenger-fe-eight.vercel.app/,385,0,218
1768805159616,294,GET Login,200,OK,Thread Group 3 - Custom 3-9,text,true,,12444,136,20,21,https://messenger-fe-eight.vercel.app/login,179,0,0
1768805159696,244,GET Login,200,OK,Thread Group 3 - Custom 3-15,text,true,,12444,136,20,21,https://messenger-fe-eight.vercel.app/login,153,0,0
1768805159741,199,GET Home,200,OK,Thread Group 3 - Custom 3-11,text,true,,8705,131,20,21,https://messenger-fe-eight.vercel.app/,150,0,0
1768805159172,819,GET Home,200,OK,Thread Group 3 - Custom 3-14,text,true,,8705,131,20,21,https://messenger-fe-eight.vercel.app/,464,0,0
1768805159721,270,GET Login,200,OK,Thread Group 3 - Custom 3-1,text,true,,12444,136,20,21,https://messenger-fe-eight.vercel.app/login,160,0,0
1768805159795,196,GET Home,200,OK,Thread Group 3 - Custom 3-17,text,true,,8705,131,20,21,https://messenger-fe-eight.vercel.app/,145,0,0
1768805159791,221,GET Home,200,OK,Thread Group 3 - Custom 3-13,text,true,,8705,131,20,21,https://messenger-fe-eight.vercel.app/,153,0,0
1768805159762,260,GET Login,200,OK,Thread Group 3 - Custom 3-3,text,true,,12444,136,20,22,https://messenger-fe-eight.vercel.app/login,162,0,0
1768805159643,402,GET Home,200,OK,Thread Group 3 - Custom 3-5,text,true,,8705,131,20,22,https://messenger-fe-eight.vercel.app/,241,0,0
1768805159792,253,GET Login,200,OK,Thread Group 3 - Custom 3-2,text,true,,12444,136,20,22,https://messenger-fe-eight.vercel.app/login,152,0,0
1768805159850,207,GET Home,200,OK,Thread Group 3 - Custom 3-8,text,true,,8705,131,20,22,https://messenger-fe-eight.vercel.app/,162,0,0
1768805159526,542,GET Login,200,OK,Thread Group 3 - Custom 3-10,text,true,,12444,136,20,22,https://messenger-fe-eight.vercel.app/login,216,0,0
1768805159791,277,GET Login,200,OK,Thread Group 3 - Custom 3-4,text,true,,12444,136,20,22,https://messenger-fe-eight.vercel.app/login,168,0,0
1768805159783,289,GET Login,200,OK,Thread Group 3 - Custom 3-18,text,true,,12444,136,20,22,https://messenger-fe-eight.vercel.app/login,207,0,0
1768805159845,250,GET Home,200,OK,Thread Group 3 - Custom 3-6,text,true,,8705,131,20,22,https://messenger-fe-eight.vercel.app/,153,0,0
1768805159821,275,GET Login,200,OK,Thread Group 3 - Custom 3-7,text,true,,12444,136,20,22,https://messenger-fe-eight.vercel.app/login,170,0,0
1768805159850,260,GET Login,200,OK,Thread Group 3 - Custom 3-20,text,true,,12444,136,20,22,https://messenger-fe-eight.vercel.app/login,148,0,0
1768805159907,204,GET Login,200,OK,Thread Group 3 - Custom 3-19,text,true,,12444,136,20,22,https://messenger-fe-eight.vercel.app/login,138,0,0
1768805159910,219,GET Home,200,OK,Thread Group 3 - Custom 3-9,text,true,,8705,131,20,22,https://messenger-fe-eight.vercel.app/,147,0,0
1768805159907,222,GET Login,200,OK,Thread Group 2 - Heavy Load 2-23,text,true,,12444,136,2,22,https://messenger-fe-eight.vercel.app/login,115,0,0
1768805159762,397,GET Home,200,OK,Thread Group 3 - Custom 3-16,text,true,,8705,131,20,21,https://messenger-fe-eight.vercel.app/,229,0,0
1768805159940,237,GET Home,200,OK,Thread Group 3 - Custom 3-15,text,true,,8705,131,20,21,https://messenger-fe-eight.vercel.app/,141,0,0
1768805159940,254,GET Login,200,OK,Thread Group 3 - Custom 3-11,text,true,,12444,136,20,21,https://messenger-fe-eight.vercel.app/login,141,0,0
1768805159991,232,GET Login,200,OK,Thread Group 3 - Custom 3-17,text,true,,12444,136,20,21,https://messenger-fe-eight.vercel.app/login,156,0,0
1768805159991,232,GET Home,200,OK,Thread Group 3 - Custom 3-1,text,true,,8705,131,20,21,https://messenger-fe-eight.vercel.app/,168,0,0
1768805160022,218,GET Home,200,OK,Thread Group 3 - Custom 3-3,text,true,,8705,131,20,21,https://messenger-fe-eight.vercel.app/,137,0,0
1768805160045,217,GET Home,200,OK,Thread Group 3 - Custom 3-2,text,true,,8705,131,20,21,https://messenger-fe-eight.vercel.app/,149,0,0
1768805160014,248,GET Login,200,OK,Thread Group 3 - Custom 3-13,text,true,,12444,136,20,21,https://messenger-fe-eight.vercel.app/login,144,0,0
1768805160057,268,GET Login,200,OK,Thread Group 3 - Custom 3-8,text,true,,12444,136,20,21,https://messenger-fe-eight.vercel.app/login,137,0,0
1768805160072,254,GET Home,200,OK,Thread Group 3 - Custom 3-18,text,true,,8705,131,20,21,https://messenger-fe-eight.vercel.app/,151,0,0
1768805160070,256,GET Home,200,OK,Thread Group 3 - Custom 3-4,text,true,,8705,131,20,21,https://messenger-fe-eight.vercel.app/,166,0,0
1768805160111,218,GET Home,200,OK,Thread Group 3 - Custom 3-19,text,true,,8705,131,20,21,https://messenger-fe-eight.vercel.app/,214,0,0
1768805160095,251,GET Login,200,OK,Thread Group 3 - Custom 3-6,text,true,,12444,136,20,21,https://messenger-fe-eight.vercel.app/login,156,0,0
1768805160096,251,GET Home,200,OK,Thread Group 3 - Custom 3-7,text,true,,8705,131,20,21,https://messenger-fe-eight.vercel.app/,229,0,0
1768805160111,275,GET Home,200,OK,Thread Group 3 - Custom 3-20,text,true,,8705,131,20,21,https://messenger-fe-eight.vercel.app/,213,0,0
1768805160178,228,GET Login,200,OK,Thread Group 3 - Custom 3-15,text,true,,12444,136,20,21,https://messenger-fe-eight.vercel.app/login,151,0,0
1768805159795,611,GET Login,200,OK,Thread Group 3 - Custom 3-12,text,true,,12444,136,20,21,https://messenger-fe-eight.vercel.app/login,265,0,0
1768805160194,213,GET Home,200,OK,Thread Group 3 - Custom 3-11,text,true,,8705,131,20,21,https://messenger-fe-eight.vercel.app/,163,0,0
1768805160129,295,GET Login,200,OK,Thread Group 3 - Custom 3-9,text,true,,12444,136,20,21,https://messenger-fe-eight.vercel.app/login,196,0,0
1768805160069,444,GET Home,200,OK,Thread Group 3 - Custom 3-10,text,true,,8705,131,20,21,https://messenger-fe-eight.vercel.app/,257,0,0
1768805160223,290,GET Home,200,OK,Thread Group 3 - Custom 3-17,text,true,,8705,131,20,21,https://messenger-fe-eight.vercel.app/,164,0,0
1768805160045,469,GET Login,200,OK,Thread Group 3 - Custom 3-5,text,true,,12444,136,20,21,https://messenger-fe-eight.vercel.app/login,198,0,0
1768805160240,274,GET Login,200,OK,Thread Group 3 - Custom 3-3,text,true,,12444,136,20,21,https://messenger-fe-eight.vercel.app/login,158,0,0
1768805160223,291,GET Login,200,OK,Thread Group 3 - Custom 3-1,text,true,,12444,136,20,21,https://messenger-fe-eight.vercel.app/login,165,0,0
1768805160262,264,GET Home,200,OK,Thread Group 3 - Custom 3-13,text,true,,8705,131,20,21,https://messenger-fe-eight.vercel.app/,251,0,0
1768805160325,217,GET Home,200,OK,Thread Group 3 - Custom 3-8,text,true,,8705,131,20,21,https://messenger-fe-eight.vercel.app/,189,0,0
1768805160262,292,GET Login,200,OK,Thread Group 3 - Custom 3-2,text,true,,12444,136,20,21,https://messenger-fe-eight.vercel.app/login,251,0,0
1768805160329,225,GET Login,200,OK,Thread Group 3 - Custom 3-19,text,true,,12444,136,20,21,https://messenger-fe-eight.vercel.app/login,185,0,0
1768805160015,618,GET Home,200,OK,Thread Group 2 - Heavy Load 2-24,text,true,,8705,131,2,22,https://messenger-fe-eight.vercel.app/,500,0,349
1768805160406,228,GET Home,200,OK,Thread Group 3 - Custom 3-15,text,true,,8705,131,20,22,https://messenger-fe-eight.vercel.app/,148,0,0
1768805160327,308,GET Login,200,OK,Thread Group 3 - Custom 3-18,text,true,,12444,136,20,22,https://messenger-fe-eight.vercel.app/login,187,0,0
1768805160328,307,GET Login,200,OK,Thread Group 3 - Custom 3-4,text,true,,12444,136,20,22,https://messenger-fe-eight.vercel.app/login,186,0,0
1768805160159,476,GET Login,200,OK,Thread Group 3 - Custom 3-16,text,true,,12444,136,20,22,https://messenger-fe-eight.vercel.app/login,228,0,0
1768805160386,249,GET Login,200,OK,Thread Group 3 - Custom 3-20,text,true,,12444,136,20,22,https://messenger-fe-eight.vercel.app/login,156,0,0
1768805160346,290,GET Home,200,OK,Thread Group 3 - Custom 3-6,text,true,,8705,131,20,22,https://messenger-fe-eight.vercel.app/,180,0,0
1768805160347,310,GET Login,200,OK,Thread Group 3 - Custom 3-7,text,true,,12444,136,20,22,https://messenger-fe-eight.vercel.app/login,179,0,0
1768805160407,254,GET Login,200,OK,Thread Group 3 - Custom 3-11,text,true,,12444,136,20,22,https://messenger-fe-eight.vercel.app/login,147,0,0
1768805160514,206,GET Home,200,OK,Thread Group 3 - Custom 3-3,text,true,,8705,131,20,22,https://messenger-fe-eight.vercel.app/,156,0,0
1768805160554,242,GET Home,200,OK,Thread Group 3 - Custom 3-2,text,true,,8705,131,20,22,https://messenger-fe-eight.vercel.app/,142,0,0
1768805160513,283,GET Login,200,OK,Thread Group 3 - Custom 3-17,text,true,,12444,136,20,22,https://messenger-fe-eight.vercel.app/login,149,0,0
1768805160424,373,GET Home,200,OK,Thread Group 3 - Custom 3-9,text,true,,8705,131,20,22,https://messenger-fe-eight.vercel.app/,233,0,0
1768805160514,283,GET Home,200,OK,Thread Group 3 - Custom 3-1,text,true,,8705,131,20,22,https://messenger-fe-eight.vercel.app/,182,0,0
1768805159991,806,GET Login,200,OK,Thread Group 3 - Custom 3-14,text,true,,12444,136,20,22,https://messenger-fe-eight.vercel.app/login,338,0,0
1768805160526,272,GET Login,200,OK,Thread Group 3 - Custom 3-13,text,true,,12444,136,20,22,https://messenger-fe-eight.vercel.app/login,170,0,0
1768805160542,258,GET Login,200,OK,Thread Group 3 - Custom 3-8,text,true,,12444,136,20,22,https://messenger-fe-eight.vercel.app/login,154,0,0
1768805160554,258,GET Home,200,OK,Thread Group 3 - Custom 3-19,text,true,,8705,131,20,22,https://messenger-fe-eight.vercel.app/,142,0,0
1768805160406,426,GET Home,200,OK,Thread Group 3 - Custom 3-12,text,true,,8705,131,20,22,https://messenger-fe-eight.vercel.app/,251,0,0
1768805160514,405,GET Home,200,OK,Thread Group 3 - Custom 3-5,text,true,,8705,131,20,22,https://messenger-fe-eight.vercel.app/,213,0,0
1768805160635,284,GET Home,200,OK,Thread Group 3 - Custom 3-18,text,true,,8705,131,20,22,https://messenger-fe-eight.vercel.app/,177,0,0
1768805160635,287,GET Home,200,OK,Thread Group 3 - Custom 3-4,text,true,,8705,131,20,22,https://messenger-fe-eight.vercel.app/,177,0,0
1768805160634,291,GET Login,200,OK,Thread Group 3 - Custom 3-15,text,true,,12444,136,20,22,https://messenger-fe-eight.vercel.app/login,164,0,0
1768805160662,263,GET Home,200,OK,Thread Group 3 - Custom 3-11,text,true,,8705,131,20,22,https://messenger-fe-eight.vercel.app/,186,0,0
1768805160658,267,GET Home,200,OK,Thread Group 3 - Custom 3-7,text,true,,8705,131,20,22,https://messenger-fe-eight.vercel.app/,196,0,0
1768805160636,330,GET Home,200,OK,Thread Group 3 - Custom 3-20,text,true,,8705,131,20,22,https://messenger-fe-eight.vercel.app/,162,0,0
1768805160633,333,GET Login,200,OK,Thread Group 2 - Heavy Load 2-24,text,true,,12444,136,2,22,https://messenger-fe-eight.vercel.app/login,164,0,0
1768805160513,483,GET Login,200,OK,Thread Group 3 - Custom 3-10,text,true,,12444,136,20,21,https://messenger-fe-eight.vercel.app/login,207,0,0
1768805160636,387,GET Login,200,OK,Thread Group 3 - Custom 3-6,text,true,,12444,136,20,21,https://messenger-fe-eight.vercel.app/login,196,0,0
1768805160636,469,GET Home,200,OK,Thread Group 3 - Custom 3-16,text,true,,8705,131,20,21,https://messenger-fe-eight.vercel.app/,289,0,0
1768805160798,309,GET Home,200,OK,Thread Group 3 - Custom 3-13,text,true,,8705,131,20,21,https://messenger-fe-eight.vercel.app/,225,0,0
1768805160800,307,GET Home,200,OK,Thread Group 3 - Custom 3-8,text,true,,8705,131,20,21,https://messenger-fe-eight.vercel.app/,198,0,0
1768805160812,295,GET Login,200,OK,Thread Group 3 - Custom 3-19,text,true,,12444,136,20,21,https://messenger-fe-eight.vercel.app/login,211,0,0
1768805160720,387,GET Login,200,OK,Thread Group 3 - Custom 3-3,text,true,,12444,136,20,21,https://messenger-fe-eight.vercel.app/login,303,0,0
1768805160797,310,GET Login,200,OK,Thread Group 3 - Custom 3-2,text,true,,12444,136,20,21,https://messenger-fe-eight.vercel.app/login,226,0,0
1768805160797,322,GET Home,200,OK,Thread Group 3 - Custom 3-17,text,true,,8705,131,20,21,https://messenger-fe-eight.vercel.app/,223,0,0
1768805160797,322,GET Login,200,OK,Thread Group 3 - Custom 3-1,text,true,,12444,136,20,21,https://messenger-fe-eight.vercel.app/login,226,0,0
1768805160797,322,GET Login,200,OK,Thread Group 3 - Custom 3-9,text,true,,12444,136,20,21,https://messenger-fe-eight.vercel.app/login,226,0,0
1768805160925,200,GET Home,200,OK,Thread Group 3 - Custom 3-15,text,true,,8705,131,20,21,https://messenger-fe-eight.vercel.app/,182,0,0
1768805160925,263,GET Login,200,OK,Thread Group 3 - Custom 3-11,text,true,,12444,136,20,21,https://messenger-fe-eight.vercel.app/login,182,0,0
1768805160922,281,GET Login,200,OK,Thread Group 3 - Custom 3-4,text,true,,12444,136,20,21,https://messenger-fe-eight.vercel.app/login,185,0,0
1768805160925,291,GET Login,200,OK,Thread Group 3 - Custom 3-7,text,true,,12444,136,20,21,https://messenger-fe-eight.vercel.app/login,182,0,0
1768805160919,299,GET Login,200,OK,Thread Group 3 - Custom 3-18,text,true,,12444,136,20,21,https://messenger-fe-eight.vercel.app/login,188,0,0
1768805160620,658,GET Home,200,OK,Thread Group 2 - Heavy Load 2-25,text,true,,8705,131,2,22,https://messenger-fe-eight.vercel.app/,505,0,348
1768805161023,280,GET Home,200,OK,Thread Group 3 - Custom 3-6,text,true,,8705,131,20,22,https://messenger-fe-eight.vercel.app/,165,0,0
1768805161107,214,GET Home,200,OK,Thread Group 3 - Custom 3-3,text,true,,8705,131,20,22,https://messenger-fe-eight.vercel.app/,171,0,0
1768805161107,215,GET Home,200,OK,Thread Group 3 - Custom 3-2,text,true,,8705,131,20,22,https://messenger-fe-eight.vercel.app/,171,0,0
1768805161107,223,GET Home,200,OK,Thread Group 3 - Custom 3-19,text,true,,8705,131,20,22,https://messenger-fe-eight.vercel.app/,171,0,0
1768805161119,211,GET Home,200,OK,Thread Group 3 - Custom 3-9,text,true,,8705,131,20,22,https://messenger-fe-eight.vercel.app/,160,0,0
1768805161119,211,GET Home,200,OK,Thread Group 3 - Custom 3-1,text,true,,8705,131,20,22,https://messenger-fe-eight.vercel.app/,160,0,0
1768805161119,217,GET Login,200,OK,Thread Group 3 - Custom 3-17,text,true,,12444,136,20,22,https://messenger-fe-eight.vercel.app/login,159,0,0
1768805161107,231,GET Login,200,OK,Thread Group 3 - Custom 3-8,text,true,,12444,136,20,22,https://messenger-fe-eight.vercel.app/login,171,0,0
1768805160797,567,GET Home,200,OK,Thread Group 3 - Custom 3-14,text,true,,8705,131,20,22,https://messenger-fe-eight.vercel.app/,322,0,0
1768805160996,368,GET Home,200,OK,Thread Group 3 - Custom 3-10,text,true,,8705,131,20,22,https://messenger-fe-eight.vercel.app/,222,0,0
1768805161107,257,GET Login,200,OK,Thread Group 3 - Custom 3-13,text,true,,12444,136,20,22,https://messenger-fe-eight.vercel.app/login,172,0,0
1768805161125,321,GET Login,200,OK,Thread Group 3 - Custom 3-15,text,true,,12444,136,20,22,https://messenger-fe-eight.vercel.app/login,178,0,0
1768805160832,614,GET Login,200,OK,Thread Group 3 - Custom 3-12,text,true,,12444,136,20,22,https://messenger-fe-eight.vercel.app/login,275,0,0
1768805160919,527,GET Login,200,OK,Thread Group 3 - Custom 3-5,text,true,,12444,136,20,22,https://messenger-fe-eight.vercel.app/login,222,0,0
1768805160966,480,GET Login,200,OK,Thread Group 3 - Custom 3-20,text,true,,12444,136,20,22,https://messenger-fe-eight.vercel.app/login,201,0,0
1768805161188,258,GET Home,200,OK,Thread Group 3 - Custom 3-11,text,true,,8705,131,20,22,https://messenger-fe-eight.vercel.app/,142,0,0
1768805161203,243,GET Home,200,OK,Thread Group 3 - Custom 3-4,text,true,,8705,131,20,22,https://messenger-fe-eight.vercel.app/,141,0,0
1768805161216,232,GET Home,200,OK,Thread Group 3 - Custom 3-7,text,true,,8705,131,20,22,https://messenger-fe-eight.vercel.app/,148,0,0
1768805161219,230,GET Home,200,OK,Thread Group 3 - Custom 3-18,text,true,,8705,131,20,22,https://messenger-fe-eight.vercel.app/,227,0,0
1768805161279,183,GET Login,200,OK,Thread Group 2 - Heavy Load 2-25,text,true,,12444,136,2,22,https://messenger-fe-eight.vercel.app/login,167,0,0
1768805161336,183,GET Home,200,OK,Thread Group 3 - Custom 3-17,text,true,,8705,131,20,21,https://messenger-fe-eight.vercel.app/,126,0,0
1768805161338,187,GET Home,200,OK,Thread Group 3 - Custom 3-8,text,true,,8705,131,20,21,https://messenger-fe-eight.vercel.app/,140,0,0
1768805161330,214,GET Login,200,OK,Thread Group 3 - Custom 3-19,text,true,,12444,136,20,21,https://messenger-fe-eight.vercel.app/login,132,0,0
1768805161322,261,GET Login,200,OK,Thread Group 3 - Custom 3-3,text,true,,12444,136,20,21,https://messenger-fe-eight.vercel.app/login,140,0,0
1768805161322,261,GET Login,200,OK,Thread Group 3 - Custom 3-2,text,true,,12444,136,20,21,https://messenger-fe-eight.vercel.app/login,149,0,0
1768805161105,478,GET Login,200,OK,Thread Group 3 - Custom 3-16,text,true,,12444,136,20,21,https://messenger-fe-eight.vercel.app/login,225,0,0
1768805161330,253,GET Login,200,OK,Thread Group 3 - Custom 3-1,text,true,,12444,136,20,21,https://messenger-fe-eight.vercel.app/login,141,0,0
1768805161330,253,GET Login,200,OK,Thread Group 3 - Custom 3-9,text,true,,12444,136,20,21,https://messenger-fe-eight.vercel.app/login,148,0,0
1768805161446,190,GET Home,200,OK,Thread Group 3 - Custom 3-15,text,true,,8705,131,20,21,https://messenger-fe-eight.vercel.app/,170,0,0
1768805161303,341,GET Login,200,OK,Thread Group 3 - Custom 3-6,text,true,,12444,136,20,21,https://messenger-fe-eight.vercel.app/login,175,0,0
1768805161446,245,GET Login,200,OK,Thread Group 3 - Custom 3-11,text,true,,12444,136,20,21,https://messenger-fe-eight.vercel.app/login,171,0,0
1768805161364,362,GET Home,200,OK,Thread Group 3 - Custom 3-13,text,true,,8705,131,20,21,https://messenger-fe-eight.vercel.app/,253,0,0
1768805161449,277,GET Login,200,OK,Thread Group 3 - Custom 3-18,text,true,,12444,136,20,21,https://messenger-fe-eight.vercel.app/login,168,0,0
1768805161446,280,GET Login,200,OK,Thread Group 3 - Custom 3-4,text,true,,12444,136,20,21,https://messenger-fe-eight.vercel.app/login,171,0,0
1768805161448,282,GET Login,200,OK,Thread Group 3 - Custom 3-7,text,true,,12444,136,20,21,https://messenger-fe-eight.vercel.app/login,169,0,0
1768805161519,212,GET Login,200,OK,Thread Group 3 - Custom 3-17,text,true,,12444,136,20,21,https://messenger-fe-eight.vercel.app/login,135,0,0
1768805161525,209,GET Login,200,OK,Thread Group 3 - Custom 3-8,text,true,,12444,136,20,21,https://messenger-fe-eight.vercel.app/login,130,0,0
1768805161446,341,GET Home,200,OK,Thread Group 3 - Custom 3-20,text,true,,8705,131,20,21,https://messenger-fe-eight.vercel.app/,198,0,0
1768805161446,343,GET Home,200,OK,Thread Group 3 - Custom 3-5,text,true,,8705,131,20,21,https://messenger-fe-eight.vercel.app/,201,0,0
1768805161545,259,GET Home,200,OK,Thread Group 3 - Custom 3-19,text,true,,8705,131,20,21,https://messenger-fe-eight.vercel.app/,213,0,0
1768805161583,240,GET Home,200,OK,Thread Group 3 - Custom 3-3,text,true,,8705,131,20,22,https://messenger-fe-eight.vercel.app/,190,0,0
1768805161583,244,GET Home,200,OK,Thread Group 3 - Custom 3-1,text,true,,8705,131,20,22,https://messenger-fe-eight.vercel.app/,190,0,0
1768805161446,381,GET Home,200,OK,Thread Group 3 - Custom 3-12,text,true,,8705,131,20,22,https://messenger-fe-eight.vercel.app/,209,0,0
1768805161583,244,GET Home,200,OK,Thread Group 3 - Custom 3-2,text,true,,8705,131,20,22,https://messenger-fe-eight.vercel.app/,190,0,0
1768805161219,608,GET Home,200,OK,Thread Group 2 - Heavy Load 2-26,text,true,,8705,131,2,22,https://messenger-fe-eight.vercel.app/,507,0,365
1768805161583,244,GET Home,200,OK,Thread Group 3 - Custom 3-9,text,true,,8705,131,20,22,https://messenger-fe-eight.vercel.app/,190,0,0
1768805161364,500,GET Login,200,OK,Thread Group 3 - Custom 3-10,text,true,,12444,136,20,22,https://messenger-fe-eight.vercel.app/login,266,0,0
1768805161636,242,GET Login,200,OK,Thread Group 3 - Custom 3-15,text,true,,12444,136,20,22,https://messenger-fe-eight.vercel.app/login,151,0,0
1768805161644,276,GET Home,200,OK,Thread Group 3 - Custom 3-6,text,true,,8705,131,20,22,https://messenger-fe-eight.vercel.app/,160,0,0
1768805161734,195,GET Home,200,OK,Thread Group 3 - Custom 3-8,text,true,,8705,131,20,22,https://messenger-fe-eight.vercel.app/,154,0,0
1768805161731,198,GET Home,200,OK,Thread Group 3 - Custom 3-17,text,true,,8705,131,20,22,https://messenger-fe-eight.vercel.app/,150,0,0
1768805161726,214,GET Home,200,OK,Thread Group 3 - Custom 3-4,text,true,,8705,131,20,22,https://messenger-fe-eight.vercel.app/,153,0,0
1768805161691,272,GET Home,200,OK,Thread Group 3 - Custom 3-11,text,true,,8705,131,20,22,https://messenger-fe-eight.vercel.app/,159,0,0
1768805161726,237,GET Home,200,OK,Thread Group 3 - Custom 3-18,text,true,,8705,131,20,22,https://messenger-fe-eight.vercel.app/,153,0,0
1768805161583,388,GET Home,200,OK,Thread Group 3 - Custom 3-16,text,true,,8705,131,20,22,https://messenger-fe-eight.vercel.app/,240,0,0
1768805161730,245,GET Home,200,OK,Thread Group 3 - Custom 3-7,text,true,,8705,131,20,22,https://messenger-fe-eight.vercel.app/,189,0,0
1768805161804,218,GET Login,200,OK,Thread Group 3 - Custom 3-19,text,true,,12444,136,20,22,https://messenger-fe-eight.vercel.app/login,133,0,0
1768805161364,674,GET Login,200,OK,Thread Group 3 - Custom 3-14,text,true,,12444,136,20,22,https://messenger-fe-eight.vercel.app/login,318,0,0
1768805161726,324,GET Login,200,OK,Thread Group 3 - Custom 3-13,text,true,,12444,136,20,22,https://messenger-fe-eight.vercel.app/login,162,0,0
1768805161827,258,GET Login,200,OK,Thread Group 2 - Heavy Load 2-26,text,true,,12444,136,2,22,https://messenger-fe-eight.vercel.app/login,148,0,0
1768805161878,206,GET Home,200,OK,Thread Group 3 - Custom 3-15,text,true,,8705,131,20,22,https://messenger-fe-eight.vercel.app/,132,0,0
1768805161823,270,GET Login,200,OK,Thread Group 3 - Custom 3-3,text,true,,12444,136,20,21,https://messenger-fe-eight.vercel.app/login,187,0,0
1768805161827,282,GET Login,200,OK,Thread Group 3 - Custom 3-2,text,true,,12444,136,20,21,https://messenger-fe-eight.vercel.app/login,183,0,0
1768805161827,295,GET Login,200,OK,Thread Group 3 - Custom 3-9,text,true,,12444,136,20,21,https://messenger-fe-eight.vercel.app/login,183,0,0
1768805161930,214,GET Login,200,OK,Thread Group 3 - Custom 3-17,text,true,,12444,136,20,21,https://messenger-fe-eight.vercel.app/login,136,0,0
1768805161827,320,GET Login,200,OK,Thread Group 3 - Custom 3-1,text,true,,12444,136,20,21,https://messenger-fe-eight.vercel.app/login,212,0,0
1768805161930,224,GET Login,200,OK,Thread Group 3 - Custom 3-8,text,true,,12444,136,20,21,https://messenger-fe-eight.vercel.app/login,140,0,0
1768805161788,394,GET Login,200,OK,Thread Group 3 - Custom 3-20,text,true,,12444,136,20,21,https://messenger-fe-eight.vercel.app/login,198,0,0
1768805161864,385,GET Home,200,OK,Thread Group 3 - Custom 3-10,text,true,,8705,131,20,21,https://messenger-fe-eight.vercel.app/,206,0,0
1768805161941,309,GET Login,200,OK,Thread Group 3 - Custom 3-4,text,true,,12444,136,20,21,https://messenger-fe-eight.vercel.app/login,143,0,0
1768805161964,286,GET Login,200,OK,Thread Group 3 - Custom 3-11,text,true,,12444,136,20,21,https://messenger-fe-eight.vercel.app/login,145,0,0
1768805161789,461,GET Login,200,OK,Thread Group 3 - Custom 3-5,text,true,,12444,136,20,21,https://messenger-fe-eight.vercel.app/login,201,0,0
1768805161964,287,GET Login,200,OK,Thread Group 3 - Custom 3-18,text,true,,12444,136,20,21,https://messenger-fe-eight.vercel.app/login,147,0,0
1768805162023,228,GET Home,200,OK,Thread Group 3 - Custom 3-19,text,true,,8705,131,20,21,https://messenger-fe-eight.vercel.app/,154,0,0
1768805161920,332,GET Login,200,OK,Thread Group 3 - Custom 3-6,text,true,,12444,136,20,21,https://messenger-fe-eight.vercel.app/login,164,0,0
1768805161975,287,GET Login,200,OK,Thread Group 3 - Custom 3-7,text,true,,12444,136,20,21,https://messenger-fe-eight.vercel.app/login,158,0,0
1768805162051,250,GET Home,200,OK,Thread Group 3 - Custom 3-13,text,true,,8705,131,20,21,https://messenger-fe-eight.vercel.app/,199,0,0
1768805162093,224,GET Home,200,OK,Thread Group 3 - Custom 3-3,text,true,,8705,131,20,21,https://messenger-fe-eight.vercel.app/,169,0,0
1768805162123,224,GET Home,200,OK,Thread Group 3 - Custom 3-9,text,true,,8705,131,20,21,https://messenger-fe-eight.vercel.app/,157,0,0
1768805162144,203,GET Home,200,OK,Thread Group 3 - Custom 3-17,text,true,,8705,131,20,21,https://messenger-fe-eight.vercel.app/,173,0,0
1768805162085,263,GET Login,200,OK,Thread Group 3 - Custom 3-15,text,true,,12444,136,20,21,https://messenger-fe-eight.vercel.app/login,177,0,0
1768805161827,521,GET Login,200,OK,Thread Group 3 - Custom 3-12,text,true,,12444,136,20,21,https://messenger-fe-eight.vercel.app/login,262,0,0
1768805162154,199,GET Home,200,OK,Thread Group 3 - Custom 3-8,text,true,,8705,131,20,21,https://messenger-fe-eight.vercel.app/,163,0,0
1768805162148,223,GET Home,200,OK,Thread Group 3 - Custom 3-1,text,true,,8705,131,20,21,https://messenger-fe-eight.vercel.app/,170,0,0
1768805162110,304,GET Home,200,OK,Thread Group 3 - Custom 3-2,text,true,,8705,131,20,21,https://messenger-fe-eight.vercel.app/,191,0,0
1768805161971,446,GET Login,200,OK,Thread Group 3 - Custom 3-16,text,true,,12444,136,20,21,https://messenger-fe-eight.vercel.app/login,193,0,0
1768805162039,417,GET Home,200,OK,Thread Group 3 - Custom 3-14,text,true,,8705,131,20,22,https://messenger-fe-eight.vercel.app/,241,0,0
1768805162250,212,GET Home,200,OK,Thread Group 3 - Custom 3-11,text,true,,8705,131,20,22,https://messenger-fe-eight.vercel.app/,167,0,0
1768805162252,226,GET Login,200,OK,Thread Group 3 - Custom 3-19,text,true,,12444,136,20,22,https://messenger-fe-eight.vercel.app/login,164,0,0
1768805162252,226,GET Home,200,OK,Thread Group 3 - Custom 3-18,text,true,,8705,131,20,22,https://messenger-fe-eight.vercel.app/,165,0,0
1768805162183,296,GET Home,200,OK,Thread Group 3 - Custom 3-20,text,true,,8705,131,20,22,https://messenger-fe-eight.vercel.app/,178,0,0
1768805162250,241,GET Home,200,OK,Thread Group 3 - Custom 3-4,text,true,,8705,131,20,22,https://messenger-fe-eight.vercel.app/,167,0,0
1768805161823,668,GET Home,200,OK,Thread Group 2 - Heavy Load 2-27,text,true,,8705,131,2,22,https://messenger-fe-eight.vercel.app/,572,0,429
1768805162262,242,GET Home,200,OK,Thread Group 3 - Custom 3-7,text,true,,8705,131,20,22,https://messenger-fe-eight.vercel.app/,174,0,0
1768805162252,274,GET Home,200,OK,Thread Group 3 - Custom 3-6,text,true,,8705,131,20,22,https://messenger-fe-eight.vercel.app/,177,0,0
1768805162349,207,GET Home,200,OK,Thread Group 3 - Custom 3-15,text,true,,8705,131,20,22,https://messenger-fe-eight.vercel.app/,155,0,0
1768805162250,328,GET Home,200,OK,Thread Group 3 - Custom 3-5,text,true,,8705,131,20,22,https://messenger-fe-eight.vercel.app/,206,0,0
1768805162319,259,GET Login,200,OK,Thread Group 3 - Custom 3-3,text,true,,12444,136,20,22,https://messenger-fe-eight.vercel.app/login,172,0,0
1768805162353,241,GET Login,200,OK,Thread Group 3 - Custom 3-8,text,true,,12444,136,20,22,https://messenger-fe-eight.vercel.app/login,151,0,0
1768805162348,246,GET Login,200,OK,Thread Group 3 - Custom 3-17,text,true,,12444,136,20,22,https://messenger-fe-eight.vercel.app/login,148,0,0
1768805162348,276,GET Login,200,OK,Thread Group 3 - Custom 3-9,text,true,,12444,136,20,22,https://messenger-fe-eight.vercel.app/login,167,0,0
1768805162371,253,GET Login,200,OK,Thread Group 3 - Custom 3-1,text,true,,12444,136,20,22,https://messenger-fe-eight.vercel.app/login,144,0,0
1768805162249,396,GET Login,200,OK,Thread Group 3 - Custom 3-10,text,true,,12444,136,20,22,https://messenger-fe-eight.vercel.app/login,193,0,0
1768805162301,346,GET Login,200,OK,Thread Group 3 - Custom 3-13,text,true,,12444,136,20,22,https://messenger-fe-eight.vercel.app/login,203,0,0
1768805162415,239,GET Login,200,OK,Thread Group 3 - Custom 3-2,text,true,,12444,136,20,22,https://messenger-fe-eight.vercel.app/login,149,0,0
1768805162479,219,GET Home,200,OK,Thread Group 3 - Custom 3-19,text,true,,8705,131,20,22,https://messenger-fe-eight.vercel.app/,145,0,0
1768805162462,236,GET Login,200,OK,Thread Group 3 - Custom 3-11,text,true,,12444,136,20,22,https://messenger-fe-eight.vercel.app/login,146,0,0
1768805162491,218,GET Login,200,OK,Thread Group 2 - Heavy Load 2-27,text,true,,12444,136,2,22,https://messenger-fe-eight.vercel.app/login,127,0,0
1768805162349,379,GET Home,200,OK,Thread Group 3 - Custom 3-12,text,true,,8705,131,20,21,https://messenger-fe-eight.vercel.app/,219,0,0
1768805162417,328,GET Home,200,OK,Thread Group 3 - Custom 3-16,text,true,,8705,131,20,21,https://messenger-fe-eight.vercel.app/,200,0,0
1768805162479,266,GET Login,200,OK,Thread Group 3 - Custom 3-18,text,true,,12444,136,20,21,https://messenger-fe-eight.vercel.app/login,161,0,0
1768805162556,215,GET Login,200,OK,Thread Group 3 - Custom 3-15,text,true,,12444,136,20,21,https://messenger-fe-eight.vercel.app/login,131,0,0
1768805162491,290,GET Login,200,OK,Thread Group 3 - Custom 3-4,text,true,,12444,136,20,21,https://messenger-fe-eight.vercel.app/login,168,0,0
1768805162594,201,GET Home,200,OK,Thread Group 3 - Custom 3-17,text,true,,8705,131,20,21,https://messenger-fe-eight.vercel.app/,137,0,0
1768805162594,202,GET Home,200,OK,Thread Group 3 - Custom 3-8,text,true,,8705,131,20,21,https://messenger-fe-eight.vercel.app/,137,0,0
1768805162578,218,GET Home,200,OK,Thread Group 3 - Custom 3-3,text,true,,8705,131,20,21,https://messenger-fe-eight.vercel.app/,142,0,0
1768805162505,291,GET Login,200,OK,Thread Group 3 - Custom 3-7,text,true,,12444,136,20,21,https://messenger-fe-eight.vercel.app/login,174,0,0
1768805162527,303,GET Login,200,OK,Thread Group 3 - Custom 3-6,text,true,,12444,136,20,21,https://messenger-fe-eight.vercel.app/login,152,0,0
1768805162479,367,GET Login,200,OK,Thread Group 3 - Custom 3-20,text,true,,12444,136,20,21,https://messenger-fe-eight.vercel.app/login,189,0,0
1768805162654,217,GET Home,200,OK,Thread Group 3 - Custom 3-2,text,true,,8705,131,20,21,https://messenger-fe-eight.vercel.app/,142,0,0
1768805162624,248,GET Home,200,OK,Thread Group 3 - Custom 3-1,text,true,,8705,131,20,21,https://messenger-fe-eight.vercel.app/,172,0,0
1768805162624,248,GET Home,200,OK,Thread Group 3 - Custom 3-9,text,true,,8705,131,20,21,https://messenger-fe-eight.vercel.app/,172,0,0
1768805162648,251,GET Home,200,OK,Thread Group 3 - Custom 3-13,text,true,,8705,131,20,21,https://messenger-fe-eight.vercel.app/,177,0,0
1768805162698,215,GET Home,200,OK,Thread Group 3 - Custom 3-11,text,true,,8705,131,20,21,https://messenger-fe-eight.vercel.app/,147,0,0
1768805162456,474,GET Login,200,OK,Thread Group 3 - Custom 3-14,text,true,,12444,136,20,21,https://messenger-fe-eight.vercel.app/login,223,0,0
1768805162698,232,GET Login,200,OK,Thread Group 3 - Custom 3-19,text,true,,12444,136,20,21,https://messenger-fe-eight.vercel.app/login,147,0,0
1768805162646,304,GET Home,200,OK,Thread Group 3 - Custom 3-10,text,true,,8705,131,20,21,https://messenger-fe-eight.vercel.app/,184,0,0
1768805162745,228,GET Home,200,OK,Thread Group 3 - Custom 3-18,text,true,,8705,131,20,21,https://messenger-fe-eight.vercel.app/,143,0,0
1768805162421,552,GET Home,200,OK,Thread Group 2 - Heavy Load 2-28,text,true,,8705,131,1,21,https://messenger-fe-eight.vercel.app/,451,0,341
1768805162578,395,GET Login,200,OK,Thread Group 3 - Custom 3-5,text,true,,12444,136,20,21,https://messenger-fe-eight.vercel.app/login,203,0,0
1768805162772,224,GET Home,200,OK,Thread Group 3 - Custom 3-15,text,true,,8705,131,20,21,https://messenger-fe-eight.vercel.app/,141,0,0
1768805162781,216,GET Home,200,OK,Thread Group 3 - Custom 3-4,text,true,,8705,131,20,21,https://messenger-fe-eight.vercel.app/,154,0,0
1768805162796,224,GET Home,200,OK,Thread Group 3 - Custom 3-7,text,true,,8705,131,20,22,https://messenger-fe-eight.vercel.app/,163,0,0
1768805162796,230,GET Login,200,OK,Thread Group 3 - Custom 3-8,text,true,,12444,136,20,22,https://messenger-fe-eight.vercel.app/login,154,0,0
1768805162795,231,GET Login,200,OK,Thread Group 3 - Custom 3-17,text,true,,12444,136,20,22,https://messenger-fe-eight.vercel.app/login,154,0,0
1768805162796,250,GET Login,200,OK,Thread Group 3 - Custom 3-3,text,true,,12444,136,20,22,https://messenger-fe-eight.vercel.app/login,159,0,0
1768805162830,239,GET Home,200,OK,Thread Group 3 - Custom 3-6,text,true,,8705,131,20,22,https://messenger-fe-eight.vercel.app/,149,0,0
1768805162872,248,GET Login,200,OK,Thread Group 3 - Custom 3-2,text,true,,12444,136,20,22,https://messenger-fe-eight.vercel.app/login,148,0,0
1768805162931,190,GET Home,200,OK,Thread Group 3 - Custom 3-19,text,true,,8705,131,20,22,https://messenger-fe-eight.vercel.app/,138,0,0
1768805162872,291,GET Login,200,OK,Thread Group 3 - Custom 3-9,text,true,,12444,136,20,22,https://messenger-fe-eight.vercel.app/login,148,0,0
1768805162846,317,GET Home,200,OK,Thread Group 3 - Custom 3-20,text,true,,8705,131,20,22,https://messenger-fe-eight.vercel.app/,174,0,0
1768805162872,291,GET Login,200,OK,Thread Group 3 - Custom 3-1,text,true,,12444,136,20,22,https://messenger-fe-eight.vercel.app/login,148,0,0
1768805162745,419,GET Login,200,OK,Thread Group 3 - Custom 3-16,text,true,,12444,136,20,22,https://messenger-fe-eight.vercel.app/login,210,0,0
1768805162913,251,GET Login,200,OK,Thread Group 3 - Custom 3-11,text,true,,12444,136,20,22,https://messenger-fe-eight.vercel.app/login,156,0,0
1768805162728,446,GET Login,200,OK,Thread Group 3 - Custom 3-12,text,true,,12444,136,20,22,https://messenger-fe-eight.vercel.app/login,222,0,0
1768805163027,178,GET Home,200,OK,Thread Group 3 - Custom 3-17,text,true,,8705,131,20,22,https://messenger-fe-eight.vercel.app/,137,0,0
1768805163027,178,GET Home,200,OK,Thread Group 3 - Custom 3-8,text,true,,8705,131,20,22,https://messenger-fe-eight.vercel.app/,137,0,0
1768805162996,222,GET Login,200,OK,Thread Group 3 - Custom 3-15,text,true,,12444,136,20,22,https://messenger-fe-eight.vercel.app/login,167,0,0
1768805162899,319,GET Login,200,OK,Thread Group 3 - Custom 3-13,text,true,,12444,136,20,22,https://messenger-fe-eight.vercel.app/login,188,0,0
1768805163046,204,GET Home,200,OK,Thread Group 3 - Custom 3-3,text,true,,8705,131,20,22,https://messenger-fe-eight.vercel.app/,149,0,0
1768805162930,324,GET Home,200,OK,Thread Group 3 - Custom 3-14,text,true,,8705,131,20,22,https://messenger-fe-eight.vercel.app/,233,0,0
1768805163021,262,GET Login,200,OK,Thread Group 3 - Custom 3-7,text,true,,12444,136,20,22,https://messenger-fe-eight.vercel.app/login,153,0,0
1768805162997,287,GET Login,200,OK,Thread Group 3 - Custom 3-4,text,true,,12444,136,20,22,https://messenger-fe-eight.vercel.app/login,177,0,0
1768805162973,316,GET Login,200,OK,Thread Group 2 - Heavy Load 2-28,text,true,,12444,136,2,22,https://messenger-fe-eight.vercel.app/login,148,0,0
1768805162973,316,GET Login,200,OK,Thread Group 3 - Custom 3-18,text,true,,12444,136,20,22,https://messenger-fe-eight.vercel.app/login,191,0,0
1768805162973,332,GET Home,200,OK,Thread Group 3 - Custom 3-5,text,true,,8705,131,20,21,https://messenger-fe-eight.vercel.app/,220,0,0
1768805162950,388,GET Login,200,OK,Thread Group 3 - Custom 3-10,text,true,,12444,136,20,21,https://messenger-fe-eight.vercel.app/login,214,0,0
1768805163121,265,GET Home,200,OK,Thread Group 3 - Custom 3-2,text,true,,8705,131,20,21,https://messenger-fe-eight.vercel.app/,217,0,0
1768805163070,317,GET Login,200,OK,Thread Group 3 - Custom 3-6,text,true,,12444,136,20,21,https://messenger-fe-eight.vercel.app/login,180,0,0
1768805163121,272,GET Login,200,OK,Thread Group 3 - Custom 3-19,text,true,,12444,136,20,21,https://messenger-fe-eight.vercel.app/login,200,0,0
1768805163163,240,GET Home,200,OK,Thread Group 3 - Custom 3-9,text,true,,8705,131,20,21,https://messenger-fe-eight.vercel.app/,175,0,0
1768805163163,245,GET Home,200,OK,Thread Group 3 - Custom 3-1,text,true,,8705,131,20,21,https://messenger-fe-eight.vercel.app/,175,0,0
1768805163207,214,GET Login,200,OK,Thread Group 3 - Custom 3-17,text,true,,12444,136,20,21,https://messenger-fe-eight.vercel.app/login,131,0,0
1768805163207,214,GET Login,200,OK,Thread Group 3 - Custom 3-8,text,true,,12444,136,20,21,https://messenger-fe-eight.vercel.app/login,132,0,0
1768805163218,221,GET Home,200,OK,Thread Group 3 - Custom 3-15,text,true,,8705,131,20,21,https://messenger-fe-eight.vercel.app/,130,0,0
1768805163218,239,GET Home,200,OK,Thread Group 3 - Custom 3-13,text,true,,8705,131,20,21,https://messenger-fe-eight.vercel.app/,165,0,0
1768805163250,222,GET Login,200,OK,Thread Group 3 - Custom 3-3,text,true,,12444,136,20,21,https://messenger-fe-eight.vercel.app/login,136,0,0
1768805163289,215,GET Home,200,OK,Thread Group 3 - Custom 3-18,text,true,,8705,131,20,21,https://messenger-fe-eight.vercel.app/,149,0,0
1768805163174,330,GET Home,200,OK,Thread Group 3 - Custom 3-12,text,true,,8705,131,20,21,https://messenger-fe-eight.vercel.app/,209,0,0
1768805163164,341,GET Home,200,OK,Thread Group 3 - Custom 3-16,text,true,,8705,131,20,21,https://messenger-fe-eight.vercel.app/,210,0,0
1768805163283,222,GET Home,200,OK,Thread Group 3 - Custom 3-7,text,true,,8705,131,20,21,https://messenger-fe-eight.vercel.app/,156,0,0
1768805163284,221,GET Home,200,OK,Thread Group 3 - Custom 3-4,text,true,,8705,131,20,21,https://messenger-fe-eight.vercel.app/,155,0,0
1768805163163,399,GET Login,200,OK,Thread Group 3 - Custom 3-20,text,true,,12444,136,20,21,https://messenger-fe-eight.vercel.app/login,210,0,0
1768805163020,542,GET Home,200,OK,Thread Group 2 - Heavy Load 2-29,text,true,,8705,131,1,21,https://messenger-fe-eight.vercel.app/,401,0,280
1768805163164,398,GET Home,200,OK,Thread Group 3 - Custom 3-11,text,true,,8705,131,20,21,https://messenger-fe-eight.vercel.app/,173,0,0
1768805163338,285,GET Home,200,OK,Thread Group 3 - Custom 3-10,text,true,,8705,131,20,22,https://messenger-fe-eight.vercel.app/,224,0,0
1768805163421,203,GET Home,200,OK,Thread Group 3 - Custom 3-17,text,true,,8705,131,20,22,https://messenger-fe-eight.vercel.app/,162,0,0
1768805163421,208,GET Home,200,OK,Thread Group 3 - Custom 3-8,text,true,,8705,131,20,22,https://messenger-fe-eight.vercel.app/,162,0,0
1768805163254,394,GET Login,200,OK,Thread Group 3 - Custom 3-14,text,true,,12444,136,20,22,https://messenger-fe-eight.vercel.app/login,185,0,0
1768805163403,247,GET Login,200,OK,Thread Group 3 - Custom 3-9,text,true,,12444,136,20,22,https://messenger-fe-eight.vercel.app/login,159,0,0
1768805163440,225,GET Login,200,OK,Thread Group 3 - Custom 3-15,text,true,,12444,136,20,22,https://messenger-fe-eight.vercel.app/login,156,0,0
1768805163306,490,GET Login,200,OK,Thread Group 3 - Custom 3-5,text,true,,12444,136,20,22,https://messenger-fe-eight.vercel.app/login,186,0,0
1768805163408,389,GET Login,200,OK,Thread Group 3 - Custom 3-1,text,true,,12444,136,20,22,https://messenger-fe-eight.vercel.app/login,175,0,0
1768805163387,413,GET Home,200,OK,Thread Group 3 - Custom 3-6,text,true,,8705,131,20,22,https://messenger-fe-eight.vercel.app/,236,0,0
1768805163395,406,GET Home,200,OK,Thread Group 3 - Custom 3-19,text,true,,8705,131,20,22,https://messenger-fe-eight.vercel.app/,167,0,0
1768805163387,417,GET Login,200,OK,Thread Group 3 - Custom 3-2,text,true,,12444,136,20,22,https://messenger-fe-eight.vercel.app/login,175,0,0
1768805163472,334,GET Home,200,OK,Thread Group 3 - Custom 3-3,text,true,,8705,131,20,22,https://messenger-fe-eight.vercel.app/,166,0,0
1768805163457,349,GET Login,200,OK,Thread Group 3 - Custom 3-13,text,true,,12444,136,20,22,https://messenger-fe-eight.vercel.app/login,166,0,0
1768805163665,409,GET Home,200,OK,Thread Group 3 - Custom 3-15,text,true,,8705,131,20,22,https://messenger-fe-eight.vercel.app/,142,0,0
1768805163650,425,GET Home,200,OK,Thread Group 3 - Custom 3-9,text,true,,8705,131,20,22,https://messenger-fe-eight.vercel.app/,157,0,0
1768805163504,571,GET Login,200,OK,Thread Group 3 - Custom 3-18,text,true,,12444,136,20,22,https://messenger-fe-eight.vercel.app/login,303,0,0
1768805163505,572,GET Login,200,OK,Thread Group 3 - Custom 3-4,text,true,,12444,136,20,22,https://messenger-fe-eight.vercel.app/login,302,0,0
1768805163563,515,GET Home,200,OK,Thread Group 3 - Custom 3-20,text,true,,8705,131,20,22,https://messenger-fe-eight.vercel.app/,244,0,0
1768805163505,575,GET Login,200,OK,Thread Group 3 - Custom 3-7,text,true,,12444,136,20,22,https://messenger-fe-eight.vercel.app/login,302,0,0
1768805163563,517,GET Login,200,OK,Thread Group 2 - Heavy Load 2-29,text,true,,12444,136,2,22,https://messenger-fe-eight.vercel.app/login,243,0,0
1768805163563,517,GET Login,200,OK,Thread Group 3 - Custom 3-11,text,true,,12444,136,20,22,https://messenger-fe-eight.vercel.app/login,244,0,0
1768805163797,285,GET Home,200,OK,Thread Group 3 - Custom 3-1,text,true,,8705,131,20,21,https://messenger-fe-eight.vercel.app/,284,0,0
1768805163504,578,GET Login,200,OK,Thread Group 3 - Custom 3-12,text,true,,12444,136,20,21,https://messenger-fe-eight.vercel.app/login,303,0,0
1768805163505,577,GET Login,200,OK,Thread Group 3 - Custom 3-16,text,true,,12444,136,20,21,https://messenger-fe-eight.vercel.app/login,302,0,0
1768805163801,311,GET Login,200,OK,Thread Group 3 - Custom 3-6,text,true,,12444,136,20,21,https://messenger-fe-eight.vercel.app/login,280,0,0
1768805163624,488,GET Login,200,OK,Thread Group 3 - Custom 3-17,text,true,,12444,136,20,21,https://messenger-fe-eight.vercel.app/login,183,0,0
1768805163629,492,GET Login,200,OK,Thread Group 3 - Custom 3-8,text,true,,12444,136,20,21,https://messenger-fe-eight.vercel.app/login,178,0,0
1768805163624,546,GET Login,200,OK,Thread Group 3 - Custom 3-10,text,true,,12444,136,20,21,https://messenger-fe-eight.vercel.app/login,183,0,0
1768805163649,555,GET Home,200,OK,Thread Group 3 - Custom 3-14,text,true,,8705,131,20,21,https://messenger-fe-eight.vercel.app/,425,0,0
1768805163804,400,GET Home,200,OK,Thread Group 3 - Custom 3-2,text,true,,8705,131,20,21,https://messenger-fe-eight.vercel.app/,277,0,0
1768805163804,400,GET Home,200,OK,Thread Group 3 - Custom 3-5,text,true,,8705,131,20,21,https://messenger-fe-eight.vercel.app/,277,0,0
1768805163801,403,GET Login,200,OK,Thread Group 3 - Custom 3-19,text,true,,12444,136,20,21,https://messenger-fe-eight.vercel.app/login,280,0,0
1768805164080,200,GET Home,200,OK,Thread Group 3 - Custom 3-11,text,true,,8705,131,20,22,https://messenger-fe-eight.vercel.app/,153,0,0
1768805164076,211,GET Home,200,OK,Thread Group 3 - Custom 3-18,text,true,,8705,131,20,22,https://messenger-fe-eight.vercel.app/,158,0,0
1768805164080,214,GET Home,200,OK,Thread Group 3 - Custom 3-7,text,true,,8705,131,20,22,https://messenger-fe-eight.vercel.app/,154,0,0
1768805164078,224,GET Home,200,OK,Thread Group 3 - Custom 3-4,text,true,,8705,131,20,22,https://messenger-fe-eight.vercel.app/,156,0,0
1768805163807,531,GET Home,200,OK,Thread Group 3 - Custom 3-13,text,true,,8705,131,20,22,https://messenger-fe-eight.vercel.app/,427,0,0
1768805164076,262,GET Login,200,OK,Thread Group 3 - Custom 3-9,text,true,,12444,136,20,22,https://messenger-fe-eight.vercel.app/login,158,0,0
1768805164082,258,GET Login,200,OK,Thread Group 3 - Custom 3-1,text,true,,12444,136,20,22,https://messenger-fe-eight.vercel.app/login,161,0,0
1768805163806,574,GET Login,200,OK,Thread Group 3 - Custom 3-3,text,true,,12444,136,20,22,https://messenger-fe-eight.vercel.app/login,407,0,0
1768805164074,306,GET Login,200,OK,Thread Group 3 - Custom 3-15,text,true,,12444,136,20,22,https://messenger-fe-eight.vercel.app/login,138,0,0
1768805164082,306,GET Home,200,OK,Thread Group 3 - Custom 3-12,text,true,,8705,131,20,22,https://messenger-fe-eight.vercel.app/,180,0,0
1768805164082,323,GET Home,200,OK,Thread Group 3 - Custom 3-16,text,true,,8705,131,20,22,https://messenger-fe-eight.vercel.app/,189,0,0
1768805164078,347,GET Login,200,OK,Thread Group 3 - Custom 3-20,text,true,,12444,136,20,22,https://messenger-fe-eight.vercel.app/login,172,0,0
1768805164121,392,GET Home,200,OK,Thread Group 3 - Custom 3-8,text,true,,8705,131,20,22,https://messenger-fe-eight.vercel.app/,303,0,0
1768805164112,402,GET Home,200,OK,Thread Group 3 - Custom 3-17,text,true,,8705,131,20,22,https://messenger-fe-eight.vercel.app/,312,0,0
1768805163618,899,GET Home,200,OK,Thread Group 2 - Heavy Load 2-30,text,true,,8705,131,2,22,https://messenger-fe-eight.vercel.app/,771,0,588
1768805164112,418,GET Home,200,OK,Thread Group 3 - Custom 3-6,text,true,,8705,131,20,22,https://messenger-fe-eight.vercel.app/,398,0,0
1768805164281,251,GET Login,200,OK,Thread Group 3 - Custom 3-11,text,true,,12444,136,20,22,https://messenger-fe-eight.vercel.app/login,231,0,0
1768805164170,380,GET Home,200,OK,Thread Group 3 - Custom 3-10,text,true,,8705,131,20,22,https://messenger-fe-eight.vercel.app/,343,0,0
1768805164287,263,GET Login,200,OK,Thread Group 3 - Custom 3-18,text,true,,12444,136,20,22,https://messenger-fe-eight.vercel.app/login,226,0,0
1768805164303,272,GET Login,200,OK,Thread Group 3 - Custom 3-4,text,true,,12444,136,20,22,https://messenger-fe-eight.vercel.app/login,210,0,0
1768805164338,241,GET Home,200,OK,Thread Group 3 - Custom 3-9,text,true,,8705,131,20,22,https://messenger-fe-eight.vercel.app/,191,0,0
1768805164340,242,GET Home,200,OK,Thread Group 3 - Custom 3-1,text,true,,8705,131,20,22,https://messenger-fe-eight.vercel.app/,189,0,0
1768805164381,258,GET Home,200,OK,Thread Group 3 - Custom 3-15,text,true,,8705,131,20,22,https://messenger-fe-eight.vercel.app/,148,0,0
1768805164204,435,GET Login,200,OK,Thread Group 3 - Custom 3-5,text,true,,12444,136,20,22,https://messenger-fe-eight.vercel.app/login,309,0,0
1768805164381,258,GET Home,200,OK,Thread Group 3 - Custom 3-3,text,true,,8705,131,20,22,https://messenger-fe-eight.vercel.app/,148,0,0
1768805164204,435,GET Login,200,OK,Thread Group 3 - Custom 3-14,text,true,,12444,136,20,22,https://messenger-fe-eight.vercel.app/login,309,0,0
1768805164294,345,GET Login,200,OK,Thread Group 3 - Custom 3-7,text,true,,12444,136,20,22,https://messenger-fe-eight.vercel.app/login,218,0,0
1768805164338,344,GET Login,200,OK,Thread Group 3 - Custom 3-13,text,true,,12444,136,20,22,https://messenger-fe-eight.vercel.app/login,207,0,0
1768805164204,491,GET Login,200,OK,Thread Group 3 - Custom 3-2,text,true,,12444,136,20,22,https://messenger-fe-eight.vercel.app/login,220,0,0
1768805164518,374,GET Login,200,OK,Thread Group 2 - Heavy Load 2-30,text,true,,12444,136,3,23,https://messenger-fe-eight.vercel.app/login,141,0,0
1768805164517,376,GET Login,200,OK,Thread Group 3 - Custom 3-17,text,true,,12444,136,20,22,https://messenger-fe-eight.vercel.app/login,162,0,0
1768805164514,379,GET Login,200,OK,Thread Group 3 - Custom 3-8,text,true,,12444,136,20,22,https://messenger-fe-eight.vercel.app/login,165,0,0
1768805164388,505,GET Login,200,OK,Thread Group 3 - Custom 3-12,text,true,,12444,136,20,22,https://messenger-fe-eight.vercel.app/login,187,0,0
1768805164532,363,GET Home,200,OK,Thread Group 3 - Custom 3-11,text,true,,8705,131,20,22,https://messenger-fe-eight.vercel.app/,356,0,0
1768805164550,345,GET Home,200,OK,Thread Group 3 - Custom 3-18,text,true,,8705,131,20,22,https://messenger-fe-eight.vercel.app/,338,0,0
1768805164576,319,GET Home,200,OK,Thread Group 3 - Custom 3-4,text,true,,8705,131,20,22,https://messenger-fe-eight.vercel.app/,316,0,0
1768805164425,470,GET Home,200,OK,Thread Group 3 - Custom 3-20,text,true,,8705,131,20,22,https://messenger-fe-eight.vercel.app/,463,0,0
1768805164583,312,GET Login,200,OK,Thread Group 3 - Custom 3-1,text,true,,12444,136,20,22,https://messenger-fe-eight.vercel.app/login,308,0,0
1768805164579,316,GET Login,200,OK,Thread Group 3 - Custom 3-9,text,true,,12444,136,20,22,https://messenger-fe-eight.vercel.app/login,313,0,0
1768805164640,256,GET Home,200,OK,Thread Group 3 - Custom 3-7,text,true,,8705,131,20,22,https://messenger-fe-eight.vercel.app/,255,0,0
1768805164550,365,GET Login,200,OK,Thread Group 3 - Custom 3-10,text,true,,12444,136,20,22,https://messenger-fe-eight.vercel.app/login,343,0,0
1768805164640,280,GET Home,200,OK,Thread Group 3 - Custom 3-5,text,true,,8705,131,20,22,https://messenger-fe-eight.vercel.app/,255,0,0
1768805164640,280,GET Home,200,OK,Thread Group 3 - Custom 3-14,text,true,,8705,131,20,22,https://messenger-fe-eight.vercel.app/,255,0,0
1768805164405,533,GET Login,200,OK,Thread Group 3 - Custom 3-16,text,true,,12444,136,20,22,https://messenger-fe-eight.vercel.app/login,483,0,0
1768805164640,317,GET Login,200,OK,Thread Group 3 - Custom 3-3,text,true,,12444,136,20,22,https://messenger-fe-eight.vercel.app/login,255,0,0
1768805164205,775,GET Home,200,OK,Thread Group 3 - Custom 3-19,text,true,,8705,131,20,22,https://messenger-fe-eight.vercel.app/,435,0,0
1768805164530,674,GET Login,200,OK,Thread Group 3 - Custom 3-6,text,true,,12444,136,20,22,https://messenger-fe-eight.vercel.app/login,361,0,0
1768805164640,564,GET Login,200,OK,Thread Group 3 - Custom 3-15,text,true,,12444,136,20,22,https://messenger-fe-eight.vercel.app/login,255,0,0
1768805164682,523,GET Home,200,OK,Thread Group 3 - Custom 3-13,text,true,,8705,131,20,22,https://messenger-fe-eight.vercel.app/,213,0,0
1768805164696,509,GET Home,200,OK,Thread Group 3 - Custom 3-2,text,true,,8705,131,20,22,https://messenger-fe-eight.vercel.app/,199,0,0
1768805164221,984,GET Home,200,OK,Thread Group 2 - Heavy Load 2-31,text,true,,8705,131,2,22,https://messenger-fe-eight.vercel.app/,683,0,311
1768805164893,316,GET Home,200,OK,Thread Group 3 - Custom 3-17,text,true,,8705,131,20,22,https://messenger-fe-eight.vercel.app/,315,0,0
1768805164896,313,GET Home,200,OK,Thread Group 3 - Custom 3-9,text,true,,8705,131,20,22,https://messenger-fe-eight.vercel.app/,313,0,0
1768805164896,313,GET Home,200,OK,Thread Group 3 - Custom 3-1,text,true,,8705,131,20,22,https://messenger-fe-eight.vercel.app/,313,0,0
1768805164896,313,GET Login,200,OK,Thread Group 3 - Custom 3-7,text,true,,12444,136,20,22,https://messenger-fe-eight.vercel.app/login,313,0,0
1768805164895,314,GET Login,200,OK,Thread Group 3 - Custom 3-11,text,true,,12444,136,20,22,https://messenger-fe-eight.vercel.app/login,314,0,0
1768805164957,252,GET Home,200,OK,Thread Group 3 - Custom 3-3,text,true,,8705,131,20,22,https://messenger-fe-eight.vercel.app/,252,0,0
1768805164915,294,GET Home,200,OK,Thread Group 3 - Custom 3-10,text,true,,8705,131,20,22,https://messenger-fe-eight.vercel.app/,294,0,0
1768805164895,314,GET Login,200,OK,Thread Group 3 - Custom 3-4,text,true,,12444,136,20,22,https://messenger-fe-eight.vercel.app/login,314,0,0
1768805164895,315,GET Login,200,OK,Thread Group 3 - Custom 3-18,text,true,,12444,136,20,22,https://messenger-fe-eight.vercel.app/login,314,0,0
1768805164895,347,GET Login,200,OK,Thread Group 3 - Custom 3-20,text,true,,12444,136,20,22,https://messenger-fe-eight.vercel.app/login,314,0,0
1768805164938,325,GET Home,200,OK,Thread Group 3 - Custom 3-16,text,true,,8705,131,20,22,https://messenger-fe-eight.vercel.app/,271,0,0
1768805164920,351,GET Login,200,OK,Thread Group 3 - Custom 3-5,text,true,,12444,136,20,22,https://messenger-fe-eight.vercel.app/login,289,0,0
1768805164920,381,GET Login,200,OK,Thread Group 3 - Custom 3-14,text,true,,12444,136,20,22,https://messenger-fe-eight.vercel.app/login,289,0,0
1768805164893,446,GET Home,200,OK,Thread Group 3 - Custom 3-8,text,true,,8705,131,20,22,https://messenger-fe-eight.vercel.app/,315,0,0
1768805164893,585,GET Home,200,OK,Thread Group 3 - Custom 3-12,text,true,,8705,131,20,23,https://messenger-fe-eight.vercel.app/,316,0,0
1768805165210,288,GET Home,200,OK,Thread Group 3 - Custom 3-18,text,true,,8705,131,20,23,https://messenger-fe-eight.vercel.app/,264,0,0
1768805165209,289,GET Login,200,OK,Thread Group 3 - Custom 3-17,text,true,,12444,136,20,23,https://messenger-fe-eight.vercel.app/login,265,0,0
1768805165210,288,GET Home,200,OK,Thread Group 3 - Custom 3-4,text,true,,8705,131,20,23,https://messenger-fe-eight.vercel.app/,266,0,0
1768805165205,295,GET Home,200,OK,Thread Group 3 - Custom 3-6,text,true,,8705,131,20,23,https://messenger-fe-eight.vercel.app/,271,0,0
1768805165205,295,GET Home,200,OK,Thread Group 3 - Custom 3-15,text,true,,8705,131,20,23,https://messenger-fe-eight.vercel.app/,271,0,0
1768805165209,291,GET Login,200,OK,Thread Group 3 - Custom 3-1,text,true,,12444,136,20,23,https://messenger-fe-eight.vercel.app/login,267,0,0
1768805165205,324,GET Login,200,OK,Thread Group 3 - Custom 3-13,text,true,,12444,136,20,23,https://messenger-fe-eight.vercel.app/login,274,0,0
1768805165210,402,GET Login,200,OK,Thread Group 3 - Custom 3-10,text,true,,12444,136,20,23,https://messenger-fe-eight.vercel.app/login,266,0,0
1768805165205,407,GET Login,200,OK,Thread Group 3 - Custom 3-2,text,true,,12444,136,20,23,https://messenger-fe-eight.vercel.app/login,274,0,0
1768805165301,312,GET Home,200,OK,Thread Group 3 - Custom 3-14,text,true,,8705,131,20,23,https://messenger-fe-eight.vercel.app/,199,0,0
1768805164821,850,GET Home,200,OK,Thread Group 2 - Heavy Load 2-32,text,true,,8705,131,3,23,https://messenger-fe-eight.vercel.app/,655,0,389
1768805165205,467,GET Login,200,OK,Thread Group 2 - Heavy Load 2-31,text,true,,12444,136,3,23,https://messenger-fe-eight.vercel.app/login,136,0,0
1768805165264,408,GET Login,200,OK,Thread Group 3 - Custom 3-16,text,true,,12444,136,20,23,https://messenger-fe-eight.vercel.app/login,235,0,0
1768805165210,552,GET Home,200,OK,Thread Group 3 - Custom 3-7,text,true,,8705,131,20,22,https://messenger-fe-eight.vercel.app/,264,0,0
1768805165209,553,GET Login,200,OK,Thread Group 3 - Custom 3-9,text,true,,12444,136,20,22,https://messenger-fe-eight.vercel.app/login,265,0,0
1768805165210,561,GET Home,200,OK,Thread Group 3 - Custom 3-11,text,true,,8705,131,20,22,https://messenger-fe-eight.vercel.app/,264,0,0
1768805165210,564,GET Login,200,OK,Thread Group 3 - Custom 3-3,text,true,,12444,136,20,22,https://messenger-fe-eight.vercel.app/login,266,0,0
1768805165271,503,GET Home,200,OK,Thread Group 3 - Custom 3-5,text,true,,8705,131,20,22,https://messenger-fe-eight.vercel.app/,229,0,0
1768805165242,532,GET Home,200,OK,Thread Group 3 - Custom 3-20,text,true,,8705,131,20,22,https://messenger-fe-eight.vercel.app/,256,0,0
1768805164980,816,GET Login,200,OK,Thread Group 3 - Custom 3-19,text,true,,12444,136,20,22,https://messenger-fe-eight.vercel.app/login,324,0,0
1768805165498,347,GET Home,200,OK,Thread Group 3 - Custom 3-17,text,true,,8705,131,20,22,https://messenger-fe-eight.vercel.app/,318,0,0
1768805165500,374,GET Home,200,OK,Thread Group 3 - Custom 3-1,text,true,,8705,131,20,22,https://messenger-fe-eight.vercel.app/,316,0,0
1768805165339,535,GET Login,200,OK,Thread Group 3 - Custom 3-8,text,true,,12444,136,20,22,https://messenger-fe-eight.vercel.app/login,457,0,0
1768805165529,493,GET Home,200,OK,Thread Group 3 - Custom 3-13,text,true,,8705,131,20,23,https://messenger-fe-eight.vercel.app/,306,0,0
1768805165612,411,GET Home,200,OK,Thread Group 3 - Custom 3-10,text,true,,8705,131,20,23,https://messenger-fe-eight.vercel.app/,213,0,0
1768805165498,525,GET Login,200,OK,Thread Group 3 - Custom 3-18,text,true,,12444,136,20,23,https://messenger-fe-eight.vercel.app/login,318,0,0
1768805165671,352,GET Login,200,OK,Thread Group 2 - Heavy Load 2-32,text,true,,12444,136,3,23,https://messenger-fe-eight.vercel.app/login,350,0,0
1768805165499,524,GET Login,200,OK,Thread Group 3 - Custom 3-4,text,true,,12444,136,20,22,https://messenger-fe-eight.vercel.app/login,317,0,0
1768805165612,411,GET Home,200,OK,Thread Group 3 - Custom 3-2,text,true,,8705,131,20,22,https://messenger-fe-eight.vercel.app/,223,0,0
1768805165500,525,GET Login,200,OK,Thread Group 3 - Custom 3-6,text,true,,12444,136,20,22,https://messenger-fe-eight.vercel.app/login,325,0,0
1768805165500,526,GET Login,200,OK,Thread Group 3 - Custom 3-15,text,true,,12444,136,20,22,https://messenger-fe-eight.vercel.app/login,325,0,0
1768805165613,417,GET Login,200,OK,Thread Group 3 - Custom 3-14,text,true,,12444,136,20,22,https://messenger-fe-eight.vercel.app/login,225,0,0
1768805165774,282,GET Home,200,OK,Thread Group 3 - Custom 3-3,text,true,,8705,131,20,22,https://messenger-fe-eight.vercel.app/,250,0,0
1768805165479,577,GET Login,200,OK,Thread Group 3 - Custom 3-12,text,true,,12444,136,20,22,https://messenger-fe-eight.vercel.app/login,366,0,0
1768805165762,294,GET Login,200,OK,Thread Group 3 - Custom 3-7,text,true,,12444,136,20,22,https://messenger-fe-eight.vercel.app/login,261,0,0
1768805165845,219,GET Login,200,OK,Thread Group 3 - Custom 3-17,text,true,,12444,136,20,22,https://messenger-fe-eight.vercel.app/login,181,0,0
1768805165874,195,GET Home,200,OK,Thread Group 3 - Custom 3-8,text,true,,8705,131,20,22,https://messenger-fe-eight.vercel.app/,156,0,0
1768805165674,417,GET Home,200,OK,Thread Group 3 - Custom 3-16,text,true,,8705,131,20,22,https://messenger-fe-eight.vercel.app/,351,0,0
1768805165774,567,GET Login,200,OK,Thread Group 3 - Custom 3-20,text,true,,12444,136,20,22,https://messenger-fe-eight.vercel.app/login,251,0,0
1768805165774,575,GET Login,200,OK,Thread Group 3 - Custom 3-5,text,true,,12444,136,20,22,https://messenger-fe-eight.vercel.app/login,251,0,0
1768805165874,480,GET Login,200,OK,Thread Group 3 - Custom 3-1,text,true,,12444,136,20,22,https://messenger-fe-eight.vercel.app/login,182,0,0
1768805165771,583,GET Login,200,OK,Thread Group 3 - Custom 3-11,text,true,,12444,136,20,22,https://messenger-fe-eight.vercel.app/login,252,0,0
1768805165762,593,GET Home,200,OK,Thread Group 3 - Custom 3-9,text,true,,8705,131,20,22,https://messenger-fe-eight.vercel.app/,261,0,0
1768805166025,332,GET Home,200,OK,Thread Group 3 - Custom 3-6,text,true,,8705,131,20,22,https://messenger-fe-eight.vercel.app/,332,0,0
1768805166030,328,GET Home,200,OK,Thread Group 3 - Custom 3-14,text,true,,8705,131,20,22,https://messenger-fe-eight.vercel.app/,327,0,0
1768805166023,335,GET Login,200,OK,Thread Group 3 - Custom 3-13,text,true,,12444,136,20,22,https://messenger-fe-eight.vercel.app/login,333,0,0
1768805166056,336,GET Home,200,OK,Thread Group 3 - Custom 3-12,text,true,,8705,131,20,22,https://messenger-fe-eight.vercel.app/,301,0,0
1768805166023,370,GET Login,200,OK,Thread Group 3 - Custom 3-10,text,true,,12444,136,20,22,https://messenger-fe-eight.vercel.app/login,333,0,0
1768805165797,596,GET Home,200,OK,Thread Group 3 - Custom 3-19,text,true,,8705,131,20,22,https://messenger-fe-eight.vercel.app/,287,0,0
1768805166056,338,GET Login,200,OK,Thread Group 3 - Custom 3-3,text,true,,12444,136,20,22,https://messenger-fe-eight.vercel.app/login,301,0,0
1768805166023,465,GET Home,200,OK,Thread Group 3 - Custom 3-4,text,true,,8705,131,20,22,https://messenger-fe-eight.vercel.app/,333,0,0
1768805166023,465,GET Login,200,OK,Thread Group 3 - Custom 3-2,text,true,,12444,136,20,22,https://messenger-fe-eight.vercel.app/login,334,0,0
1768805166023,465,GET Home,200,OK,Thread Group 3 - Custom 3-18,text,true,,8705,131,20,22,https://messenger-fe-eight.vercel.app/,333,0,0
1768805166056,432,GET Home,200,OK,Thread Group 3 - Custom 3-7,text,true,,8705,131,20,22,https://messenger-fe-eight.vercel.app/,300,0,0
1768805166069,419,GET Login,200,OK,Thread Group 3 - Custom 3-8,text,true,,12444,136,20,22,https://messenger-fe-eight.vercel.app/login,287,0,0
1768805166026,462,GET Home,200,OK,Thread Group 3 - Custom 3-15,text,true,,8705,131,20,22,https://messenger-fe-eight.vercel.app/,331,0,0
1768805165421,1067,GET Home,200,OK,Thread Group 2 - Heavy Load 2-33,text,true,,8705,131,2,22,https://messenger-fe-eight.vercel.app/,935,0,650
1768805166064,424,GET Home,200,OK,Thread Group 3 - Custom 3-17,text,true,,8705,131,20,22,https://messenger-fe-eight.vercel.app/,292,0,0
1768805166091,419,GET Login,200,OK,Thread Group 3 - Custom 3-16,text,true,,12444,136,20,22,https://messenger-fe-eight.vercel.app/login,266,0,0
1768805166358,295,GET Home,200,OK,Thread Group 3 - Custom 3-13,text,true,,8705,131,20,23,https://messenger-fe-eight.vercel.app/,175,0,0
1768805166355,302,GET Home,200,OK,Thread Group 3 - Custom 3-1,text,true,,8705,131,20,23,https://messenger-fe-eight.vercel.app/,178,0,0
1768805166342,316,GET Home,200,OK,Thread Group 3 - Custom 3-20,text,true,,8705,131,20,23,https://messenger-fe-eight.vercel.app/,191,0,0
1768805166350,312,GET Home,200,OK,Thread Group 3 - Custom 3-5,text,true,,8705,131,20,23,https://messenger-fe-eight.vercel.app/,197,0,0
1768805166394,268,GET Home,200,OK,Thread Group 3 - Custom 3-3,text,true,,8705,131,20,23,https://messenger-fe-eight.vercel.app/,258,0,0
1768805166393,286,GET Home,200,OK,Thread Group 3 - Custom 3-10,text,true,,8705,131,20,23,https://messenger-fe-eight.vercel.app/,196,0,0
1768805166489,192,GET Login,200,OK,Thread Group 2 - Heavy Load 2-33,text,true,,12444,136,3,23,https://messenger-fe-eight.vercel.app/login,172,0,0
1768805166358,330,GET Login,200,OK,Thread Group 3 - Custom 3-6,text,true,,12444,136,20,22,https://messenger-fe-eight.vercel.app/login,180,0,0
1768805166358,371,GET Login,200,OK,Thread Group 3 - Custom 3-14,text,true,,12444,136,20,22,https://messenger-fe-eight.vercel.app/login,189,0,0
1768805166392,379,GET Login,200,OK,Thread Group 3 - Custom 3-12,text,true,,12444,136,20,22,https://messenger-fe-eight.vercel.app/login,260,0,0
1768805166488,297,GET Login,200,OK,Thread Group 3 - Custom 3-18,text,true,,12444,136,20,22,https://messenger-fe-eight.vercel.app/login,193,0,0
1768805166511,320,GET Home,200,OK,Thread Group 3 - Custom 3-16,text,true,,8705,131,20,22,https://messenger-fe-eight.vercel.app/,199,0,0
1768805166488,388,GET Login,200,OK,Thread Group 3 - Custom 3-15,text,true,,12444,136,20,22,https://messenger-fe-eight.vercel.app/login,208,0,0
1768805166488,388,GET Home,200,OK,Thread Group 3 - Custom 3-2,text,true,,8705,131,20,22,https://messenger-fe-eight.vercel.app/,241,0,0
1768805166488,389,GET Login,200,OK,Thread Group 3 - Custom 3-4,text,true,,12444,136,20,22,https://messenger-fe-eight.vercel.app/login,208,0,0
1768805166020,885,GET Home,200,OK,Thread Group 2 - Heavy Load 2-34,text,true,,8705,131,2,22,https://messenger-fe-eight.vercel.app/,771,0,640
1768805166689,233,GET Home,200,OK,Thread Group 3 - Custom 3-6,text,true,,8705,131,20,22,https://messenger-fe-eight.vercel.app/,150,0,0
1768805166658,276,GET Login,200,OK,Thread Group 3 - Custom 3-1,text,true,,12444,136,20,22,https://messenger-fe-eight.vercel.app/login,170,0,0
1768805166653,298,GET Login,200,OK,Thread Group 3 - Custom 3-13,text,true,,12444,136,20,22,https://messenger-fe-eight.vercel.app/login,148,0,0
1768805166355,596,GET Home,200,OK,Thread Group 3 - Custom 3-11,text,true,,8705,131,20,22,https://messenger-fe-eight.vercel.app/,324,0,0
1768805166662,316,GET Login,200,OK,Thread Group 3 - Custom 3-3,text,true,,12444,136,20,22,https://messenger-fe-eight.vercel.app/login,177,0,0
1768805166679,313,GET Login,200,OK,Thread Group 3 - Custom 3-10,text,true,,12444,136,20,22,https://messenger-fe-eight.vercel.app/login,197,0,0
1768805166786,214,GET Home,200,OK,Thread Group 3 - Custom 3-18,text,true,,8705,131,20,22,https://messenger-fe-eight.vercel.app/,165,0,0
1768805166662,338,GET Login,200,OK,Thread Group 3 - Custom 3-5,text,true,,12444,136,20,22,https://messenger-fe-eight.vercel.app/login,213,0,0
1768805166658,347,GET Login,200,OK,Thread Group 3 - Custom 3-20,text,true,,12444,136,20,22,https://messenger-fe-eight.vercel.app/login,181,0,0
1768805166730,306,GET Home,200,OK,Thread Group 3 - Custom 3-14,text,true,,8705,131,20,22,https://messenger-fe-eight.vercel.app/,192,0,0
1768805166771,283,GET Home,200,OK,Thread Group 3 - Custom 3-12,text,true,,8705,131,20,22,https://messenger-fe-eight.vercel.app/,180,0,0
1768805166488,623,GET Home,200,OK,Thread Group 3 - Custom 3-8,text,true,,8705,131,20,22,https://messenger-fe-eight.vercel.app/,340,0,0
1768805166935,221,GET Home,200,OK,Thread Group 3 - Custom 3-1,text,true,,8705,131,20,22,https://messenger-fe-eight.vercel.app/,176,0,0
1768805166394,765,GET Login,200,OK,Thread Group 3 - Custom 3-19,text,true,,12444,136,20,22,https://messenger-fe-eight.vercel.app/login,302,0,0
1768805166906,267,GET Login,200,OK,Thread Group 2 - Heavy Load 2-34,text,true,,12444,136,2,22,https://messenger-fe-eight.vercel.app/login,148,0,0
1768805166832,351,GET Login,200,OK,Thread Group 3 - Custom 3-16,text,true,,12444,136,20,21,https://messenger-fe-eight.vercel.app/login,168,0,0
1768805166951,248,GET Home,200,OK,Thread Group 3 - Custom 3-13,text,true,,8705,131,20,21,https://messenger-fe-eight.vercel.app/,161,0,0
1768805166876,359,GET Home,200,OK,Thread Group 3 - Custom 3-15,text,true,,8705,131,20,22,https://messenger-fe-eight.vercel.app/,238,0,0
1768805166877,372,GET Home,200,OK,Thread Group 3 - Custom 3-4,text,true,,8705,131,20,22,https://messenger-fe-eight.vercel.app/,261,0,0
1768805166979,270,GET Home,200,OK,Thread Group 3 - Custom 3-3,text,true,,8705,131,20,22,https://messenger-fe-eight.vercel.app/,184,0,0
1768805166992,266,GET Home,200,OK,Thread Group 3 - Custom 3-10,text,true,,8705,131,20,22,https://messenger-fe-eight.vercel.app/,172,0,0
1768805167000,267,GET Home,200,OK,Thread Group 3 - Custom 3-5,text,true,,8705,131,20,22,https://messenger-fe-eight.vercel.app/,174,0,0
1768805166922,345,GET Login,200,OK,Thread Group 3 - Custom 3-6,text,true,,12444,136,20,22,https://messenger-fe-eight.vercel.app/login,216,0,0
1768805166620,663,GET Home,200,OK,Thread Group 2 - Heavy Load 2-35,text,true,,8705,131,2,22,https://messenger-fe-eight.vercel.app/,562,0,419
1768805167006,277,GET Home,200,OK,Thread Group 3 - Custom 3-20,text,true,,8705,131,20,22,https://messenger-fe-eight.vercel.app/,193,0,0
1768805167000,283,GET Login,200,OK,Thread Group 3 - Custom 3-18,text,true,,12444,136,20,22,https://messenger-fe-eight.vercel.app/login,182,0,0
1768805166876,456,GET Login,200,OK,Thread Group 3 - Custom 3-2,text,true,,12444,136,20,22,https://messenger-fe-eight.vercel.app/login,262,0,0
1768805166355,1011,GET Login,200,OK,Thread Group 3 - Custom 3-9,text,true,,12444,136,20,22,https://messenger-fe-eight.vercel.app/login,521,0,0
1768805167054,336,GET Login,200,OK,Thread Group 3 - Custom 3-12,text,true,,12444,136,20,22,https://messenger-fe-eight.vercel.app/login,194,0,0
1768805167037,366,GET Login,200,OK,Thread Group 3 - Custom 3-14,text,true,,12444,136,20,22,https://messenger-fe-eight.vercel.app/login,198,0,0
1768805167158,270,GET Login,200,OK,Thread Group 3 - Custom 3-1,text,true,,12444,136,20,22,https://messenger-fe-eight.vercel.app/login,159,0,0
1768805166489,959,GET Login,200,OK,Thread Group 3 - Custom 3-17,text,true,,12444,136,20,22,https://messenger-fe-eight.vercel.app/login,462,0,0
1768805167183,278,GET Home,200,OK,Thread Group 3 - Custom 3-16,text,true,,8705,131,20,22,https://messenger-fe-eight.vercel.app/,163,0,0
1768805167283,206,GET Home,200,OK,Thread Group 3 - Custom 3-18,text,true,,8705,131,20,22,https://messenger-fe-eight.vercel.app/,145,0,0
1768805167267,240,GET Home,200,OK,Thread Group 3 - Custom 3-6,text,true,,8705,131,20,22,https://messenger-fe-eight.vercel.app/,163,0,0
1768805167199,308,GET Login,200,OK,Thread Group 3 - Custom 3-13,text,true,,12444,136,20,22,https://messenger-fe-eight.vercel.app/login,163,0,0
1768805167283,261,GET Login,200,OK,Thread Group 2 - Heavy Load 2-35,text,true,,12444,136,2,22,https://messenger-fe-eight.vercel.app/login,120,0,0
1768805167249,337,GET Login,200,OK,Thread Group 3 - Custom 3-3,text,true,,12444,136,20,21,https://messenger-fe-eight.vercel.app/login,199,0,0
1768805167258,332,GET Login,200,OK,Thread Group 3 - Custom 3-10,text,true,,12444,136,20,21,https://messenger-fe-eight.vercel.app/login,190,0,0
1768805167283,315,GET Login,200,OK,Thread Group 3 - Custom 3-20,text,true,,12444,136,20,21,https://messenger-fe-eight.vercel.app/login,165,0,0
1768805167267,353,GET Login,200,OK,Thread Group 3 - Custom 3-5,text,true,,12444,136,20,21,https://messenger-fe-eight.vercel.app/login,181,0,0
1768805167332,304,GET Home,200,OK,Thread Group 3 - Custom 3-2,text,true,,8705,131,20,21,https://messenger-fe-eight.vercel.app/,175,0,0
1768805167235,401,GET Login,200,OK,Thread Group 3 - Custom 3-15,text,true,,12444,136,20,21,https://messenger-fe-eight.vercel.app/login,219,0,0
1768805166951,696,GET Login,200,OK,Thread Group 3 - Custom 3-11,text,true,,12444,136,20,21,https://messenger-fe-eight.vercel.app/login,284,0,0
1768805167249,431,GET Login,200,OK,Thread Group 3 - Custom 3-4,text,true,,12444,136,20,21,https://messenger-fe-eight.vercel.app/login,221,0,0
1768805167390,294,GET Home,200,OK,Thread Group 3 - Custom 3-12,text,true,,8705,131,20,21,https://messenger-fe-eight.vercel.app/,201,0,0
1768805167159,531,GET Home,200,OK,Thread Group 3 - Custom 3-19,text,true,,8705,131,20,21,https://messenger-fe-eight.vercel.app/,295,0,0
1768805167428,271,GET Home,200,OK,Thread Group 3 - Custom 3-1,text,true,,8705,131,20,21,https://messenger-fe-eight.vercel.app/,158,0,0
1768805167220,479,GET Home,200,OK,Thread Group 2 - Heavy Load 2-36,text,true,,8705,131,1,21,https://messenger-fe-eight.vercel.app/,349,0,211
1768805167403,306,GET Home,200,OK,Thread Group 3 - Custom 3-14,text,true,,8705,131,20,21,https://messenger-fe-eight.vercel.app/,215,0,0
1768805167489,240,GET Login,200,OK,Thread Group 3 - Custom 3-18,text,true,,12444,136,20,21,https://messenger-fe-eight.vercel.app/login,131,0,0
1768805167507,257,GET Home,200,OK,Thread Group 3 - Custom 3-13,text,true,,8705,131,20,21,https://messenger-fe-eight.vercel.app/,170,0,0
1768805167507,286,GET Login,200,OK,Thread Group 3 - Custom 3-6,text,true,,12444,136,20,21,https://messenger-fe-eight.vercel.app/login,161,0,0
1768805167461,365,GET Login,200,OK,Thread Group 3 - Custom 3-16,text,true,,12444,136,20,22,https://messenger-fe-eight.vercel.app/login,177,0,0
1768805166488,1339,GET Login,200,OK,Thread Group 3 - Custom 3-7,text,true,,12444,136,20,22,https://messenger-fe-eight.vercel.app/login,549,0,0
1768805167366,461,GET Home,200,OK,Thread Group 3 - Custom 3-9,text,true,,8705,131,20,22,https://messenger-fe-eight.vercel.app/,252,0,0
1768805167587,244,GET Home,200,OK,Thread Group 3 - Custom 3-3,text,true,,8705,131,20,22,https://messenger-fe-eight.vercel.app/,162,0,0
1768805167590,252,GET Home,200,OK,Thread Group 3 - Custom 3-10,text,true,,8705,131,20,22,https://messenger-fe-eight.vercel.app/,159,0,0
1768805167111,732,GET Login,200,OK,Thread Group 3 - Custom 3-8,text,true,,12444,136,20,22,https://messenger-fe-eight.vercel.app/login,337,0,0
1768805167598,259,GET Home,200,OK,Thread Group 3 - Custom 3-20,text,true,,8705,131,20,22,https://messenger-fe-eight.vercel.app/,166,0,0
1768805167620,248,GET Home,200,OK,Thread Group 3 - Custom 3-5,text,true,,8705,131,20,22,https://messenger-fe-eight.vercel.app/,162,0,0
1768805167636,282,GET Home,200,OK,Thread Group 3 - Custom 3-15,text,true,,8705,131,20,22,https://messenger-fe-eight.vercel.app/,191,0,0
1768805167700,235,GET Login,200,OK,Thread Group 2 - Heavy Load 2-36,text,true,,12444,136,2,22,https://messenger-fe-eight.vercel.app/login,130,0,0
1768805167448,487,GET Home,200,OK,Thread Group 3 - Custom 3-17,text,true,,8705,131,20,22,https://messenger-fe-eight.vercel.app/,268,0,0
1768805167700,256,GET Login,200,OK,Thread Group 3 - Custom 3-1,text,true,,12444,136,20,21,https://messenger-fe-eight.vercel.app/login,157,0,0
1768805167730,226,GET Home,200,OK,Thread Group 3 - Custom 3-18,text,true,,8705,131,20,21,https://messenger-fe-eight.vercel.app/,180,0,0
1768805167681,306,GET Home,200,OK,Thread Group 3 - Custom 3-4,text,true,,8705,131,20,21,https://messenger-fe-eight.vercel.app/,187,0,0
1768805167684,336,GET Login,200,OK,Thread Group 3 - Custom 3-12,text,true,,12444,136,20,21,https://messenger-fe-eight.vercel.app/login,175,0,0
1768805167709,312,GET Login,200,OK,Thread Group 3 - Custom 3-14,text,true,,12444,136,20,21,https://messenger-fe-eight.vercel.app/login,159,0,0
1768805167636,385,GET Login,200,OK,Thread Group 3 - Custom 3-2,text,true,,12444,136,20,21,https://messenger-fe-eight.vercel.app/login,206,0,0
1768805167764,329,GET Login,200,OK,Thread Group 3 - Custom 3-13,text,true,,12444,136,20,21,https://messenger-fe-eight.vercel.app/login,166,0,0
1768805167794,302,GET Home,200,OK,Thread Group 3 - Custom 3-6,text,true,,8705,131,20,21,https://messenger-fe-eight.vercel.app/,204,0,0
1768805167647,463,GET Home,200,OK,Thread Group 3 - Custom 3-11,text,true,,8705,131,20,21,https://messenger-fe-eight.vercel.app/,246,0,0
1768805167827,284,GET Home,200,OK,Thread Group 3 - Custom 3-16,text,true,,8705,131,20,21,https://messenger-fe-eight.vercel.app/,193,0,0
1768805167831,299,GET Login,200,OK,Thread Group 3 - Custom 3-3,text,true,,12444,136,20,21,https://messenger-fe-eight.vercel.app/login,167,0,0
1768805167843,340,GET Login,200,OK,Thread Group 3 - Custom 3-10,text,true,,12444,136,20,21,https://messenger-fe-eight.vercel.app/login,211,0,0
1768805167857,326,GET Login,200,OK,Thread Group 3 - Custom 3-20,text,true,,12444,136,20,21,https://messenger-fe-eight.vercel.app/login,197,0,0
1768805167869,326,GET Login,200,OK,Thread Group 3 - Custom 3-5,text,true,,12444,136,20,21,https://messenger-fe-eight.vercel.app/login,185,0,0
1768805167957,283,GET Login,200,OK,Thread Group 3 - Custom 3-18,text,true,,12444,136,20,21,https://messenger-fe-eight.vercel.app/login,212,0,0
1768805167918,322,GET Login,200,OK,Thread Group 3 - Custom 3-15,text,true,,12444,136,20,21,https://messenger-fe-eight.vercel.app/login,177,0,0
1768805167957,327,GET Home,200,OK,Thread Group 3 - Custom 3-1,text,true,,8705,131,20,21,https://messenger-fe-eight.vercel.app/,251,0,0
1768805168021,266,GET Home,200,OK,Thread Group 3 - Custom 3-14,text,true,,8705,131,20,21,https://messenger-fe-eight.vercel.app/,187,0,0
1768805168021,274,GET Home,200,OK,Thread Group 3 - Custom 3-12,text,true,,8705,131,20,21,https://messenger-fe-eight.vercel.app/,187,0,0
1768805167690,641,GET Login,200,OK,Thread Group 3 - Custom 3-19,text,true,,12444,136,20,21,https://messenger-fe-eight.vercel.app/login,266,0,0
1768805168094,244,GET Home,200,OK,Thread Group 3 - Custom 3-13,text,true,,8705,131,20,21,https://messenger-fe-eight.vercel.app/,160,0,0
1768805168022,320,GET Home,200,OK,Thread Group 3 - Custom 3-2,text,true,,8705,131,20,21,https://messenger-fe-eight.vercel.app/,205,0,0
1768805167988,354,GET Login,200,OK,Thread Group 3 - Custom 3-4,text,true,,12444,136,20,21,https://messenger-fe-eight.vercel.app/login,182,0,0
1768805168096,269,GET Login,200,OK,Thread Group 3 - Custom 3-6,text,true,,12444,136,20,21,https://messenger-fe-eight.vercel.app/login,144,0,0
1768805168130,235,GET Home,200,OK,Thread Group 3 - Custom 3-3,text,true,,8705,131,20,21,https://messenger-fe-eight.vercel.app/,154,0,0
1768805167843,522,GET Home,200,OK,Thread Group 3 - Custom 3-8,text,true,,8705,131,20,21,https://messenger-fe-eight.vercel.app/,326,0,0
1768805168184,245,GET Home,200,OK,Thread Group 3 - Custom 3-10,text,true,,8705,131,20,22,https://messenger-fe-eight.vercel.app/,159,0,0
1768805167827,604,GET Login,200,OK,Thread Group 3 - Custom 3-9,text,true,,12444,136,20,22,https://messenger-fe-eight.vercel.app/login,268,0,0
1768805167823,611,GET Home,200,OK,Thread Group 2 - Heavy Load 2-37,text,true,,8705,131,2,22,https://messenger-fe-eight.vercel.app/,507,0,384
1768805168111,326,GET Login,200,OK,Thread Group 3 - Custom 3-16,text,true,,12444,136,20,22,https://messenger-fe-eight.vercel.app/login,175,0,0
1768805168195,247,GET Home,200,OK,Thread Group 3 - Custom 3-5,text,true,,8705,131,20,22,https://messenger-fe-eight.vercel.app/,169,0,0
1768805168240,258,GET Home,200,OK,Thread Group 3 - Custom 3-18,text,true,,8705,131,20,22,https://messenger-fe-eight.vercel.app/,151,0,0
1768805168240,266,GET Home,200,OK,Thread Group 3 - Custom 3-15,text,true,,8705,131,20,22,https://messenger-fe-eight.vercel.app/,177,0,0
1768805168184,322,GET Home,200,OK,Thread Group 3 - Custom 3-20,text,true,,8705,131,20,22,https://messenger-fe-eight.vercel.app/,155,0,0
1768805168285,243,GET Login,200,OK,Thread Group 3 - Custom 3-1,text,true,,12444,136,20,22,https://messenger-fe-eight.vercel.app/login,146,0,0
1768805167827,713,GET Home,200,OK,Thread Group 3 - Custom 3-7,text,true,,8705,131,20,22,https://messenger-fe-eight.vercel.app/,380,0,0
1768805168288,301,GET Login,200,OK,Thread Group 3 - Custom 3-14,text,true,,12444,136,20,22,https://messenger-fe-eight.vercel.app/login,169,0,0
1768805168365,244,GET Home,200,OK,Thread Group 3 - Custom 3-6,text,true,,8705,131,20,22,https://messenger-fe-eight.vercel.app/,175,0,0
1768805168343,307,GET Home,200,OK,Thread Group 3 - Custom 3-4,text,true,,8705,131,20,22,https://messenger-fe-eight.vercel.app/,196,0,0
1768805168339,312,GET Login,200,OK,Thread Group 3 - Custom 3-13,text,true,,12444,136,20,22,https://messenger-fe-eight.vercel.app/login,184,0,0
1768805167935,717,GET Login,200,OK,Thread Group 3 - Custom 3-17,text,true,,12444,136,20,22,https://messenger-fe-eight.vercel.app/login,322,0,0
1768805168434,235,GET Login,200,OK,Thread Group 2 - Heavy Load 2-37,text,true,,12444,136,2,22,https://messenger-fe-eight.vercel.app/login,106,0,0
1768805168295,376,GET Login,200,OK,Thread Group 3 - Custom 3-12,text,true,,12444,136,20,21,https://messenger-fe-eight.vercel.app/login,239,0,0
1768805168365,310,GET Login,200,OK,Thread Group 3 - Custom 3-3,text,true,,12444,136,20,21,https://messenger-fe-eight.vercel.app/login,182,0,0
1768805168111,574,GET Login,200,OK,Thread Group 3 - Custom 3-11,text,true,,12444,136,20,21,https://messenger-fe-eight.vercel.app/login,253,0,0
1768805168437,271,GET Home,200,OK,Thread Group 3 - Custom 3-16,text,true,,8705,131,20,21,https://messenger-fe-eight.vercel.app/,172,0,0
1768805168343,366,GET Login,200,OK,Thread Group 3 - Custom 3-2,text,true,,12444,136,20,21,https://messenger-fe-eight.vercel.app/login,191,0,0
1768805168430,279,GET Login,200,OK,Thread Group 3 - Custom 3-10,text,true,,12444,136,20,21,https://messenger-fe-eight.vercel.app/login,144,0,0
1768805168528,223,GET Home,200,OK,Thread Group 3 - Custom 3-1,text,true,,8705,131,20,21,https://messenger-fe-eight.vercel.app/,148,0,0
1768805168499,255,GET Login,200,OK,Thread Group 3 - Custom 3-18,text,true,,12444,136,20,21,https://messenger-fe-eight.vercel.app/login,153,0,0
1768805168442,341,GET Login,200,OK,Thread Group 3 - Custom 3-5,text,true,,12444,136,20,21,https://messenger-fe-eight.vercel.app/login,167,0,0
1768805168331,458,GET Home,200,OK,Thread Group 3 - Custom 3-19,text,true,,8705,131,20,21,https://messenger-fe-eight.vercel.app/,251,0,0
1768805168506,302,GET Login,200,OK,Thread Group 3 - Custom 3-20,text,true,,12444,136,20,21,https://messenger-fe-eight.vercel.app/login,164,0,0
1768805168590,235,GET Home,200,OK,Thread Group 3 - Custom 3-14,text,true,,8705,131,20,21,https://messenger-fe-eight.vercel.app/,163,0,0
1768805168431,409,GET Home,200,OK,Thread Group 3 - Custom 3-9,text,true,,8705,131,20,21,https://messenger-fe-eight.vercel.app/,238,0,0
1768805168506,334,GET Login,200,OK,Thread Group 3 - Custom 3-15,text,true,,12444,136,20,21,https://messenger-fe-eight.vercel.app/login,169,0,0
1768805168610,270,GET Login,200,OK,Thread Group 3 - Custom 3-6,text,true,,12444,136,20,21,https://messenger-fe-eight.vercel.app/login,173,0,0
1768805168676,235,GET Home,200,OK,Thread Group 3 - Custom 3-3,text,true,,8705,131,20,21,https://messenger-fe-eight.vercel.app/,163,0,0
1768805168420,501,GET Home,200,OK,Thread Group 2 - Heavy Load 2-38,text,true,,8705,131,1,21,https://messenger-fe-eight.vercel.app/,372,0,253
1768805168651,271,GET Home,200,OK,Thread Group 3 - Custom 3-13,text,true,,8705,131,20,21,https://messenger-fe-eight.vercel.app/,189,0,0
1768805168672,256,GET Home,200,OK,Thread Group 3 - Custom 3-12,text,true,,8705,131,20,21,https://messenger-fe-eight.vercel.app/,179,0,0
1768805168709,239,GET Home,200,OK,Thread Group 3 - Custom 3-10,text,true,,8705,131,20,21,https://messenger-fe-eight.vercel.app/,171,0,0
1768805168709,276,GET Home,200,OK,Thread Group 3 - Custom 3-2,text,true,,8705,131,20,21,https://messenger-fe-eight.vercel.app/,173,0,0
1768805168755,235,GET Home,200,OK,Thread Group 3 - Custom 3-18,text,true,,8705,131,20,21,https://messenger-fe-eight.vercel.app/,190,0,0
1768805168651,367,GET Login,200,OK,Thread Group 3 - Custom 3-4,text,true,,12444,136,20,21,https://messenger-fe-eight.vercel.app/login,202,0,0
1768805168709,318,GET Login,200,OK,Thread Group 3 - Custom 3-16,text,true,,12444,136,20,22,https://messenger-fe-eight.vercel.app/login,173,0,0
1768805168751,283,GET Login,200,OK,Thread Group 3 - Custom 3-1,text,true,,12444,136,20,22,https://messenger-fe-eight.vercel.app/login,197,0,0
1768805168366,682,GET Login,200,OK,Thread Group 3 - Custom 3-8,text,true,,12444,136,20,22,https://messenger-fe-eight.vercel.app/login,314,0,0
1768805168784,264,GET Home,200,OK,Thread Group 3 - Custom 3-5,text,true,,8705,131,20,22,https://messenger-fe-eight.vercel.app/,192,0,0
1768805168808,250,GET Home,200,OK,Thread Group 3 - Custom 3-20,text,true,,8705,131,20,22,https://messenger-fe-eight.vercel.app/,169,0,0
1768805168686,403,GET Home,200,OK,Thread Group 3 - Custom 3-11,text,true,,8705,131,20,22,https://messenger-fe-eight.vercel.app/,225,0,0
1768805168840,260,GET Home,200,OK,Thread Group 3 - Custom 3-15,text,true,,8705,131,20,22,https://messenger-fe-eight.vercel.app/,170,0,0
1768805168880,220,GET Home,200,OK,Thread Group 3 - Custom 3-6,text,true,,8705,131,20,22,https://messenger-fe-eight.vercel.app/,154,0,0
1768805168921,191,GET Login,200,OK,Thread Group 2 - Heavy Load 2-38,text,true,,12444,136,2,22,https://messenger-fe-eight.vercel.app/login,128,0,0
1768805168652,477,GET Home,200,OK,Thread Group 3 - Custom 3-17,text,true,,8705,131,20,21,https://messenger-fe-eight.vercel.app/,292,0,0
1768805168826,320,GET Login,200,OK,Thread Group 3 - Custom 3-14,text,true,,12444,136,20,21,https://messenger-fe-eight.vercel.app/login,177,0,0
1768805168911,268,GET Login,200,OK,Thread Group 3 - Custom 3-3,text,true,,12444,136,20,21,https://messenger-fe-eight.vercel.app/login,147,0,0
1768805168922,300,GET Login,200,OK,Thread Group 3 - Custom 3-13,text,true,,12444,136,20,21,https://messenger-fe-eight.vercel.app/login,167,0,0
1768805168948,295,GET Login,200,OK,Thread Group 3 - Custom 3-10,text,true,,12444,136,20,21,https://messenger-fe-eight.vercel.app/login,145,0,0
1768805168928,315,GET Login,200,OK,Thread Group 3 - Custom 3-12,text,true,,12444,136,20,21,https://messenger-fe-eight.vercel.app/login,165,0,0
1768805168990,254,GET Login,200,OK,Thread Group 3 - Custom 3-18,text,true,,12444,136,20,21,https://messenger-fe-eight.vercel.app/login,156,0,0
1768805169027,239,GET Home,200,OK,Thread Group 3 - Custom 3-16,text,true,,8705,131,20,21,https://messenger-fe-eight.vercel.app/,147,0,0
1768805169034,232,GET Home,200,OK,Thread Group 3 - Custom 3-1,text,true,,8705,131,20,21,https://messenger-fe-eight.vercel.app/,182,0,0
1768805169018,263,GET Home,200,OK,Thread Group 3 - Custom 3-4,text,true,,8705,131,20,21,https://messenger-fe-eight.vercel.app/,161,0,0
1768805168986,341,GET Login,200,OK,Thread Group 3 - Custom 3-2,text,true,,12444,136,20,21,https://messenger-fe-eight.vercel.app/login,175,0,0
1768805168540,789,GET Login,200,OK,Thread Group 3 - Custom 3-7,text,true,,12444,136,20,21,https://messenger-fe-eight.vercel.app/login,313,0,0
1768805169048,343,GET Login,200,OK,Thread Group 3 - Custom 3-5,text,true,,12444,136,20,21,https://messenger-fe-eight.vercel.app/login,195,0,0
1768805169058,333,GET Login,200,OK,Thread Group 3 - Custom 3-20,text,true,,12444,136,20,21,https://messenger-fe-eight.vercel.app/login,191,0,0
1768805169101,290,GET Login,200,OK,Thread Group 3 - Custom 3-6,text,true,,12444,136,20,21,https://messenger-fe-eight.vercel.app/login,157,0,0
1768805168789,602,GET Login,200,OK,Thread Group 3 - Custom 3-19,text,true,,12444,136,20,21,https://messenger-fe-eight.vercel.app/login,260,0,0
1768805169146,245,GET Home,200,OK,Thread Group 3 - Custom 3-14,text,true,,8705,131,20,21,https://messenger-fe-eight.vercel.app/,153,0,0
1768805169179,241,GET Home,200,OK,Thread Group 3 - Custom 3-3,text,true,,8705,131,20,21,https://messenger-fe-eight.vercel.app/,175,0,0
1768805169100,321,GET Login,200,OK,Thread Group 3 - Custom 3-15,text,true,,12444,136,20,21,https://messenger-fe-eight.vercel.app/login,181,0,0
1768805169222,221,GET Home,200,OK,Thread Group 3 - Custom 3-13,text,true,,8705,131,20,21,https://messenger-fe-eight.vercel.app/,169,0,0
1768805168840,603,GET Login,200,OK,Thread Group 3 - Custom 3-9,text,true,,12444,136,20,21,https://messenger-fe-eight.vercel.app/login,306,0,0
1768805169048,436,GET Home,200,OK,Thread Group 3 - Custom 3-8,text,true,,8705,131,20,21,https://messenger-fe-eight.vercel.app/,258,0,0
1768805169243,248,GET Home,200,OK,Thread Group 3 - Custom 3-10,text,true,,8705,131,20,21,https://messenger-fe-eight.vercel.app/,180,0,0
1768805169243,261,GET Home,200,OK,Thread Group 3 - Custom 3-12,text,true,,8705,131,20,21,https://messenger-fe-eight.vercel.app/,187,0,0
1768805169244,260,GET Home,200,OK,Thread Group 3 - Custom 3-18,text,true,,8705,131,20,21,https://messenger-fe-eight.vercel.app/,177,0,0
1768805169021,503,GET Home,200,OK,Thread Group 2 - Heavy Load 2-39,text,true,,8705,131,1,21,https://messenger-fe-eight.vercel.app/,409,0,223
1768805169266,267,GET Login,200,OK,Thread Group 3 - Custom 3-1,text,true,,12444,136,20,21,https://messenger-fe-eight.vercel.app/login,164,0,0
1768805169089,475,GET Login,200,OK,Thread Group 3 - Custom 3-11,text,true,,12444,136,20,21,https://messenger-fe-eight.vercel.app/login,240,0,0
1768805169328,272,GET Home,200,OK,Thread Group 3 - Custom 3-2,text,true,,8705,131,20,21,https://messenger-fe-eight.vercel.app/,171,0,0
1768805169266,337,GET Login,200,OK,Thread Group 3 - Custom 3-16,text,true,,12444,136,20,21,https://messenger-fe-eight.vercel.app/login,182,0,0
1768805169281,341,GET Login,200,OK,Thread Group 3 - Custom 3-4,text,true,,12444,136,20,22,https://messenger-fe-eight.vercel.app/login,173,0,0
1768805169391,233,GET Home,200,OK,Thread Group 3 - Custom 3-6,text,true,,8705,131,20,22,https://messenger-fe-eight.vercel.app/,160,0,0
1768805169391,349,GET Home,200,OK,Thread Group 3 - Custom 3-20,text,true,,8705,131,20,22,https://messenger-fe-eight.vercel.app/,165,0,0
1768805169391,351,GET Home,200,OK,Thread Group 3 - Custom 3-5,text,true,,8705,131,20,22,https://messenger-fe-eight.vercel.app/,173,0,0
1768805169130,613,GET Login,200,OK,Thread Group 3 - Custom 3-17,text,true,,12444,136,20,22,https://messenger-fe-eight.vercel.app/login,229,0,0
1768805169420,323,GET Login,200,OK,Thread Group 3 - Custom 3-3,text,true,,12444,136,20,22,https://messenger-fe-eight.vercel.app/login,144,0,0
1768805169391,354,GET Login,200,OK,Thread Group 3 - Custom 3-14,text,true,,12444,136,20,22,https://messenger-fe-eight.vercel.app/login,165,0,0
1768805169534,211,GET Home,200,OK,Thread Group 3 - Custom 3-1,text,true,,8705,131,20,22,https://messenger-fe-eight.vercel.app/,209,0,0
1768805169443,302,GET Login,200,OK,Thread Group 3 - Custom 3-13,text,true,,12444,136,20,22,https://messenger-fe-eight.vercel.app/login,164,0,0
1768805169524,221,GET Login,200,OK,Thread Group 2 - Heavy Load 2-39,text,true,,12444,136,2,22,https://messenger-fe-eight.vercel.app/login,217,0,0
1768805169504,288,GET Login,200,OK,Thread Group 3 - Custom 3-18,text,true,,12444,136,20,21,https://messenger-fe-eight.vercel.app/login,239,0,0
1768805169421,372,GET Home,200,OK,Thread Group 3 - Custom 3-15,text,true,,8705,131,20,21,https://messenger-fe-eight.vercel.app/,324,0,0
1768805169330,465,GET Home,200,OK,Thread Group 3 - Custom 3-7,text,true,,8705,131,20,21,https://messenger-fe-eight.vercel.app/,254,0,0
1768805169504,300,GET Login,200,OK,Thread Group 3 - Custom 3-12,text,true,,12444,136,20,21,https://messenger-fe-eight.vercel.app/login,239,0,0
1768805169391,421,GET Home,200,OK,Thread Group 3 - Custom 3-19,text,true,,8705,131,20,21,https://messenger-fe-eight.vercel.app/,233,0,0
1768805169491,375,GET Login,200,OK,Thread Group 3 - Custom 3-10,text,true,,12444,136,20,21,https://messenger-fe-eight.vercel.app/login,250,0,0
1768805169603,268,GET Home,200,OK,Thread Group 3 - Custom 3-16,text,true,,8705,131,20,21,https://messenger-fe-eight.vercel.app/,189,0,0
1768805169443,436,GET Home,200,OK,Thread Group 3 - Custom 3-9,text,true,,8705,131,20,21,https://messenger-fe-eight.vercel.app/,301,0,0
1768805169623,256,GET Home,200,OK,Thread Group 3 - Custom 3-4,text,true,,8705,131,20,21,https://messenger-fe-eight.vercel.app/,169,0,0
1768805169624,257,GET Login,200,OK,Thread Group 3 - Custom 3-6,text,true,,12444,136,20,21,https://messenger-fe-eight.vercel.app/login,140,0,0
1768805169564,369,GET Home,200,OK,Thread Group 3 - Custom 3-11,text,true,,8705,131,20,21,https://messenger-fe-eight.vercel.app/,229,0,0
1768805169600,345,GET Login,200,OK,Thread Group 3 - Custom 3-2,text,true,,12444,136,20,21,https://messenger-fe-eight.vercel.app/login,172,0,0
1768805169744,237,GET Home,200,OK,Thread Group 3 - Custom 3-3,text,true,,8705,131,20,21,https://messenger-fe-eight.vercel.app/,174,0,0
1768805169484,507,GET Login,200,OK,Thread Group 3 - Custom 3-8,text,true,,12444,136,20,21,https://messenger-fe-eight.vercel.app/login,261,0,0
1768805169745,256,GET Home,200,OK,Thread Group 3 - Custom 3-14,text,true,,8705,131,20,21,https://messenger-fe-eight.vercel.app/,177,0,0
1768805169745,265,GET Home,200,OK,Thread Group 3 - Custom 3-13,text,true,,8705,131,20,21,https://messenger-fe-eight.vercel.app/,165,0,0
1768805169793,226,GET Home,200,OK,Thread Group 3 - Custom 3-18,text,true,,8705,131,20,21,https://messenger-fe-eight.vercel.app/,158,0,0
1768805169745,274,GET Login,200,OK,Thread Group 3 - Custom 3-1,text,true,,12444,136,20,21,https://messenger-fe-eight.vercel.app/login,175,0,0
1768805169804,236,GET Home,200,OK,Thread Group 3 - Custom 3-12,text,true,,8705,131,20,21,https://messenger-fe-eight.vercel.app/,160,0,0
1768805169741,320,GET Login,200,OK,Thread Group 3 - Custom 3-20,text,true,,12444,136,20,21,https://messenger-fe-eight.vercel.app/login,181,0,0
1768805169742,340,GET Login,200,OK,Thread Group 3 - Custom 3-5,text,true,,12444,136,20,21,https://messenger-fe-eight.vercel.app/login,203,0,0
1768805169881,227,GET Home,200,OK,Thread Group 3 - Custom 3-6,text,true,,8705,131,20,21,https://messenger-fe-eight.vercel.app/,166,0,0
1768805169866,279,GET Home,200,OK,Thread Group 3 - Custom 3-10,text,true,,8705,131,20,21,https://messenger-fe-eight.vercel.app/,164,0,0
1768805169743,461,GET Home,200,OK,Thread Group 3 - Custom 3-17,text,true,,8705,131,20,21,https://messenger-fe-eight.vercel.app/,248,0,0
1768805169945,260,GET Home,200,OK,Thread Group 3 - Custom 3-2,text,true,,8705,131,20,21,https://messenger-fe-eight.vercel.app/,161,0,0
1768805169871,335,GET Login,200,OK,Thread Group 3 - Custom 3-16,text,true,,12444,136,20,21,https://messenger-fe-eight.vercel.app/login,197,0,0
1768805169621,588,GET Home,200,OK,Thread Group 2 - Heavy Load 2-40,text,true,,8705,131,1,21,https://messenger-fe-eight.vercel.app/,487,0,389
1768805169879,335,GET Login,200,OK,Thread Group 3 - Custom 3-4,text,true,,12444,136,20,21,https://messenger-fe-eight.vercel.app/login,190,0,0
1768805169793,424,GET Login,200,OK,Thread Group 3 - Custom 3-15,text,true,,12444,136,20,21,https://messenger-fe-eight.vercel.app/login,285,0,0
1768805169981,273,GET Login,200,OK,Thread Group 3 - Custom 3-3,text,true,,12444,136,20,22,https://messenger-fe-eight.vercel.app/login,164,0,0
1768805170019,257,GET Home,200,OK,Thread Group 3 - Custom 3-1,text,true,,8705,131,20,22,https://messenger-fe-eight.vercel.app/,208,0,0
1768805170011,271,GET Login,200,OK,Thread Group 3 - Custom 3-13,text,true,,12444,136,20,22,https://messenger-fe-eight.vercel.app/login,146,0,0
1768805170019,263,GET Login,200,OK,Thread Group 3 - Custom 3-18,text,true,,12444,136,20,22,https://messenger-fe-eight.vercel.app/login,156,0,0
1768805170040,270,GET Login,200,OK,Thread Group 3 - Custom 3-12,text,true,,12444,136,20,22,https://messenger-fe-eight.vercel.app/login,164,0,0
1768805170001,309,GET Login,200,OK,Thread Group 3 - Custom 3-14,text,true,,12444,136,20,22,https://messenger-fe-eight.vercel.app/login,156,0,0
1768805170061,250,GET Home,200,OK,Thread Group 3 - Custom 3-20,text,true,,8705,131,20,22,https://messenger-fe-eight.vercel.app/,166,0,0
1768805169991,354,GET Home,200,OK,Thread Group 3 - Custom 3-8,text,true,,8705,131,20,22,https://messenger-fe-eight.vercel.app/,213,0,0
1768805170083,268,GET Home,200,OK,Thread Group 3 - Custom 3-5,text,true,,8705,131,20,22,https://messenger-fe-eight.vercel.app/,191,0,0
1768805170108,243,GET Login,200,OK,Thread Group 3 - Custom 3-6,text,true,,12444,136,20,22,https://messenger-fe-eight.vercel.app/login,145,0,0
1768805169812,548,GET Login,200,OK,Thread Group 3 - Custom 3-19,text,true,,12444,136,20,22,https://messenger-fe-eight.vercel.app/login,287,0,0
1768805169795,573,GET Login,200,OK,Thread Group 3 - Custom 3-7,text,true,,12444,136,20,22,https://messenger-fe-eight.vercel.app/login,252,0,0
1768805169879,527,GET Login,200,OK,Thread Group 3 - Custom 3-9,text,true,,12444,136,20,22,https://messenger-fe-eight.vercel.app/login,254,0,0
1768805170145,293,GET Login,200,OK,Thread Group 3 - Custom 3-10,text,true,,12444,136,20,22,https://messenger-fe-eight.vercel.app/login,165,0,0
1768805170210,228,GET Login,200,OK,Thread Group 2 - Heavy Load 2-40,text,true,,12444,136,2,22,https://messenger-fe-eight.vercel.app/login,133,0,0
1768805170206,250,GET Home,200,OK,Thread Group 3 - Custom 3-16,text,true,,8705,131,20,21,https://messenger-fe-eight.vercel.app/,168,0,0
1768805169934,529,GET Login,200,OK,Thread Group 3 - Custom 3-11,text,true,,12444,136,20,21,https://messenger-fe-eight.vercel.app/login,294,0,0
1768805170215,248,GET Home,200,OK,Thread Group 3 - Custom 3-4,text,true,,8705,131,20,21,https://messenger-fe-eight.vercel.app/,159,0,0
1768805170218,257,GET Home,200,OK,Thread Group 3 - Custom 3-15,text,true,,8705,131,20,21,https://messenger-fe-eight.vercel.app/,171,0,0
1768805170254,259,GET Home,200,OK,Thread Group 3 - Custom 3-3,text,true,,8705,131,20,21,https://messenger-fe-eight.vercel.app/,184,0,0
1768805170205,309,GET Login,200,OK,Thread Group 3 - Custom 3-2,text,true,,12444,136,20,21,https://messenger-fe-eight.vercel.app/login,158,0,0
1768805170310,217,GET Home,200,OK,Thread Group 3 - Custom 3-12,text,true,,8705,131,20,21,https://messenger-fe-eight.vercel.app/,143,0,0
1768805170283,244,GET Home,200,OK,Thread Group 3 - Custom 3-18,text,true,,8705,131,20,21,https://messenger-fe-eight.vercel.app/,170,0,0
1768805170310,231,GET Home,200,OK,Thread Group 3 - Custom 3-14,text,true,,8705,131,20,21,https://messenger-fe-eight.vercel.app/,153,0,0
1768805170277,264,GET Login,200,OK,Thread Group 3 - Custom 3-1,text,true,,12444,136,20,21,https://messenger-fe-eight.vercel.app/login,161,0,0
1768805170283,258,GET Home,200,OK,Thread Group 3 - Custom 3-13,text,true,,8705,131,20,21,https://messenger-fe-eight.vercel.app/,180,0,0
1768805170351,212,GET Home,200,OK,Thread Group 3 - Custom 3-6,text,true,,8705,131,20,21,https://messenger-fe-eight.vercel.app/,162,0,0
1768805170311,309,GET Login,200,OK,Thread Group 3 - Custom 3-20,text,true,,12444,136,20,21,https://messenger-fe-eight.vercel.app/login,164,0,0
1768805170351,301,GET Login,200,OK,Thread Group 3 - Custom 3-5,text,true,,12444,136,20,21,https://messenger-fe-eight.vercel.app/login,162,0,0
1768805170219,555,GET Home,200,OK,Thread Group 2 - Heavy Load 2-41,text,true,,8705,131,1,21,https://messenger-fe-eight.vercel.app/,331,0,228
1768805170438,339,GET Home,200,OK,Thread Group 3 - Custom 3-10,text,true,,8705,131,20,21,https://messenger-fe-eight.vercel.app/,182,0,0
1768805170361,417,GET Home,200,OK,Thread Group 3 - Custom 3-19,text,true,,8705,131,20,21,https://messenger-fe-eight.vercel.app/,203,0,0
1768805170205,573,GET Login,200,OK,Thread Group 3 - Custom 3-17,text,true,,12444,136,20,21,https://messenger-fe-eight.vercel.app/login,223,0,0
1768805170456,322,GET Login,200,OK,Thread Group 3 - Custom 3-16,text,true,,12444,136,20,21,https://messenger-fe-eight.vercel.app/login,164,0,0
1768805170369,409,GET Home,200,OK,Thread Group 3 - Custom 3-7,text,true,,8705,131,20,21,https://messenger-fe-eight.vercel.app/,215,0,0
1768805170406,372,GET Home,200,OK,Thread Group 3 - Custom 3-9,text,true,,8705,131,20,21,https://messenger-fe-eight.vercel.app/,214,0,0
1768805170514,264,GET Home,200,OK,Thread Group 3 - Custom 3-2,text,true,,8705,131,20,21,https://messenger-fe-eight.vercel.app/,260,0,0
1768805170463,315,GET Login,200,OK,Thread Group 3 - Custom 3-4,text,true,,12444,136,20,21,https://messenger-fe-eight.vercel.app/login,170,0,0
1768805170513,265,GET Login,200,OK,Thread Group 3 - Custom 3-3,text,true,,12444,136,20,21,https://messenger-fe-eight.vercel.app/login,260,0,0
1768805170475,303,GET Login,200,OK,Thread Group 3 - Custom 3-15,text,true,,12444,136,20,21,https://messenger-fe-eight.vercel.app/login,158,0,0
1768805170463,332,GET Home,200,OK,Thread Group 3 - Custom 3-11,text,true,,8705,131,20,21,https://messenger-fe-eight.vercel.app/,311,0,0
1768805170346,449,GET Login,200,OK,Thread Group 3 - Custom 3-8,text,true,,12444,136,20,21,https://messenger-fe-eight.vercel.app/login,213,0,0
1768805170527,268,GET Login,200,OK,Thread Group 3 - Custom 3-12,text,true,,12444,136,20,21,https://messenger-fe-eight.vercel.app/login,250,0,0
1768805170564,234,GET Login,200,OK,Thread Group 3 - Custom 3-6,text,true,,12444,136,20,21,https://messenger-fe-eight.vercel.app/login,214,0,0
1768805170527,271,GET Login,200,OK,Thread Group 3 - Custom 3-18,text,true,,12444,136,20,21,https://messenger-fe-eight.vercel.app/login,250,0,0
1768805170541,279,GET Home,200,OK,Thread Group 3 - Custom 3-1,text,true,,8705,131,20,22,https://messenger-fe-eight.vercel.app/,236,0,0
1768805170541,284,GET Login,200,OK,Thread Group 3 - Custom 3-14,text,true,,12444,136,20,22,https://messenger-fe-eight.vercel.app/login,237,0,0
1768805170621,265,GET Home,200,OK,Thread Group 3 - Custom 3-20,text,true,,8705,131,20,22,https://messenger-fe-eight.vercel.app/,157,0,0
1768805170541,345,GET Login,200,OK,Thread Group 3 - Custom 3-13,text,true,,12444,136,20,22,https://messenger-fe-eight.vercel.app/login,237,0,0
1768805170652,320,GET Home,200,OK,Thread Group 3 - Custom 3-5,text,true,,8705,131,20,22,https://messenger-fe-eight.vercel.app/,226,0,0
1768805170774,222,GET Login,200,OK,Thread Group 2 - Heavy Load 2-41,text,true,,12444,136,2,22,https://messenger-fe-eight.vercel.app/login,126,0,0
1768805170778,227,GET Home,200,OK,Thread Group 3 - Custom 3-3,text,true,,8705,131,20,21,https://messenger-fe-eight.vercel.app/,164,0,0
1768805170798,221,GET Home,200,OK,Thread Group 3 - Custom 3-18,text,true,,8705,131,20,21,https://messenger-fe-eight.vercel.app/,155,0,0
1768805170796,223,GET Home,200,OK,Thread Group 3 - Custom 3-12,text,true,,8705,131,20,21,https://messenger-fe-eight.vercel.app/,147,0,0
1768805170778,248,GET Home,200,OK,Thread Group 3 - Custom 3-4,text,true,,8705,131,20,21,https://messenger-fe-eight.vercel.app/,175,0,0
1768805170778,263,GET Home,200,OK,Thread Group 3 - Custom 3-15,text,true,,8705,131,20,21,https://messenger-fe-eight.vercel.app/,175,0,0
1768805170778,263,GET Home,200,OK,Thread Group 3 - Custom 3-16,text,true,,8705,131,20,21,https://messenger-fe-eight.vercel.app/,193,0,0
1768805170798,288,GET Home,200,OK,Thread Group 3 - Custom 3-6,text,true,,8705,131,20,21,https://messenger-fe-eight.vercel.app/,149,0,0
1768805170825,262,GET Home,200,OK,Thread Group 3 - Custom 3-14,text,true,,8705,131,20,21,https://messenger-fe-eight.vercel.app/,153,0,0
1768805170777,310,GET Login,200,OK,Thread Group 3 - Custom 3-10,text,true,,12444,136,20,21,https://messenger-fe-eight.vercel.app/login,166,0,0
1768805170820,276,GET Login,200,OK,Thread Group 3 - Custom 3-1,text,true,,12444,136,20,21,https://messenger-fe-eight.vercel.app/login,157,0,0
1768805170778,318,GET Login,200,OK,Thread Group 3 - Custom 3-2,text,true,,12444,136,20,21,https://messenger-fe-eight.vercel.app/login,175,0,0
1768805170796,337,GET Home,200,OK,Thread Group 3 - Custom 3-8,text,true,,8705,131,20,21,https://messenger-fe-eight.vercel.app/,194,0,0
1768805170886,250,GET Home,200,OK,Thread Group 3 - Custom 3-13,text,true,,8705,131,20,21,https://messenger-fe-eight.vercel.app/,168,0,0
1768805170778,391,GET Home,200,OK,Thread Group 3 - Custom 3-17,text,true,,8705,131,20,21,https://messenger-fe-eight.vercel.app/,227,0,0
1768805170796,389,GET Login,200,OK,Thread Group 3 - Custom 3-11,text,true,,12444,136,20,21,https://messenger-fe-eight.vercel.app/login,176,0,0
1768805170886,299,GET Login,200,OK,Thread Group 3 - Custom 3-20,text,true,,12444,136,20,21,https://messenger-fe-eight.vercel.app/login,168,0,0
1768805170778,476,GET Login,200,OK,Thread Group 3 - Custom 3-9,text,true,,12444,136,20,21,https://messenger-fe-eight.vercel.app/login,218,0,0
1768805170778,477,GET Login,200,OK,Thread Group 3 - Custom 3-19,text,true,,12444,136,20,21,https://messenger-fe-eight.vercel.app/login,219,0,0
1768805170972,295,GET Login,200,OK,Thread Group 3 - Custom 3-5,text,true,,12444,136,20,21,https://messenger-fe-eight.vercel.app/login,161,0,0
1768805171019,254,GET Login,200,OK,Thread Group 3 - Custom 3-12,text,true,,12444,136,20,21,https://messenger-fe-eight.vercel.app/login,147,0,0
1768805170778,502,GET Login,200,OK,Thread Group 3 - Custom 3-7,text,true,,12444,136,20,21,https://messenger-fe-eight.vercel.app/login,218,0,0
1768805171019,261,GET Login,200,OK,Thread Group 3 - Custom 3-18,text,true,,12444,136,20,21,https://messenger-fe-eight.vercel.app/login,150,0,0
1768805171006,275,GET Login,200,OK,Thread Group 3 - Custom 3-3,text,true,,12444,136,20,21,https://messenger-fe-eight.vercel.app/login,163,0,0
1768805171027,286,GET Login,200,OK,Thread Group 3 - Custom 3-4,text,true,,12444,136,20,21,https://messenger-fe-eight.vercel.app/login,158,0,0
1768805171087,238,GET Home,200,OK,Thread Group 3 - Custom 3-10,text,true,,8705,131,20,21,https://messenger-fe-eight.vercel.app/,169,0,0
1768805171087,243,GET Login,200,OK,Thread Group 3 - Custom 3-6,text,true,,12444,136,20,21,https://messenger-fe-eight.vercel.app/login,168,0,0
1768805171041,296,GET Login,200,OK,Thread Group 3 - Custom 3-16,text,true,,12444,136,20,21,https://messenger-fe-eight.vercel.app/login,167,0,0
1768805171087,267,GET Login,200,OK,Thread Group 3 - Custom 3-14,text,true,,12444,136,20,21,https://messenger-fe-eight.vercel.app/login,167,0,0
1768805171096,261,GET Home,200,OK,Thread Group 3 - Custom 3-1,text,true,,8705,131,20,21,https://messenger-fe-eight.vercel.app/,184,0,0
1768805171041,317,GET Login,200,OK,Thread Group 3 - Custom 3-15,text,true,,12444,136,20,21,https://messenger-fe-eight.vercel.app/login,183,0,0
1768805171096,278,GET Home,200,OK,Thread Group 3 - Custom 3-2,text,true,,8705,131,20,21,https://messenger-fe-eight.vercel.app/,192,0,0
1768805171185,220,GET Home,200,OK,Thread Group 3 - Custom 3-20,text,true,,8705,131,20,21,https://messenger-fe-eight.vercel.app/,140,0,0
1768805171136,280,GET Login,200,OK,Thread Group 3 - Custom 3-13,text,true,,12444,136,20,21,https://messenger-fe-eight.vercel.app/login,152,0,0
1768805171185,272,GET Home,200,OK,Thread Group 3 - Custom 3-11,text,true,,8705,131,20,22,https://messenger-fe-eight.vercel.app/,160,0,0
1768805170817,653,GET Home,200,OK,Thread Group 2 - Heavy Load 2-42,text,true,,8705,131,2,22,https://messenger-fe-eight.vercel.app/,557,0,440
1768805171268,210,GET Home,200,OK,Thread Group 3 - Custom 3-5,text,true,,8705,131,20,22,https://messenger-fe-eight.vercel.app/,137,0,0
1768805171273,223,GET Home,200,OK,Thread Group 3 - Custom 3-12,text,true,,8705,131,20,22,https://messenger-fe-eight.vercel.app/,167,0,0
1768805171281,215,GET Home,200,OK,Thread Group 3 - Custom 3-3,text,true,,8705,131,20,22,https://messenger-fe-eight.vercel.app/,159,0,0
1768805171280,231,GET Home,200,OK,Thread Group 3 - Custom 3-18,text,true,,8705,131,20,22,https://messenger-fe-eight.vercel.app/,177,0,0
1768805171133,462,GET Login,200,OK,Thread Group 3 - Custom 3-8,text,true,,12444,136,20,22,https://messenger-fe-eight.vercel.app/login,192,0,0
1768805171313,286,GET Home,200,OK,Thread Group 3 - Custom 3-4,text,true,,8705,131,20,22,https://messenger-fe-eight.vercel.app/,183,0,0
1768805171330,269,GET Home,200,OK,Thread Group 3 - Custom 3-6,text,true,,8705,131,20,22,https://messenger-fe-eight.vercel.app/,147,0,0
1768805171255,344,GET Home,200,OK,Thread Group 3 - Custom 3-19,text,true,,8705,131,20,22,https://messenger-fe-eight.vercel.app/,202,0,0
1768805171255,344,GET Home,200,OK,Thread Group 3 - Custom 3-9,text,true,,8705,131,20,22,https://messenger-fe-eight.vercel.app/,202,0,0
1768805171337,263,GET Home,200,OK,Thread Group 3 - Custom 3-16,text,true,,8705,131,20,22,https://messenger-fe-eight.vercel.app/,174,0,0
1768805171358,250,GET Home,200,OK,Thread Group 3 - Custom 3-15,text,true,,8705,131,20,22,https://messenger-fe-eight.vercel.app/,237,0,0
1768805171357,251,GET Login,200,OK,Thread Group 3 - Custom 3-1,text,true,,12444,136,20,22,https://messenger-fe-eight.vercel.app/login,146,0,0
1768805171169,439,GET Login,200,OK,Thread Group 3 - Custom 3-17,text,true,,12444,136,20,22,https://messenger-fe-eight.vercel.app/login,191,0,0
1768805171325,292,GET Login,200,OK,Thread Group 3 - Custom 3-10,text,true,,12444,136,20,22,https://messenger-fe-eight.vercel.app/login,171,0,0
1768805171280,363,GET Home,200,OK,Thread Group 3 - Custom 3-7,text,true,,8705,131,20,22,https://messenger-fe-eight.vercel.app/,223,0,0
1768805171374,278,GET Login,200,OK,Thread Group 3 - Custom 3-2,text,true,,12444,136,20,22,https://messenger-fe-eight.vercel.app/login,221,0,0
1768805171357,306,GET Home,200,OK,Thread Group 3 - Custom 3-14,text,true,,8705,131,20,22,https://messenger-fe-eight.vercel.app/,243,0,0
1768805171416,252,GET Home,200,OK,Thread Group 3 - Custom 3-13,text,true,,8705,131,20,22,https://messenger-fe-eight.vercel.app/,184,0,0
1768805171470,240,GET Login,200,OK,Thread Group 2 - Heavy Load 2-42,text,true,,12444,136,2,22,https://messenger-fe-eight.vercel.app/login,138,0,0
1768805171405,323,GET Login,200,OK,Thread Group 3 - Custom 3-20,text,true,,12444,136,20,21,https://messenger-fe-eight.vercel.app/login,195,0,0
1768805171478,280,GET Login,200,OK,Thread Group 3 - Custom 3-5,text,true,,12444,136,20,21,https://messenger-fe-eight.vercel.app/login,156,0,0
1768805171608,179,GET Home,200,OK,Thread Group 3 - Custom 3-1,text,true,,8705,131,20,21,https://messenger-fe-eight.vercel.app/,137,0,0
1768805171457,357,GET Login,200,OK,Thread Group 3 - Custom 3-11,text,true,,12444,136,20,21,https://messenger-fe-eight.vercel.app/login,181,0,0
1768805171496,328,GET Login,200,OK,Thread Group 3 - Custom 3-12,text,true,,12444,136,20,21,https://messenger-fe-eight.vercel.app/login,214,0,0
1768805171511,313,GET Login,200,OK,Thread Group 3 - Custom 3-18,text,true,,12444,136,20,21,https://messenger-fe-eight.vercel.app/login,199,0,0
1768805171496,344,GET Login,200,OK,Thread Group 3 - Custom 3-3,text,true,,12444,136,20,21,https://messenger-fe-eight.vercel.app/login,232,0,0
1768805171599,242,GET Login,200,OK,Thread Group 3 - Custom 3-6,text,true,,12444,136,20,21,https://messenger-fe-eight.vercel.app/login,146,0,0
1768805171617,235,GET Home,200,OK,Thread Group 3 - Custom 3-10,text,true,,8705,131,20,21,https://messenger-fe-eight.vercel.app/,158,0,0
1768805171599,276,GET Login,200,OK,Thread Group 3 - Custom 3-4,text,true,,12444,136,20,21,https://messenger-fe-eight.vercel.app/login,159,0,0
1768805171600,275,GET Login,200,OK,Thread Group 3 - Custom 3-16,text,true,,12444,136,20,21,https://messenger-fe-eight.vercel.app/login,158,0,0
1768805171608,274,GET Login,200,OK,Thread Group 3 - Custom 3-15,text,true,,12444,136,20,21,https://messenger-fe-eight.vercel.app/login,150,0,0
1768805171596,306,GET Home,200,OK,Thread Group 3 - Custom 3-8,text,true,,8705,131,20,21,https://messenger-fe-eight.vercel.app/,179,0,0
1768805171652,254,GET Home,200,OK,Thread Group 3 - Custom 3-2,text,true,,8705,131,20,21,https://messenger-fe-eight.vercel.app/,189,0,0
1768805171608,314,GET Home,200,OK,Thread Group 3 - Custom 3-17,text,true,,8705,131,20,21,https://messenger-fe-eight.vercel.app/,201,0,0
1768805171419,503,GET Home,200,OK,Thread Group 2 - Heavy Load 2-43,text,true,,8705,131,1,21,https://messenger-fe-eight.vercel.app/,405,0,292
1768805171663,295,GET Login,200,OK,Thread Group 3 - Custom 3-14,text,true,,12444,136,20,21,https://messenger-fe-eight.vercel.app/login,177,0,0
1768805171668,290,GET Login,200,OK,Thread Group 3 - Custom 3-13,text,true,,12444,136,20,21,https://messenger-fe-eight.vercel.app/login,172,0,0
1768805171728,260,GET Home,200,OK,Thread Group 3 - Custom 3-20,text,true,,8705,131,20,21,https://messenger-fe-eight.vercel.app/,174,0,0
1768805171758,242,GET Home,200,OK,Thread Group 3 - Custom 3-5,text,true,,8705,131,20,21,https://messenger-fe-eight.vercel.app/,164,0,0
1768805171599,441,GET Login,200,OK,Thread Group 3 - Custom 3-9,text,true,,12444,136,20,22,https://messenger-fe-eight.vercel.app/login,188,0,0
1768805171599,442,GET Login,200,OK,Thread Group 3 - Custom 3-19,text,true,,12444,136,20,22,https://messenger-fe-eight.vercel.app/login,197,0,0
1768805171824,231,GET Home,200,OK,Thread Group 3 - Custom 3-12,text,true,,8705,131,20,22,https://messenger-fe-eight.vercel.app/,164,0,0
1768805171825,230,GET Home,200,OK,Thread Group 3 - Custom 3-18,text,true,,8705,131,20,22,https://messenger-fe-eight.vercel.app/,165,0,0
1768805171788,267,GET Login,200,OK,Thread Group 3 - Custom 3-1,text,true,,12444,136,20,22,https://messenger-fe-eight.vercel.app/login,134,0,0
1768805171643,429,GET Login,200,OK,Thread Group 3 - Custom 3-7,text,true,,12444,136,20,22,https://messenger-fe-eight.vercel.app/login,197,0,0
1768805171814,259,GET Home,200,OK,Thread Group 3 - Custom 3-11,text,true,,8705,131,20,22,https://messenger-fe-eight.vercel.app/,174,0,0
1768805171841,232,GET Home,200,OK,Thread Group 3 - Custom 3-6,text,true,,8705,131,20,22,https://messenger-fe-eight.vercel.app/,200,0,0
1768805171841,246,GET Home,200,OK,Thread Group 3 - Custom 3-3,text,true,,8705,131,20,22,https://messenger-fe-eight.vercel.app/,200,0,0
1768805171875,223,GET Home,200,OK,Thread Group 3 - Custom 3-4,text,true,,8705,131,20,22,https://messenger-fe-eight.vercel.app/,179,0,0
1768805171875,232,GET Home,200,OK,Thread Group 3 - Custom 3-16,text,true,,8705,131,20,22,https://messenger-fe-eight.vercel.app/,180,0,0
1768805171853,310,GET Login,200,OK,Thread Group 3 - Custom 3-10,text,true,,12444,136,20,22,https://messenger-fe-eight.vercel.app/login,202,0,0
1768805171882,284,GET Home,200,OK,Thread Group 3 - Custom 3-15,text,true,,8705,131,20,22,https://messenger-fe-eight.vercel.app/,216,0,0
1768805171922,265,GET Login,200,OK,Thread Group 2 - Heavy Load 2-43,text,true,,12444,136,2,22,https://messenger-fe-eight.vercel.app/login,150,0,0
1768805171906,307,GET Login,200,OK,Thread Group 3 - Custom 3-2,text,true,,12444,136,20,21,https://messenger-fe-eight.vercel.app/login,183,0,0
1768805171958,379,GET Home,200,OK,Thread Group 3 - Custom 3-14,text,true,,8705,131,20,21,https://messenger-fe-eight.vercel.app/,276,0,0
1768805171958,379,GET Home,200,OK,Thread Group 3 - Custom 3-13,text,true,,8705,131,20,21,https://messenger-fe-eight.vercel.app/,276,0,0
1768805172055,282,GET Home,200,OK,Thread Group 3 - Custom 3-1,text,true,,8705,131,20,21,https://messenger-fe-eight.vercel.app/,199,0,0
1768805171904,433,GET Login,200,OK,Thread Group 3 - Custom 3-8,text,true,,12444,136,20,21,https://messenger-fe-eight.vercel.app/login,218,0,0
1768805172073,265,GET Login,200,OK,Thread Group 3 - Custom 3-6,text,true,,12444,136,20,21,https://messenger-fe-eight.vercel.app/login,144,0,0
1768805172055,283,GET Login,200,OK,Thread Group 3 - Custom 3-12,text,true,,12444,136,20,21,https://messenger-fe-eight.vercel.app/login,175,0,0
1768805172055,283,GET Login,200,OK,Thread Group 3 - Custom 3-18,text,true,,12444,136,20,21,https://messenger-fe-eight.vercel.app/login,175,0,0
1768805172087,301,GET Login,200,OK,Thread Group 3 - Custom 3-3,text,true,,12444,136,20,21,https://messenger-fe-eight.vercel.app/login,143,0,0
1768805171922,467,GET Login,200,OK,Thread Group 3 - Custom 3-17,text,true,,12444,136,20,21,https://messenger-fe-eight.vercel.app/login,203,0,0
1768805172098,291,GET Login,200,OK,Thread Group 3 - Custom 3-4,text,true,,12444,136,20,21,https://messenger-fe-eight.vercel.app/login,136,0,0
1768805172000,389,GET Login,200,OK,Thread Group 3 - Custom 3-5,text,true,,12444,136,20,21,https://messenger-fe-eight.vercel.app/login,244,0,0
1768805171988,401,GET Login,200,OK,Thread Group 3 - Custom 3-20,text,true,,12444,136,20,21,https://messenger-fe-eight.vercel.app/login,262,0,0
1768805172163,226,GET Home,200,OK,Thread Group 3 - Custom 3-10,text,true,,8705,131,20,21,https://messenger-fe-eight.vercel.app/,175,0,0
1768805172073,342,GET Login,200,OK,Thread Group 3 - Custom 3-11,text,true,,12444,136,20,21,https://messenger-fe-eight.vercel.app/login,182,0,0
1768805172041,375,GET Home,200,OK,Thread Group 3 - Custom 3-19,text,true,,8705,131,20,21,https://messenger-fe-eight.vercel.app/,246,0,0
1768805172040,376,GET Home,200,OK,Thread Group 3 - Custom 3-9,text,true,,8705,131,20,21,https://messenger-fe-eight.vercel.app/,247,0,0
1768805172072,344,GET Home,200,OK,Thread Group 3 - Custom 3-7,text,true,,8705,131,20,21,https://messenger-fe-eight.vercel.app/,222,0,0
1768805172107,332,GET Login,200,OK,Thread Group 3 - Custom 3-16,text,true,,12444,136,20,21,https://messenger-fe-eight.vercel.app/login,231,0,0
1768805172213,269,GET Home,200,OK,Thread Group 3 - Custom 3-2,text,true,,8705,131,20,21,https://messenger-fe-eight.vercel.app/,176,0,0
1768805172166,316,GET Login,200,OK,Thread Group 3 - Custom 3-15,text,true,,12444,136,20,21,https://messenger-fe-eight.vercel.app/login,222,0,0
1768805172338,254,GET Home,200,OK,Thread Group 3 - Custom 3-18,text,true,,8705,131,20,21,https://messenger-fe-eight.vercel.app/,196,0,0
1768805172388,208,GET Home,200,OK,Thread Group 3 - Custom 3-3,text,true,,8705,131,20,21,https://messenger-fe-eight.vercel.app/,146,0,0
1768805172389,217,GET Home,200,OK,Thread Group 3 - Custom 3-5,text,true,,8705,131,20,21,https://messenger-fe-eight.vercel.app/,146,0,0
1768805172389,218,GET Home,200,OK,Thread Group 3 - Custom 3-4,text,true,,8705,131,20,21,https://messenger-fe-eight.vercel.app/,146,0,0
1768805172338,270,GET Home,200,OK,Thread Group 3 - Custom 3-12,text,true,,8705,131,20,21,https://messenger-fe-eight.vercel.app/,186,0,0
1768805172021,587,GET Home,200,OK,Thread Group 2 - Heavy Load 2-44,text,true,,8705,131,1,21,https://messenger-fe-eight.vercel.app/,485,0,317
1768805172337,281,GET Login,200,OK,Thread Group 3 - Custom 3-1,text,true,,12444,136,20,21,https://messenger-fe-eight.vercel.app/login,187,0,0
1768805172338,282,GET Home,200,OK,Thread Group 3 - Custom 3-6,text,true,,8705,131,20,22,https://messenger-fe-eight.vercel.app/,214,0,0
1768805172389,238,GET Home,200,OK,Thread Group 3 - Custom 3-20,text,true,,8705,131,20,22,https://messenger-fe-eight.vercel.app/,164,0,0
1768805172337,331,GET Login,200,OK,Thread Group 3 - Custom 3-14,text,true,,12444,136,20,22,https://messenger-fe-eight.vercel.app/login,197,0,0
1768805172389,279,GET Login,200,OK,Thread Group 3 - Custom 3-10,text,true,,12444,136,20,22,https://messenger-fe-eight.vercel.app/login,145,0,0
1768805172439,231,GET Home,200,OK,Thread Group 3 - Custom 3-16,text,true,,8705,131,20,22,https://messenger-fe-eight.vercel.app/,154,0,0
1768805172337,333,GET Login,200,OK,Thread Group 3 - Custom 3-13,text,true,,12444,136,20,22,https://messenger-fe-eight.vercel.app/login,198,0,0
1768805172416,257,GET Home,200,OK,Thread Group 3 - Custom 3-11,text,true,,8705,131,20,22,https://messenger-fe-eight.vercel.app/,165,0,0
1768805172337,358,GET Home,200,OK,Thread Group 3 - Custom 3-8,text,true,,8705,131,20,22,https://messenger-fe-eight.vercel.app/,244,0,0
1768805172389,319,GET Home,200,OK,Thread Group 3 - Custom 3-17,text,true,,8705,131,20,22,https://messenger-fe-eight.vercel.app/,192,0,0
1768805172482,237,GET Home,200,OK,Thread Group 3 - Custom 3-15,text,true,,8705,131,20,22,https://messenger-fe-eight.vercel.app/,158,0,0
1768805172608,159,GET Login,200,OK,Thread Group 2 - Heavy Load 2-44,text,true,,12444,136,2,22,https://messenger-fe-eight.vercel.app/login,114,0,0
1768805172482,285,GET Login,200,OK,Thread Group 3 - Custom 3-2,text,true,,12444,136,20,21,https://messenger-fe-eight.vercel.app/login,146,0,0
1768805172416,411,GET Login,200,OK,Thread Group 3 - Custom 3-7,text,true,,12444,136,20,21,https://messenger-fe-eight.vercel.app/login,194,0,0
1768805172618,214,GET Home,200,OK,Thread Group 3 - Custom 3-1,text,true,,8705,131,20,21,https://messenger-fe-eight.vercel.app/,159,0,0
1768805172416,416,GET Login,200,OK,Thread Group 3 - Custom 3-9,text,true,,12444,136,20,21,https://messenger-fe-eight.vercel.app/login,197,0,0
1768805172416,416,GET Login,200,OK,Thread Group 3 - Custom 3-19,text,true,,12444,136,20,21,https://messenger-fe-eight.vercel.app/login,204,0,0
1768805172593,257,GET Login,200,OK,Thread Group 3 - Custom 3-18,text,true,,12444,136,20,21,https://messenger-fe-eight.vercel.app/login,174,0,0
1768805172608,254,GET Login,200,OK,Thread Group 3 - Custom 3-12,text,true,,12444,136,20,21,https://messenger-fe-eight.vercel.app/login,159,0,0
1768805172596,266,GET Login,200,OK,Thread Group 3 - Custom 3-3,text,true,,12444,136,20,21,https://messenger-fe-eight.vercel.app/login,171,0,0
1768805172670,216,GET Home,200,OK,Thread Group 3 - Custom 3-10,text,true,,8705,131,20,21,https://messenger-fe-eight.vercel.app/,154,0,0
1768805172670,216,GET Home,200,OK,Thread Group 3 - Custom 3-14,text,true,,8705,131,20,21,https://messenger-fe-eight.vercel.app/,156,0,0
1768805172670,216,GET Home,200,OK,Thread Group 3 - Custom 3-13,text,true,,8705,131,20,21,https://messenger-fe-eight.vercel.app/,157,0,0
1768805172607,279,GET Login,200,OK,Thread Group 3 - Custom 3-4,text,true,,12444,136,20,21,https://messenger-fe-eight.vercel.app/login,160,0,0
1768805172606,284,GET Login,200,OK,Thread Group 3 - Custom 3-5,text,true,,12444,136,20,21,https://messenger-fe-eight.vercel.app/login,166,0,0
1768805172620,302,GET Login,200,OK,Thread Group 3 - Custom 3-6,text,true,,12444,136,20,21,https://messenger-fe-eight.vercel.app/login,173,0,0
1768805172627,295,GET Login,200,OK,Thread Group 3 - Custom 3-20,text,true,,12444,136,20,21,https://messenger-fe-eight.vercel.app/login,166,0,0
1768805172670,274,GET Login,200,OK,Thread Group 3 - Custom 3-16,text,true,,12444,136,20,21,https://messenger-fe-eight.vercel.app/login,157,0,0
1768805172673,299,GET Login,200,OK,Thread Group 3 - Custom 3-11,text,true,,12444,136,20,21,https://messenger-fe-eight.vercel.app/login,171,0,0
1768805172767,231,GET Home,200,OK,Thread Group 3 - Custom 3-2,text,true,,8705,131,20,21,https://messenger-fe-eight.vercel.app/,155,0,0
1768805172720,330,GET Login,200,OK,Thread Group 3 - Custom 3-15,text,true,,12444,136,20,21,https://messenger-fe-eight.vercel.app/login,202,0,0
1768805172850,218,GET Home,200,OK,Thread Group 3 - Custom 3-18,text,true,,8705,131,20,21,https://messenger-fe-eight.vercel.app/,158,0,0
1768805172862,206,GET Home,200,OK,Thread Group 3 - Custom 3-12,text,true,,8705,131,20,21,https://messenger-fe-eight.vercel.app/,143,0,0
1768805172862,206,GET Home,200,OK,Thread Group 3 - Custom 3-3,text,true,,8705,131,20,21,https://messenger-fe-eight.vercel.app/,146,0,0
1768805172695,373,GET Login,200,OK,Thread Group 3 - Custom 3-8,text,true,,12444,136,20,21,https://messenger-fe-eight.vercel.app/login,191,0,0
1768805172832,240,GET Login,200,OK,Thread Group 3 - Custom 3-1,text,true,,12444,136,20,21,https://messenger-fe-eight.vercel.app/login,164,0,0
1768805172620,461,GET Home,200,OK,Thread Group 2 - Heavy Load 2-45,text,true,,8705,131,1,21,https://messenger-fe-eight.vercel.app/,367,0,256
1768805172886,237,GET Home,200,OK,Thread Group 3 - Custom 3-4,text,true,,8705,131,20,21,https://messenger-fe-eight.vercel.app/,160,0,0
1768805172890,233,GET Home,200,OK,Thread Group 3 - Custom 3-5,text,true,,8705,131,20,21,https://messenger-fe-eight.vercel.app/,156,0,0
1768805172827,296,GET Home,200,OK,Thread Group 3 - Custom 3-7,text,true,,8705,131,20,21,https://messenger-fe-eight.vercel.app/,181,0,0
1768805172832,301,GET Home,200,OK,Thread Group 3 - Custom 3-9,text,true,,8705,131,20,21,https://messenger-fe-eight.vercel.app/,179,0,0
1768805172708,429,GET Login,200,OK,Thread Group 3 - Custom 3-17,text,true,,12444,136,20,21,https://messenger-fe-eight.vercel.app/login,261,0,0
1768805172832,311,GET Home,200,OK,Thread Group 3 - Custom 3-19,text,true,,8705,131,20,21,https://messenger-fe-eight.vercel.app/,200,0,0
1768805172945,205,GET Home,200,OK,Thread Group 3 - Custom 3-16,text,true,,8705,131,20,21,https://messenger-fe-eight.vercel.app/,147,0,0
1768805172886,272,GET Login,200,OK,Thread Group 3 - Custom 3-13,text,true,,12444,136,20,21,https://messenger-fe-eight.vercel.app/login,160,0,0
1768805172886,272,GET Login,200,OK,Thread Group 3 - Custom 3-14,text,true,,12444,136,20,21,https://messenger-fe-eight.vercel.app/login,160,0,0
1768805172886,272,GET Login,200,OK,Thread Group 3 - Custom 3-10,text,true,,12444,136,20,21,https://messenger-fe-eight.vercel.app/login,160,0,0
1768805172922,251,GET Home,200,OK,Thread Group 3 - Custom 3-20,text,true,,8705,131,20,21,https://messenger-fe-eight.vercel.app/,173,0,0
1768805172922,251,GET Home,200,OK,Thread Group 3 - Custom 3-6,text,true,,8705,131,20,21,https://messenger-fe-eight.vercel.app/,171,0,0
1768805172972,225,GET Home,200,OK,Thread Group 3 - Custom 3-11,text,true,,8705,131,20,21,https://messenger-fe-eight.vercel.app/,151,0,0
1768805172998,296,GET Login,200,OK,Thread Group 3 - Custom 3-2,text,true,,12444,136,20,22,https://messenger-fe-eight.vercel.app/login,152,0,0
1768805173050,265,GET Home,200,OK,Thread Group 3 - Custom 3-15,text,true,,8705,131,20,22,https://messenger-fe-eight.vercel.app/,204,0,0
1768805173068,256,GET Login,200,OK,Thread Group 3 - Custom 3-18,text,true,,12444,136,20,22,https://messenger-fe-eight.vercel.app/login,149,0,0
1768805173068,256,GET Login,200,OK,Thread Group 3 - Custom 3-3,text,true,,12444,136,20,22,https://messenger-fe-eight.vercel.app/login,149,0,0
1768805173068,260,GET Login,200,OK,Thread Group 3 - Custom 3-12,text,true,,12444,136,20,22,https://messenger-fe-eight.vercel.app/login,156,0,0
1768805173068,326,GET Home,200,OK,Thread Group 3 - Custom 3-8,text,true,,8705,131,20,22,https://messenger-fe-eight.vercel.app/,226,0,0
1768805173158,236,GET Home,200,OK,Thread Group 3 - Custom 3-10,text,true,,8705,131,20,22,https://messenger-fe-eight.vercel.app/,170,0,0
1768805173158,236,GET Home,200,OK,Thread Group 3 - Custom 3-13,text,true,,8705,131,20,22,https://messenger-fe-eight.vercel.app/,170,0,0
1768805173072,322,GET Home,200,OK,Thread Group 3 - Custom 3-1,text,true,,8705,131,20,22,https://messenger-fe-eight.vercel.app/,145,0,0
1768805173081,344,GET Login,200,OK,Thread Group 2 - Heavy Load 2-45,text,true,,12444,136,2,22,https://messenger-fe-eight.vercel.app/login,234,0,0
1768805173150,289,GET Login,200,OK,Thread Group 3 - Custom 3-16,text,true,,12444,136,20,21,https://messenger-fe-eight.vercel.app/login,174,0,0
1768805173158,288,GET Home,200,OK,Thread Group 3 - Custom 3-14,text,true,,8705,131,20,21,https://messenger-fe-eight.vercel.app/,166,0,0
1768805173123,324,GET Login,200,OK,Thread Group 3 - Custom 3-5,text,true,,12444,136,20,21,https://messenger-fe-eight.vercel.app/login,202,0,0
1768805173123,335,GET Login,200,OK,Thread Group 3 - Custom 3-4,text,true,,12444,136,20,21,https://messenger-fe-eight.vercel.app/login,205,0,0
1768805173173,285,GET Login,200,OK,Thread Group 3 - Custom 3-6,text,true,,12444,136,20,21,https://messenger-fe-eight.vercel.app/login,155,0,0
1768805173173,285,GET Login,200,OK,Thread Group 3 - Custom 3-20,text,true,,12444,136,20,21,https://messenger-fe-eight.vercel.app/login,155,0,0
1768805173197,278,GET Login,200,OK,Thread Group 3 - Custom 3-11,text,true,,12444,136,20,21,https://messenger-fe-eight.vercel.app/login,150,0,0
1768805173137,338,GET Home,200,OK,Thread Group 3 - Custom 3-17,text,true,,8705,131,20,21,https://messenger-fe-eight.vercel.app/,215,0,0
1768805173294,223,GET Home,200,OK,Thread Group 3 - Custom 3-2,text,true,,8705,131,20,21,https://messenger-fe-eight.vercel.app/,153,0,0
1768805173324,193,GET Home,200,OK,Thread Group 3 - Custom 3-18,text,true,,8705,131,20,21,https://messenger-fe-eight.vercel.app/,134,0,0
1768805173324,193,GET Home,200,OK,Thread Group 3 - Custom 3-3,text,true,,8705,131,20,21,https://messenger-fe-eight.vercel.app/,136,0,0
1768805173123,434,GET Login,200,OK,Thread Group 3 - Custom 3-7,text,true,,12444,136,20,21,https://messenger-fe-eight.vercel.app/login,229,0,0
1768805173143,415,GET Login,200,OK,Thread Group 3 - Custom 3-19,text,true,,12444,136,20,21,https://messenger-fe-eight.vercel.app/login,209,0,0
1768805173133,425,GET Login,200,OK,Thread Group 3 - Custom 3-9,text,true,,12444,136,20,21,https://messenger-fe-eight.vercel.app/login,228,0,0
1768805173328,238,GET Home,200,OK,Thread Group 3 - Custom 3-12,text,true,,8705,131,20,21,https://messenger-fe-eight.vercel.app/,158,0,0
1768805173316,292,GET Login,200,OK,Thread Group 3 - Custom 3-15,text,true,,12444,136,20,21,https://messenger-fe-eight.vercel.app/login,157,0,0
1768805173394,257,GET Login,200,OK,Thread Group 3 - Custom 3-1,text,true,,12444,136,20,21,https://messenger-fe-eight.vercel.app/login,164,0,0
1768805173440,245,GET Home,200,OK,Thread Group 3 - Custom 3-16,text,true,,8705,131,20,21,https://messenger-fe-eight.vercel.app/,174,0,0
1768805173394,291,GET Login,200,OK,Thread Group 3 - Custom 3-13,text,true,,12444,136,20,21,https://messenger-fe-eight.vercel.app/login,172,0,0
1768805173394,291,GET Login,200,OK,Thread Group 3 - Custom 3-10,text,true,,12444,136,20,21,https://messenger-fe-eight.vercel.app/login,172,0,0
1768805173447,241,GET Home,200,OK,Thread Group 3 - Custom 3-5,text,true,,8705,131,20,21,https://messenger-fe-eight.vercel.app/,171,0,0
1768805173458,230,GET Home,200,OK,Thread Group 3 - Custom 3-4,text,true,,8705,131,20,21,https://messenger-fe-eight.vercel.app/,169,0,0
1768805173458,236,GET Home,200,OK,Thread Group 3 - Custom 3-20,text,true,,8705,131,20,21,https://messenger-fe-eight.vercel.app/,169,0,0
1768805173458,242,GET Home,200,OK,Thread Group 3 - Custom 3-6,text,true,,8705,131,20,21,https://messenger-fe-eight.vercel.app/,178,0,0
1768805173475,232,GET Home,200,OK,Thread Group 3 - Custom 3-11,text,true,,8705,131,20,21,https://messenger-fe-eight.vercel.app/,161,0,0
1768805173221,486,GET Home,200,OK,Thread Group 2 - Heavy Load 2-46,text,true,,8705,131,1,21,https://messenger-fe-eight.vercel.app/,387,0,213
1768805173447,282,GET Login,200,OK,Thread Group 3 - Custom 3-14,text,true,,12444,136,20,21,https://messenger-fe-eight.vercel.app/login,171,0,0
1768805173517,273,GET Login,200,OK,Thread Group 3 - Custom 3-18,text,true,,12444,136,20,21,https://messenger-fe-eight.vercel.app/login,168,0,0
1768805173394,396,GET Login,200,OK,Thread Group 3 - Custom 3-8,text,true,,12444,136,20,21,https://messenger-fe-eight.vercel.app/login,214,0,0
1768805173517,273,GET Login,200,OK,Thread Group 3 - Custom 3-3,text,true,,12444,136,20,21,https://messenger-fe-eight.vercel.app/login,168,0,0
1768805173517,286,GET Login,200,OK,Thread Group 3 - Custom 3-2,text,true,,12444,136,20,21,https://messenger-fe-eight.vercel.app/login,168,0,0
1768805173475,355,GET Login,200,OK,Thread Group 3 - Custom 3-17,text,true,,12444,136,20,22,https://messenger-fe-eight.vercel.app/login,171,0,0
1768805173608,233,GET Home,200,OK,Thread Group 3 - Custom 3-15,text,true,,8705,131,20,22,https://messenger-fe-eight.vercel.app/,154,0,0
1768805173558,296,GET Home,200,OK,Thread Group 3 - Custom 3-9,text,true,,8705,131,20,22,https://messenger-fe-eight.vercel.app/,179,0,0
1768805173558,296,GET Home,200,OK,Thread Group 3 - Custom 3-7,text,true,,8705,131,20,22,https://messenger-fe-eight.vercel.app/,179,0,0
1768805173566,301,GET Login,200,OK,Thread Group 3 - Custom 3-12,text,true,,12444,136,20,22,https://messenger-fe-eight.vercel.app/login,181,0,0
1768805173558,309,GET Home,200,OK,Thread Group 3 - Custom 3-19,text,true,,8705,131,20,22,https://messenger-fe-eight.vercel.app/,179,0,0
1768805173651,249,GET Home,200,OK,Thread Group 3 - Custom 3-1,text,true,,8705,131,20,22,https://messenger-fe-eight.vercel.app/,191,0,0
1768805173685,216,GET Home,200,OK,Thread Group 3 - Custom 3-10,text,true,,8705,131,20,22,https://messenger-fe-eight.vercel.app/,156,0,0
1768805173685,216,GET Home,200,OK,Thread Group 3 - Custom 3-13,text,true,,8705,131,20,22,https://messenger-fe-eight.vercel.app/,156,0,0
1768805173685,315,GET Login,200,OK,Thread Group 3 - Custom 3-16,text,true,,12444,136,20,22,https://messenger-fe-eight.vercel.app/login,156,0,0
1768805173729,271,GET Home,200,OK,Thread Group 3 - Custom 3-14,text,true,,8705,131,20,22,https://messenger-fe-eight.vercel.app/,143,0,0
1768805173707,293,GET Login,200,OK,Thread Group 2 - Heavy Load 2-46,text,true,,12444,136,2,22,https://messenger-fe-eight.vercel.app/login,135,0,0
1768805173688,312,GET Login,200,OK,Thread Group 3 - Custom 3-4,text,true,,12444,136,20,22,https://messenger-fe-eight.vercel.app/login,153,0,0
1768805173688,312,GET Login,200,OK,Thread Group 3 - Custom 3-5,text,true,,12444,136,20,22,https://messenger-fe-eight.vercel.app/login,154,0,0
1768805173694,306,GET Login,200,OK,Thread Group 3 - Custom 3-20,text,true,,12444,136,20,21,https://messenger-fe-eight.vercel.app/login,148,0,0
1768805173707,293,GET Login,200,OK,Thread Group 3 - Custom 3-11,text,true,,12444,136,20,21,https://messenger-fe-eight.vercel.app/login,165,0,0
1768805173700,300,GET Login,200,OK,Thread Group 3 - Custom 3-6,text,true,,12444,136,20,21,https://messenger-fe-eight.vercel.app/login,172,0,0
1768805173790,235,GET Home,200,OK,Thread Group 3 - Custom 3-18,text,true,,8705,131,20,21,https://messenger-fe-eight.vercel.app/,210,0,0
1768805173790,235,GET Home,200,OK,Thread Group 3 - Custom 3-3,text,true,,8705,131,20,21,https://messenger-fe-eight.vercel.app/,210,0,0
1768805173803,232,GET Home,200,OK,Thread Group 3 - Custom 3-2,text,true,,8705,131,20,21,https://messenger-fe-eight.vercel.app/,197,0,0
1768805173790,301,GET Home,200,OK,Thread Group 3 - Custom 3-8,text,true,,8705,131,20,21,https://messenger-fe-eight.vercel.app/,210,0,0
1768805173830,300,GET Home,200,OK,Thread Group 3 - Custom 3-17,text,true,,8705,131,20,21,https://messenger-fe-eight.vercel.app/,181,0,0
1768805173867,263,GET Home,200,OK,Thread Group 3 - Custom 3-12,text,true,,8705,131,20,21,https://messenger-fe-eight.vercel.app/,189,0,0
1768805173901,240,GET Login,200,OK,Thread Group 3 - Custom 3-1,text,true,,12444,136,20,21,https://messenger-fe-eight.vercel.app/login,155,0,0
1768805173842,299,GET Login,200,OK,Thread Group 3 - Custom 3-15,text,true,,12444,136,20,21,https://messenger-fe-eight.vercel.app/login,161,0,0
1768805173901,267,GET Login,200,OK,Thread Group 3 - Custom 3-13,text,true,,12444,136,20,21,https://messenger-fe-eight.vercel.app/login,155,0,0
1768805173901,267,GET Login,200,OK,Thread Group 3 - Custom 3-10,text,true,,12444,136,20,21,https://messenger-fe-eight.vercel.app/login,155,0,0
1768805174000,230,GET Home,200,OK,Thread Group 3 - Custom 3-16,text,true,,8705,131,20,21,https://messenger-fe-eight.vercel.app/,149,0,0
1768805174000,230,GET Home,200,OK,Thread Group 3 - Custom 3-4,text,true,,8705,131,20,21,https://messenger-fe-eight.vercel.app/,166,0,0
1768805174000,230,GET Home,200,OK,Thread Group 3 - Custom 3-5,text,true,,8705,131,20,21,https://messenger-fe-eight.vercel.app/,167,0,0
1768805174000,230,GET Home,200,OK,Thread Group 3 - Custom 3-11,text,true,,8705,131,20,21,https://messenger-fe-eight.vercel.app/,167,0,0
1768805174000,230,GET Home,200,OK,Thread Group 3 - Custom 3-6,text,true,,8705,131,20,21,https://messenger-fe-eight.vercel.app/,167,0,0
1768805174000,273,GET Home,200,OK,Thread Group 3 - Custom 3-20,text,true,,8705,131,20,21,https://messenger-fe-eight.vercel.app/,167,0,0
1768805174000,273,GET Login,200,OK,Thread Group 3 - Custom 3-14,text,true,,12444,136,20,21,https://messenger-fe-eight.vercel.app/login,166,0,0
1768805173854,419,GET Login,200,OK,Thread Group 3 - Custom 3-9,text,true,,12444,136,20,21,https://messenger-fe-eight.vercel.app/login,237,0,0
1768805174026,247,GET Login,200,OK,Thread Group 3 - Custom 3-3,text,true,,12444,136,20,21,https://messenger-fe-eight.vercel.app/login,142,0,0
1768805174026,247,GET Login,200,OK,Thread Group 3 - Custom 3-18,text,true,,12444,136,20,21,https://messenger-fe-eight.vercel.app/login,142,0,0
1768805173868,405,GET Login,200,OK,Thread Group 3 - Custom 3-19,text,true,,12444,136,20,21,https://messenger-fe-eight.vercel.app/login,222,0,0
1768805173854,424,GET Login,200,OK,Thread Group 3 - Custom 3-7,text,true,,12444,136,20,21,https://messenger-fe-eight.vercel.app/login,237,0,0
1768805174035,278,GET Login,200,OK,Thread Group 3 - Custom 3-2,text,true,,12444,136,20,21,https://messenger-fe-eight.vercel.app/login,170,0,0
1768805174141,184,GET Home,200,OK,Thread Group 3 - Custom 3-1,text,true,,8705,131,20,21,https://messenger-fe-eight.vercel.app/,137,0,0
1768805173822,530,GET Home,200,OK,Thread Group 2 - Heavy Load 2-47,text,true,,8705,131,1,21,https://messenger-fe-eight.vercel.app/,408,0,307
1768805174168,216,GET Home,200,OK,Thread Group 3 - Custom 3-10,text,true,,8705,131,20,21,https://messenger-fe-eight.vercel.app/,145,0,0
1768805174168,224,GET Home,200,OK,Thread Group 3 - Custom 3-13,text,true,,8705,131,20,21,https://messenger-fe-eight.vercel.app/,145,0,0
1768805174130,262,GET Login,200,OK,Thread Group 3 - Custom 3-12,text,true,,12444,136,20,21,https://messenger-fe-eight.vercel.app/login,143,0,0
1768805174141,256,GET Home,200,OK,Thread Group 3 - Custom 3-15,text,true,,8705,131,20,21,https://messenger-fe-eight.vercel.app/,172,0,0
1768805174091,348,GET Login,200,OK,Thread Group 3 - Custom 3-8,text,true,,12444,136,20,22,https://messenger-fe-eight.vercel.app/login,182,0,0
1768805174273,184,GET Home,200,OK,Thread Group 3 - Custom 3-18,text,true,,8705,131,20,22,https://messenger-fe-eight.vercel.app/,140,0,0
1768805174273,213,GET Home,200,OK,Thread Group 3 - Custom 3-14,text,true,,8705,131,20,22,https://messenger-fe-eight.vercel.app/,148,0,0
1768805174130,362,GET Login,200,OK,Thread Group 3 - Custom 3-17,text,true,,12444,136,20,22,https://messenger-fe-eight.vercel.app/login,174,0,0
1768805174273,219,GET Home,200,OK,Thread Group 3 - Custom 3-3,text,true,,8705,131,20,22,https://messenger-fe-eight.vercel.app/,148,0,0
1768805174230,299,GET Login,200,OK,Thread Group 3 - Custom 3-16,text,true,,12444,136,20,22,https://messenger-fe-eight.vercel.app/login,167,0,0
1768805174230,299,GET Login,200,OK,Thread Group 3 - Custom 3-5,text,true,,12444,136,20,22,https://messenger-fe-eight.vercel.app/login,167,0,0
1768805174230,300,GET Login,200,OK,Thread Group 3 - Custom 3-11,text,true,,12444,136,20,22,https://messenger-fe-eight.vercel.app/login,177,0,0
1768805174230,301,GET Login,200,OK,Thread Group 3 - Custom 3-4,text,true,,12444,136,20,22,https://messenger-fe-eight.vercel.app/login,183,0,0
1768805174230,301,GET Login,200,OK,Thread Group 3 - Custom 3-6,text,true,,12444,136,20,22,https://messenger-fe-eight.vercel.app/login,183,0,0
1768805174314,218,GET Home,200,OK,Thread Group 3 - Custom 3-2,text,true,,8705,131,20,22,https://messenger-fe-eight.vercel.app/,143,0,0
1768805174273,266,GET Home,200,OK,Thread Group 3 - Custom 3-9,text,true,,8705,131,20,22,https://messenger-fe-eight.vercel.app/,166,0,0
1768805174326,219,GET Login,200,OK,Thread Group 3 - Custom 3-1,text,true,,12444,136,20,22,https://messenger-fe-eight.vercel.app/login,131,0,0
1768805174273,275,GET Login,200,OK,Thread Group 3 - Custom 3-20,text,true,,12444,136,20,22,https://messenger-fe-eight.vercel.app/login,148,0,0
1768805174273,275,GET Home,200,OK,Thread Group 3 - Custom 3-19,text,true,,8705,131,20,22,https://messenger-fe-eight.vercel.app/,169,0,0
1768805174278,302,GET Home,200,OK,Thread Group 3 - Custom 3-7,text,true,,8705,131,20,22,https://messenger-fe-eight.vercel.app/,214,0,0
1768805174353,272,GET Login,200,OK,Thread Group 2 - Heavy Load 2-47,text,true,,12444,136,2,22,https://messenger-fe-eight.vercel.app/login,130,0,0
1768805174384,283,GET Login,200,OK,Thread Group 3 - Custom 3-10,text,true,,12444,136,20,21,https://messenger-fe-eight.vercel.app/login,164,0,0
1768805174392,275,GET Login,200,OK,Thread Group 3 - Custom 3-13,text,true,,12444,136,20,21,https://messenger-fe-eight.vercel.app/login,162,0,0
1768805174397,287,GET Login,200,OK,Thread Group 3 - Custom 3-15,text,true,,12444,136,20,21,https://messenger-fe-eight.vercel.app/login,151,0,0
1768805174440,267,GET Home,200,OK,Thread Group 3 - Custom 3-8,text,true,,8705,131,20,21,https://messenger-fe-eight.vercel.app/,167,0,0
1768805174392,322,GET Home,200,OK,Thread Group 3 - Custom 3-12,text,true,,8705,131,20,21,https://messenger-fe-eight.vercel.app/,255,0,0
1768805174531,212,GET Home,200,OK,Thread Group 3 - Custom 3-4,text,true,,8705,131,20,21,https://messenger-fe-eight.vercel.app/,149,0,0
1768805174529,214,GET Home,200,OK,Thread Group 3 - Custom 3-16,text,true,,8705,131,20,21,https://messenger-fe-eight.vercel.app/,151,0,0
1768805174530,213,GET Home,200,OK,Thread Group 3 - Custom 3-11,text,true,,8705,131,20,21,https://messenger-fe-eight.vercel.app/,150,0,0
1768805174529,223,GET Home,200,OK,Thread Group 3 - Custom 3-5,text,true,,8705,131,20,21,https://messenger-fe-eight.vercel.app/,155,0,0
1768805174545,212,GET Home,200,OK,Thread Group 3 - Custom 3-1,text,true,,8705,131,20,21,https://messenger-fe-eight.vercel.app/,139,0,0
1768805174531,226,GET Home,200,OK,Thread Group 3 - Custom 3-6,text,true,,8705,131,20,21,https://messenger-fe-eight.vercel.app/,153,0,0
1768805174457,300,GET Login,200,OK,Thread Group 3 - Custom 3-18,text,true,,12444,136,20,21,https://messenger-fe-eight.vercel.app/login,210,0,0
1768805174492,284,GET Login,200,OK,Thread Group 3 - Custom 3-3,text,true,,12444,136,20,21,https://messenger-fe-eight.vercel.app/login,188,0,0
1768805174486,292,GET Login,200,OK,Thread Group 3 - Custom 3-14,text,true,,12444,136,20,21,https://messenger-fe-eight.vercel.app/login,194,0,0
1768805174532,254,GET Login,200,OK,Thread Group 3 - Custom 3-2,text,true,,12444,136,20,21,https://messenger-fe-eight.vercel.app/login,152,0,0
1768805174548,250,GET Home,200,OK,Thread Group 3 - Custom 3-20,text,true,,8705,131,20,21,https://messenger-fe-eight.vercel.app/,179,0,0
1768805174492,326,GET Home,200,OK,Thread Group 3 - Custom 3-17,text,true,,8705,131,20,21,https://messenger-fe-eight.vercel.app/,222,0,0
1768805174539,338,GET Login,200,OK,Thread Group 3 - Custom 3-9,text,true,,12444,136,20,21,https://messenger-fe-eight.vercel.app/login,175,0,0
1768805174667,211,GET Home,200,OK,Thread Group 3 - Custom 3-13,text,true,,8705,131,20,21,https://messenger-fe-eight.vercel.app/,146,0,0
1768805174667,211,GET Home,200,OK,Thread Group 3 - Custom 3-10,text,true,,8705,131,20,21,https://messenger-fe-eight.vercel.app/,146,0,0
1768805174684,223,GET Home,200,OK,Thread Group 3 - Custom 3-15,text,true,,8705,131,20,21,https://messenger-fe-eight.vercel.app/,162,0,0
1768805174421,501,GET Home,200,OK,Thread Group 2 - Heavy Load 2-48,text,true,,8705,131,1,21,https://messenger-fe-eight.vercel.app/,377,0,228
1768805174548,395,GET Login,200,OK,Thread Group 3 - Custom 3-19,text,true,,12444,136,20,21,https://messenger-fe-eight.vercel.app/login,209,0,0
1768805174580,364,GET Login,200,OK,Thread Group 3 - Custom 3-7,text,true,,12444,136,20,21,https://messenger-fe-eight.vercel.app/login,177,0,0
1768805174757,187,GET Home,200,OK,Thread Group 3 - Custom 3-18,text,true,,8705,131,20,21,https://messenger-fe-eight.vercel.app/,131,0,0
1768805174757,214,GET Login,200,OK,Thread Group 3 - Custom 3-1,text,true,,12444,136,20,21,https://messenger-fe-eight.vercel.app/login,130,0,0
1768805174777,208,GET Home,200,OK,Thread Group 3 - Custom 3-3,text,true,,8705,131,20,21,https://messenger-fe-eight.vercel.app/,145,0,0
1768805174778,207,GET Home,200,OK,Thread Group 3 - Custom 3-14,text,true,,8705,131,20,21,https://messenger-fe-eight.vercel.app/,144,0,0
1768805174715,270,GET Login,200,OK,Thread Group 3 - Custom 3-12,text,true,,12444,136,20,21,https://messenger-fe-eight.vercel.app/login,152,0,0
1768805174743,259,GET Login,200,OK,Thread Group 3 - Custom 3-16,text,true,,12444,136,20,21,https://messenger-fe-eight.vercel.app/login,151,0,0
1768805174743,269,GET Login,200,OK,Thread Group 3 - Custom 3-4,text,true,,12444,136,20,21,https://messenger-fe-eight.vercel.app/login,151,0,0
1768805174757,259,GET Login,200,OK,Thread Group 3 - Custom 3-6,text,true,,12444,136,20,21,https://messenger-fe-eight.vercel.app/login,131,0,0
1768805174743,274,GET Login,200,OK,Thread Group 3 - Custom 3-11,text,true,,12444,136,20,21,https://messenger-fe-eight.vercel.app/login,151,0,0
1768805174752,273,GET Login,200,OK,Thread Group 3 - Custom 3-5,text,true,,12444,136,20,22,https://messenger-fe-eight.vercel.app/login,155,0,0
1768805174786,239,GET Home,200,OK,Thread Group 3 - Custom 3-2,text,true,,8705,131,20,22,https://messenger-fe-eight.vercel.app/,185,0,0
1768805174708,343,GET Login,200,OK,Thread Group 3 - Custom 3-8,text,true,,12444,136,20,22,https://messenger-fe-eight.vercel.app/login,176,0,0
1768805174798,291,GET Login,200,OK,Thread Group 3 - Custom 3-20,text,true,,12444,136,20,22,https://messenger-fe-eight.vercel.app/login,173,0,0
1768805174878,248,GET Login,200,OK,Thread Group 3 - Custom 3-13,text,true,,12444,136,20,22,https://messenger-fe-eight.vercel.app/login,147,0,0
1768805174878,250,GET Login,200,OK,Thread Group 3 - Custom 3-10,text,true,,12444,136,20,22,https://messenger-fe-eight.vercel.app/login,147,0,0
1768805174922,229,GET Login,200,OK,Thread Group 2 - Heavy Load 2-48,text,true,,12444,136,2,22,https://messenger-fe-eight.vercel.app/login,114,0,0
1768805174877,276,GET Home,200,OK,Thread Group 3 - Custom 3-9,text,true,,8705,131,20,21,https://messenger-fe-eight.vercel.app/,174,0,0
1768805174818,345,GET Login,200,OK,Thread Group 3 - Custom 3-17,text,true,,12444,136,20,21,https://messenger-fe-eight.vercel.app/login,183,0,0
1768805174908,326,GET Login,200,OK,Thread Group 3 - Custom 3-15,text,true,,12444,136,20,21,https://messenger-fe-eight.vercel.app/login,162,0,0
1768805175002,232,GET Home,200,OK,Thread Group 3 - Custom 3-16,text,true,,8705,131,20,21,https://messenger-fe-eight.vercel.app/,151,0,0
1768805175012,222,GET Home,200,OK,Thread Group 3 - Custom 3-4,text,true,,8705,131,20,21,https://messenger-fe-eight.vercel.app/,143,0,0
1768805174985,249,GET Home,200,OK,Thread Group 3 - Custom 3-12,text,true,,8705,131,20,21,https://messenger-fe-eight.vercel.app/,170,0,0
1768805174944,290,GET Login,200,OK,Thread Group 3 - Custom 3-18,text,true,,12444,136,20,21,https://messenger-fe-eight.vercel.app/login,150,0,0
1768805174972,264,GET Home,200,OK,Thread Group 3 - Custom 3-1,text,true,,8705,131,20,21,https://messenger-fe-eight.vercel.app/,144,0,0
1768805174943,293,GET Home,200,OK,Thread Group 3 - Custom 3-19,text,true,,8705,131,20,21,https://messenger-fe-eight.vercel.app/,201,0,0
1768805175018,218,GET Home,200,OK,Thread Group 3 - Custom 3-11,text,true,,8705,131,20,21,https://messenger-fe-eight.vercel.app/,154,0,0
1768805174944,298,GET Home,200,OK,Thread Group 3 - Custom 3-7,text,true,,8705,131,20,21,https://messenger-fe-eight.vercel.app/,200,0,0
1768805174985,257,GET Login,200,OK,Thread Group 3 - Custom 3-3,text,true,,12444,136,20,21,https://messenger-fe-eight.vercel.app/login,166,0,0
1768805174985,257,GET Login,200,OK,Thread Group 3 - Custom 3-14,text,true,,12444,136,20,21,https://messenger-fe-eight.vercel.app/login,160,0,0
1768805175025,241,GET Home,200,OK,Thread Group 3 - Custom 3-5,text,true,,8705,131,20,21,https://messenger-fe-eight.vercel.app/,172,0,0
1768805175016,250,GET Home,200,OK,Thread Group 3 - Custom 3-6,text,true,,8705,131,20,21,https://messenger-fe-eight.vercel.app/,156,0,0
1768805175052,250,GET Home,200,OK,Thread Group 3 - Custom 3-8,text,true,,8705,131,20,21,https://messenger-fe-eight.vercel.app/,182,0,0
1768805175025,282,GET Login,200,OK,Thread Group 3 - Custom 3-2,text,true,,12444,136,20,21,https://messenger-fe-eight.vercel.app/login,172,0,0
1768805175089,268,GET Home,200,OK,Thread Group 3 - Custom 3-20,text,true,,8705,131,20,21,https://messenger-fe-eight.vercel.app/,191,0,0
1768805175126,244,GET Home,200,OK,Thread Group 3 - Custom 3-13,text,true,,8705,131,20,21,https://messenger-fe-eight.vercel.app/,181,0,0
1768805175128,242,GET Home,200,OK,Thread Group 3 - Custom 3-10,text,true,,8705,131,20,21,https://messenger-fe-eight.vercel.app/,179,0,0
1768805175234,205,GET Home,200,OK,Thread Group 3 - Custom 3-18,text,true,,8705,131,20,21,https://messenger-fe-eight.vercel.app/,136,0,0
1768805175242,199,GET Home,200,OK,Thread Group 3 - Custom 3-3,text,true,,8705,131,20,21,https://messenger-fe-eight.vercel.app/,160,0,0
1768805175163,288,GET Home,200,OK,Thread Group 3 - Custom 3-17,text,true,,8705,131,20,21,https://messenger-fe-eight.vercel.app/,194,0,0
1768805175242,222,GET Home,200,OK,Thread Group 3 - Custom 3-14,text,true,,8705,131,20,21,https://messenger-fe-eight.vercel.app/,160,0,0
1768805175234,230,GET Home,200,OK,Thread Group 3 - Custom 3-15,text,true,,8705,131,20,21,https://messenger-fe-eight.vercel.app/,168,0,0
1768805175236,228,GET Login,200,OK,Thread Group 3 - Custom 3-1,text,true,,12444,136,20,21,https://messenger-fe-eight.vercel.app/login,166,0,0
1768805175234,253,GET Login,200,OK,Thread Group 3 - Custom 3-12,text,true,,12444,136,20,21,https://messenger-fe-eight.vercel.app/login,167,0,0
1768805175234,264,GET Login,200,OK,Thread Group 3 - Custom 3-16,text,true,,12444,136,20,21,https://messenger-fe-eight.vercel.app/login,168,0,0
1768805175234,265,GET Login,200,OK,Thread Group 3 - Custom 3-4,text,true,,12444,136,20,21,https://messenger-fe-eight.vercel.app/login,168,0,0
1768805175236,268,GET Login,200,OK,Thread Group 3 - Custom 3-11,text,true,,12444,136,20,21,https://messenger-fe-eight.vercel.app/login,166,0,0
1768805175153,351,GET Login,200,OK,Thread Group 3 - Custom 3-9,text,true,,12444,136,20,21,https://messenger-fe-eight.vercel.app/login,204,0,0
1768805175307,227,GET Home,200,OK,Thread Group 3 - Custom 3-2,text,true,,8705,131,20,21,https://messenger-fe-eight.vercel.app/,165,0,0
1768805175019,521,GET Home,200,OK,Thread Group 2 - Heavy Load 2-49,text,true,,8705,131,1,21,https://messenger-fe-eight.vercel.app/,422,0,255
1768805175266,279,GET Login,200,OK,Thread Group 3 - Custom 3-6,text,true,,12444,136,20,21,https://messenger-fe-eight.vercel.app/login,152,0,0
1768805175266,289,GET Login,200,OK,Thread Group 3 - Custom 3-5,text,true,,12444,136,20,21,https://messenger-fe-eight.vercel.app/login,175,0,0
1768805175236,343,GET Login,200,OK,Thread Group 3 - Custom 3-19,text,true,,12444,136,20,21,https://messenger-fe-eight.vercel.app/login,180,0,0
1768805175242,361,GET Login,200,OK,Thread Group 3 - Custom 3-7,text,true,,12444,136,20,21,https://messenger-fe-eight.vercel.app/login,197,0,0
1768805175357,287,GET Login,200,OK,Thread Group 3 - Custom 3-20,text,true,,12444,136,20,22,https://messenger-fe-eight.vercel.app/login,153,0,0
1768805175370,274,GET Login,200,OK,Thread Group 3 - Custom 3-10,text,true,,12444,136,20,22,https://messenger-fe-eight.vercel.app/login,164,0,0
1768805175370,274,GET Login,200,OK,Thread Group 3 - Custom 3-13,text,true,,12444,136,20,22,https://messenger-fe-eight.vercel.app/login,164,0,0
1768805175302,342,GET Login,200,OK,Thread Group 3 - Custom 3-8,text,true,,12444,136,20,22,https://messenger-fe-eight.vercel.app/login,184,0,0
1768805175464,186,GET Home,200,OK,Thread Group 3 - Custom 3-1,text,true,,8705,131,20,22,https://messenger-fe-eight.vercel.app/,139,0,0
1768805175441,227,GET Login,200,OK,Thread Group 3 - Custom 3-3,text,true,,12444,136,20,22,https://messenger-fe-eight.vercel.app/login,132,0,0
1768805175439,229,GET Login,200,OK,Thread Group 3 - Custom 3-18,text,true,,12444,136,20,22,https://messenger-fe-eight.vercel.app/login,134,0,0
1768805175464,239,GET Login,200,OK,Thread Group 3 - Custom 3-14,text,true,,12444,136,20,22,https://messenger-fe-eight.vercel.app/login,139,0,0
1768805175487,241,GET Home,200,OK,Thread Group 3 - Custom 3-12,text,true,,8705,131,20,22,https://messenger-fe-eight.vercel.app/,157,0,0
1768805175499,245,GET Home,200,OK,Thread Group 3 - Custom 3-4,text,true,,8705,131,20,22,https://messenger-fe-eight.vercel.app/,174,0,0
1768805175541,203,GET Login,200,OK,Thread Group 2 - Heavy Load 2-49,text,true,,12444,136,2,22,https://messenger-fe-eight.vercel.app/login,109,0,0
1768805175504,241,GET Home,200,OK,Thread Group 3 - Custom 3-11,text,true,,8705,131,20,21,https://messenger-fe-eight.vercel.app/,177,0,0
1768805175499,246,GET Home,200,OK,Thread Group 3 - Custom 3-16,text,true,,8705,131,20,21,https://messenger-fe-eight.vercel.app/,182,0,0
1768805175464,282,GET Login,200,OK,Thread Group 3 - Custom 3-15,text,true,,12444,136,20,21,https://messenger-fe-eight.vercel.app/login,164,0,0
1768805175452,318,GET Login,200,OK,Thread Group 3 - Custom 3-17,text,true,,12444,136,20,21,https://messenger-fe-eight.vercel.app/login,176,0,0
1768805175534,254,GET Login,200,OK,Thread Group 3 - Custom 3-2,text,true,,12444,136,20,21,https://messenger-fe-eight.vercel.app/login,139,0,0
1768805175555,233,GET Home,200,OK,Thread Group 3 - Custom 3-5,text,true,,8705,131,20,21,https://messenger-fe-eight.vercel.app/,173,0,0
1768805175545,256,GET Home,200,OK,Thread Group 3 - Custom 3-6,text,true,,8705,131,20,21,https://messenger-fe-eight.vercel.app/,144,0,0
1768805175504,297,GET Home,200,OK,Thread Group 3 - Custom 3-9,text,true,,8705,131,20,21,https://messenger-fe-eight.vercel.app/,199,0,0
1768805175580,269,GET Home,200,OK,Thread Group 3 - Custom 3-19,text,true,,8705,131,20,21,https://messenger-fe-eight.vercel.app/,166,0,0
1768805175644,214,GET Home,200,OK,Thread Group 3 - Custom 3-10,text,true,,8705,131,20,21,https://messenger-fe-eight.vercel.app/,133,0,0
1768805175644,224,GET Home,200,OK,Thread Group 3 - Custom 3-13,text,true,,8705,131,20,21,https://messenger-fe-eight.vercel.app/,147,0,0
1768805175644,236,GET Home,200,OK,Thread Group 3 - Custom 3-20,text,true,,8705,131,20,21,https://messenger-fe-eight.vercel.app/,157,0,0
1768805175644,236,GET Home,200,OK,Thread Group 3 - Custom 3-8,text,true,,8705,131,20,21,https://messenger-fe-eight.vercel.app/,148,0,0
1768805175603,286,GET Home,200,OK,Thread Group 3 - Custom 3-7,text,true,,8705,131,20,21,https://messenger-fe-eight.vercel.app/,188,0,0
1768805175668,221,GET Home,200,OK,Thread Group 3 - Custom 3-3,text,true,,8705,131,20,21,https://messenger-fe-eight.vercel.app/,174,0,0
1768805175668,220,GET Home,200,OK,Thread Group 3 - Custom 3-18,text,true,,8705,131,20,21,https://messenger-fe-eight.vercel.app/,174,0,0
1768805175650,266,GET Login,200,OK,Thread Group 3 - Custom 3-1,text,true,,12444,136,20,21,https://messenger-fe-eight.vercel.app/login,186,0,0
1768805175703,218,GET Home,200,OK,Thread Group 3 - Custom 3-14,text,true,,8705,131,20,21,https://messenger-fe-eight.vercel.app/,177,0,0
1768805175746,231,GET Home,200,OK,Thread Group 3 - Custom 3-15,text,true,,8705,131,20,21,https://messenger-fe-eight.vercel.app/,169,0,0
1768805175770,243,GET Home,200,OK,Thread Group 3 - Custom 3-17,text,true,,8705,131,20,21,https://messenger-fe-eight.vercel.app/,154,0,0
1768805175744,270,GET Login,200,OK,Thread Group 3 - Custom 3-4,text,true,,12444,136,20,21,https://messenger-fe-eight.vercel.app/login,160,0,0
1768805175789,227,GET Home,200,OK,Thread Group 3 - Custom 3-2,text,true,,8705,131,20,21,https://messenger-fe-eight.vercel.app/,163,0,0
1768805175728,308,GET Login,200,OK,Thread Group 3 - Custom 3-12,text,true,,12444,136,20,21,https://messenger-fe-eight.vercel.app/login,187,0,0
1768805175745,292,GET Login,200,OK,Thread Group 3 - Custom 3-11,text,true,,12444,136,20,21,https://messenger-fe-eight.vercel.app/login,176,0,0
1768805175801,257,GET Login,200,OK,Thread Group 3 - Custom 3-6,text,true,,12444,136,20,21,https://messenger-fe-eight.vercel.app/login,151,0,0
1768805175788,273,GET Login,200,OK,Thread Group 3 - Custom 3-5,text,true,,12444,136,20,21,https://messenger-fe-eight.vercel.app/login,164,0,0
1768805175745,330,GET Login,200,OK,Thread Group 3 - Custom 3-16,text,true,,12444,136,20,21,https://messenger-fe-eight.vercel.app/login,207,0,0
1768805175859,257,GET Login,200,OK,Thread Group 3 - Custom 3-10,text,true,,12444,136,20,21,https://messenger-fe-eight.vercel.app/login,154,0,0
1768805175868,249,GET Login,200,OK,Thread Group 3 - Custom 3-13,text,true,,12444,136,20,21,https://messenger-fe-eight.vercel.app/login,146,0,0
1768805175889,228,GET Login,200,OK,Thread Group 3 - Custom 3-18,text,true,,12444,136,20,21,https://messenger-fe-eight.vercel.app/login,147,0,0
1768805175801,316,GET Login,200,OK,Thread Group 3 - Custom 3-9,text,true,,12444,136,20,21,https://messenger-fe-eight.vercel.app/login,167,0,0
1768805175616,518,GET Home,200,OK,Thread Group 2 - Heavy Load 2-50,text,true,,8705,131,1,21,https://messenger-fe-eight.vercel.app/,396,0,264
1768805175889,245,GET Login,200,OK,Thread Group 3 - Custom 3-3,text,true,,12444,136,20,21,https://messenger-fe-eight.vercel.app/login,135,0,0
1768805175916,242,GET Home,200,OK,Thread Group 3 - Custom 3-1,text,true,,8705,131,20,21,https://messenger-fe-eight.vercel.app/,158,0,0
1768805175880,278,GET Login,200,OK,Thread Group 3 - Custom 3-20,text,true,,12444,136,20,21,https://messenger-fe-eight.vercel.app/login,157,0,0
1768805175849,328,GET Login,200,OK,Thread Group 3 - Custom 3-19,text,true,,12444,136,20,21,https://messenger-fe-eight.vercel.app/login,167,0,0
1768805175921,270,GET Login,200,OK,Thread Group 3 - Custom 3-14,text,true,,12444,136,20,21,https://messenger-fe-eight.vercel.app/login,171,0,0
1768805175880,311,GET Login,200,OK,Thread Group 3 - Custom 3-8,text,true,,12444,136,20,21,https://messenger-fe-eight.vercel.app/login,170,0,0
1768805175889,339,GET Login,200,OK,Thread Group 3 - Custom 3-7,text,true,,12444,136,20,21,https://messenger-fe-eight.vercel.app/login,162,0,0
1768805175978,287,GET Login,200,OK,Thread Group 3 - Custom 3-15,text,true,,12444,136,20,21,https://messenger-fe-eight.vercel.app/login,156,0,0
1768805176014,255,GET Home,200,OK,Thread Group 3 - Custom 3-4,text,true,,8705,131,20,21,https://messenger-fe-eight.vercel.app/,163,0,0
1768805176058,213,GET Home,200,OK,Thread Group 3 - Custom 3-6,text,true,,8705,131,20,21,https://messenger-fe-eight.vercel.app/,149,0,0
1768805176075,225,GET Home,200,OK,Thread Group 3 - Custom 3-16,text,true,,8705,131,20,21,https://messenger-fe-eight.vercel.app/,153,0,0
1768805176036,288,GET Home,200,OK,Thread Group 3 - Custom 3-12,text,true,,8705,131,20,21,https://messenger-fe-eight.vercel.app/,155,0,0
1768805176061,263,GET Home,200,OK,Thread Group 3 - Custom 3-5,text,true,,8705,131,20,21,https://messenger-fe-eight.vercel.app/,146,0,0
1768805176037,294,GET Home,200,OK,Thread Group 3 - Custom 3-11,text,true,,8705,131,20,21,https://messenger-fe-eight.vercel.app/,154,0,0
1768805176016,342,GET Login,200,OK,Thread Group 3 - Custom 3-2,text,true,,12444,136,20,21,https://messenger-fe-eight.vercel.app/login,210,0,0
1768805176014,344,GET Login,200,OK,Thread Group 3 - Custom 3-17,text,true,,12444,136,20,21,https://messenger-fe-eight.vercel.app/login,177,0,0
1768805176117,242,GET Home,200,OK,Thread Group 3 - Custom 3-10,text,true,,8705,131,20,21,https://messenger-fe-eight.vercel.app/,167,0,0
1768805176117,242,GET Home,200,OK,Thread Group 3 - Custom 3-13,text,true,,8705,131,20,21,https://messenger-fe-eight.vercel.app/,167,0,0
1768805176117,242,GET Home,200,OK,Thread Group 3 - Custom 3-18,text,true,,8705,131,20,21,https://messenger-fe-eight.vercel.app/,158,0,0
1768805176158,209,GET Home,200,OK,Thread Group 3 - Custom 3-20,text,true,,8705,131,20,21,https://messenger-fe-eight.vercel.app/,166,0,0
1768805176158,209,GET Login,200,OK,Thread Group 3 - Custom 3-1,text,true,,12444,136,20,21,https://messenger-fe-eight.vercel.app/login,139,0,0
1768805176135,254,GET Login,200,OK,Thread Group 2 - Heavy Load 2-50,text,true,,12444,136,1,21,https://messenger-fe-eight.vercel.app/login,140,0,0
1768805176135,254,GET Home,200,OK,Thread Group 3 - Custom 3-3,text,true,,8705,131,20,21,https://messenger-fe-eight.vercel.app/,162,0,0
1768805176191,223,GET Home,200,OK,Thread Group 3 - Custom 3-14,text,true,,8705,131,20,20,https://messenger-fe-eight.vercel.app/,169,0,0
1768805176117,331,GET Home,200,OK,Thread Group 3 - Custom 3-9,text,true,,8705,131,20,20,https://messenger-fe-eight.vercel.app/,243,0,0
1768805176191,257,GET Home,200,OK,Thread Group 3 - Custom 3-8,text,true,,8705,131,20,20,https://messenger-fe-eight.vercel.app/,192,0,0
1768805176178,304,GET Home,200,OK,Thread Group 3 - Custom 3-19,text,true,,8705,131,20,20,https://messenger-fe-eight.vercel.app/,205,0,0
1768805176228,275,GET Home,200,OK,Thread Group 3 - Custom 3-7,text,true,,8705,131,20,20,https://messenger-fe-eight.vercel.app/,186,0,0
1768805176269,266,GET Login,200,OK,Thread Group 3 - Custom 3-4,text,true,,12444,136,20,20,https://messenger-fe-eight.vercel.app/login,174,0,0
1768805176271,283,GET Login,200,OK,Thread Group 3 - Custom 3-6,text,true,,12444,136,20,20,https://messenger-fe-eight.vercel.app/login,172,0,0
1768805176266,295,GET Home,200,OK,Thread Group 3 - Custom 3-15,text,true,,8705,131,20,20,https://messenger-fe-eight.vercel.app/,224,0,0
1768805176368,193,GET Home,200,OK,Thread Group 3 - Custom 3-1,text,true,,8705,131,20,20,https://messenger-fe-eight.vercel.app/,153,0,0
1768805176359,234,GET Home,200,OK,Thread Group 3 - Custom 3-2,text,true,,8705,131,20,20,https://messenger-fe-eight.vercel.app/,168,0,0
1768805176359,259,GET Login,200,OK,Thread Group 3 - Custom 3-18,text,true,,12444,136,20,20,https://messenger-fe-eight.vercel.app/login,162,0,0
1768805176359,260,GET Home,200,OK,Thread Group 3 - Custom 3-17,text,true,,8705,131,20,20,https://messenger-fe-eight.vercel.app/,185,0,0
1768805176359,265,GET Login,200,OK,Thread Group 3 - Custom 3-10,text,true,,12444,136,20,20,https://messenger-fe-eight.vercel.app/login,163,0,0
1768805176331,297,GET Login,200,OK,Thread Group 3 - Custom 3-11,text,true,,12444,136,20,20,https://messenger-fe-eight.vercel.app/login,190,0,0
1768805176324,309,GET Login,200,OK,Thread Group 3 - Custom 3-12,text,true,,12444,136,20,20,https://messenger-fe-eight.vercel.app/login,197,0,0
1768805176359,274,GET Login,200,OK,Thread Group 3 - Custom 3-13,text,true,,12444,136,20,20,https://messenger-fe-eight.vercel.app/login,163,0,0
1768805176389,245,GET Login,200,OK,Thread Group 3 - Custom 3-3,text,true,,12444,136,20,20,https://messenger-fe-eight.vercel.app/login,155,0,0
1768805176324,315,GET Login,200,OK,Thread Group 3 - Custom 3-5,text,true,,12444,136,20,20,https://messenger-fe-eight.vercel.app/login,197,0,0
1768805176367,272,GET Login,200,OK,Thread Group 3 - Custom 3-20,text,true,,12444,136,20,20,https://messenger-fe-eight.vercel.app/login,158,0,0
1768805176414,232,GET Login,200,OK,Thread Group 3 - Custom 3-14,text,true,,12444,136,20,20,https://messenger-fe-eight.vercel.app/login,140,0,0
1768805176300,346,GET Login,200,OK,Thread Group 3 - Custom 3-16,text,true,,12444,136,20,20,https://messenger-fe-eight.vercel.app/login,225,0,0
1768805176449,302,GET Login,200,OK,Thread Group 3 - Custom 3-8,text,true,,12444,136,20,20,https://messenger-fe-eight.vercel.app/login,153,0,0
1768805176535,217,GET Home,200,OK,Thread Group 3 - Custom 3-4,text,true,,8705,131,20,20,https://messenger-fe-eight.vercel.app/,156,0,0
1768805176449,322,GET Login,200,OK,Thread Group 3 - Custom 3-9,text,true,,12444,136,20,20,https://messenger-fe-eight.vercel.app/login,169,0,0
1768805176555,219,GET Home,200,OK,Thread Group 3 - Custom 3-6,text,true,,8705,131,20,20,https://messenger-fe-eight.vercel.app/,175,0,0
1768805176562,235,GET Login,200,OK,Thread Group 3 - Custom 3-1,text,true,,12444,136,20,20,https://messenger-fe-eight.vercel.app/login,148,0,0
1768805176503,300,GET Login,200,OK,Thread Group 3 - Custom 3-7,text,true,,12444,136,20,20,https://messenger-fe-eight.vercel.app/login,164,0,0
1768805176482,321,GET Login,200,OK,Thread Group 3 - Custom 3-19,text,true,,12444,136,20,20,https://messenger-fe-eight.vercel.app/login,172,0,0
1768805176619,205,GET Home,200,OK,Thread Group 3 - Custom 3-18,text,true,,8705,131,20,20,https://messenger-fe-eight.vercel.app/,152,0,0
1768805176628,204,GET Home,200,OK,Thread Group 3 - Custom 3-11,text,true,,8705,131,20,20,https://messenger-fe-eight.vercel.app/,143,0,0
1768805176562,270,GET Login,200,OK,Thread Group 3 - Custom 3-15,text,true,,12444,136,20,20,https://messenger-fe-eight.vercel.app/login,167,0,0
1768805176624,238,GET Home,200,OK,Thread Group 3 - Custom 3-10,text,true,,8705,131,20,20,https://messenger-fe-eight.vercel.app/,147,0,0
1768805176634,228,GET Home,200,OK,Thread Group 3 - Custom 3-12,text,true,,8705,131,20,20,https://messenger-fe-eight.vercel.app/,151,0,0
1768805176634,228,GET Home,200,OK,Thread Group 3 - Custom 3-13,text,true,,8705,131,20,20,https://messenger-fe-eight.vercel.app/,165,0,0
1768805176639,224,GET Home,200,OK,Thread Group 3 - Custom 3-5,text,true,,8705,131,20,20,https://messenger-fe-eight.vercel.app/,137,0,0
1768805176634,229,GET Home,200,OK,Thread Group 3 - Custom 3-3,text,true,,8705,131,20,20,https://messenger-fe-eight.vercel.app/,138,0,0
1768805176646,220,GET Home,200,OK,Thread Group 3 - Custom 3-14,text,true,,8705,131,20,20,https://messenger-fe-eight.vercel.app/,151,0,0
1768805176639,227,GET Home,200,OK,Thread Group 3 - Custom 3-20,text,true,,8705,131,20,20,https://messenger-fe-eight.vercel.app/,135,0,0
1768805176593,273,GET Login,200,OK,Thread Group 3 - Custom 3-2,text,true,,12444,136,20,20,https://messenger-fe-eight.vercel.app/login,165,0,0
1768805176646,220,GET Home,200,OK,Thread Group 3 - Custom 3-16,text,true,,8705,131,20,20,https://messenger-fe-eight.vercel.app/,155,0,0
1768805176619,306,GET Login,200,OK,Thread Group 3 - Custom 3-17,text,true,,12444,136,20,20,https://messenger-fe-eight.vercel.app/login,166,0,0
1768805176751,251,GET Home,200,OK,Thread Group 3 - Custom 3-8,text,true,,8705,131,20,20,https://messenger-fe-eight.vercel.app/,174,0,0
1768805176797,205,GET Home,200,OK,Thread Group 3 - Custom 3-1,text,true,,8705,131,20,20,https://messenger-fe-eight.vercel.app/,147,0,0
1768805176752,251,GET Login,200,OK,Thread Group 3 - Custom 3-4,text,true,,12444,136,20,20,https://messenger-fe-eight.vercel.app/login,149,0,0
1768805176832,229,GET Home,200,OK,Thread Group 3 - Custom 3-15,text,true,,8705,131,20,20,https://messenger-fe-eight.vercel.app/,162,0,0
1768805176772,289,GET Home,200,OK,Thread Group 3 - Custom 3-9,text,true,,8705,131,20,20,https://messenger-fe-eight.vercel.app/,186,0,0
1768805176774,287,GET Login,200,OK,Thread Group 3 - Custom 3-6,text,true,,12444,136,20,20,https://messenger-fe-eight.vercel.app/login,170,0,0
1768805176803,259,GET Home,200,OK,Thread Group 3 - Custom 3-19,text,true,,8705,131,20,20,https://messenger-fe-eight.vercel.app/,168,0,0
1768805176803,265,GET Home,200,OK,Thread Group 3 - Custom 3-7,text,true,,8705,131,20,20,https://messenger-fe-eight.vercel.app/,182,0,0
1768805176825,244,GET Login,200,OK,Thread Group 3 - Custom 3-18,text,true,,12444,136,20,20,https://messenger-fe-eight.vercel.app/login,160,0,0
1768805176832,260,GET Login,200,OK,Thread Group 3 - Custom 3-11,text,true,,12444,136,20,20,https://messenger-fe-eight.vercel.app/login,153,0,0
1768805176863,231,GET Login,200,OK,Thread Group 3 - Custom 3-3,text,true,,12444,136,20,20,https://messenger-fe-eight.vercel.app/login,145,0,0
1768805176866,237,GET Home,200,OK,Thread Group 3 - Custom 3-2,text,true,,8705,131,20,20,https://messenger-fe-eight.vercel.app/,167,0,0
1768805176866,241,GET Login,200,OK,Thread Group 3 - Custom 3-14,text,true,,12444,136,20,20,https://messenger-fe-eight.vercel.app/login,147,0,0
1768805176866,270,GET Login,200,OK,Thread Group 3 - Custom 3-20,text,true,,12444,136,20,20,https://messenger-fe-eight.vercel.app/login,161,0,0
1768805176862,274,GET Login,200,OK,Thread Group 3 - Custom 3-10,text,true,,12444,136,20,20,https://messenger-fe-eight.vercel.app/login,165,0,0
1768805176862,280,GET Login,200,OK,Thread Group 3 - Custom 3-12,text,true,,12444,136,20,20,https://messenger-fe-eight.vercel.app/login,172,0,0
1768805176862,296,GET Login,200,OK,Thread Group 3 - Custom 3-13,text,true,,12444,136,20,20,https://messenger-fe-eight.vercel.app/login,179,0,0
1768805176866,292,GET Login,200,OK,Thread Group 3 - Custom 3-16,text,true,,12444,136,20,20,https://messenger-fe-eight.vercel.app/login,168,0,0
1768805176863,295,GET Login,200,OK,Thread Group 3 - Custom 3-5,text,true,,12444,136,20,20,https://messenger-fe-eight.vercel.app/login,178,0,0
1768805176925,241,GET Home,200,OK,Thread Group 3 - Custom 3-17,text,true,,8705,131,20,20,https://messenger-fe-eight.vercel.app/,154,0,0
1768805177061,224,GET Home,200,OK,Thread Group 3 - Custom 3-6,text,true,,8705,131,20,20,https://messenger-fe-eight.vercel.app/,132,0,0
1768805177069,216,GET Home,200,OK,Thread Group 3 - Custom 3-18,text,true,,8705,131,20,20,https://messenger-fe-eight.vercel.app/,150,0,0
1768805177003,282,GET Home,200,OK,Thread Group 3 - Custom 3-4,text,true,,8705,131,20,20,https://messenger-fe-eight.vercel.app/,139,0,0
1768805177002,283,GET Login,200,OK,Thread Group 3 - Custom 3-1,text,true,,12444,136,20,20,https://messenger-fe-eight.vercel.app/login,134,0,0
1768805177002,290,GET Login,200,OK,Thread Group 3 - Custom 3-8,text,true,,12444,136,20,20,https://messenger-fe-eight.vercel.app/login,156,0,0
1768805177061,252,GET Login,200,OK,Thread Group 3 - Custom 3-15,text,true,,12444,136,20,20,https://messenger-fe-eight.vercel.app/login,133,0,0
1768805177107,229,GET Home,200,OK,Thread Group 3 - Custom 3-14,text,true,,8705,131,20,20,https://messenger-fe-eight.vercel.app/,129,0,0
1768805177093,243,GET Home,200,OK,Thread Group 3 - Custom 3-11,text,true,,8705,131,20,20,https://messenger-fe-eight.vercel.app/,154,0,0
1768805177094,242,GET Home,200,OK,Thread Group 3 - Custom 3-3,text,true,,8705,131,20,20,https://messenger-fe-eight.vercel.app/,142,0,0
1768805177061,287,GET Login,200,OK,Thread Group 3 - Custom 3-9,text,true,,12444,136,20,20,https://messenger-fe-eight.vercel.app/login,158,0,0
1768805177103,260,GET Login,200,OK,Thread Group 3 - Custom 3-2,text,true,,12444,136,20,20,https://messenger-fe-eight.vercel.app/login,148,0,0
1768805177136,245,GET Home,200,OK,Thread Group 3 - Custom 3-10,text,true,,8705,131,20,20,https://messenger-fe-eight.vercel.app/,177,0,0
1768805177136,245,GET Home,200,OK,Thread Group 3 - Custom 3-20,text,true,,8705,131,20,20,https://messenger-fe-eight.vercel.app/,177,0,0
1768805177069,312,GET Login,200,OK,Thread Group 3 - Custom 3-7,text,true,,12444,136,20,20,https://messenger-fe-eight.vercel.app/login,162,0,0
1768805177062,319,GET Login,200,OK,Thread Group 3 - Custom 3-19,text,true,,12444,136,20,20,https://messenger-fe-eight.vercel.app/login,170,0,0
1768805177142,239,GET Home,200,OK,Thread Group 3 - Custom 3-12,text,true,,8705,131,20,20,https://messenger-fe-eight.vercel.app/,171,0,0
1768805177158,224,GET Home,200,OK,Thread Group 3 - Custom 3-13,text,true,,8705,131,20,20,https://messenger-fe-eight.vercel.app/,177,0,0
1768805177158,228,GET Home,200,OK,Thread Group 3 - Custom 3-16,text,true,,8705,131,20,20,https://messenger-fe-eight.vercel.app/,178,0,0
1768805177158,228,GET Home,200,OK,Thread Group 3 - Custom 3-5,text,true,,8705,131,20,20,https://messenger-fe-eight.vercel.app/,178,0,0
1768805177166,304,GET Login,200,OK,Thread Group 3 - Custom 3-17,text,true,,12444,136,20,20,https://messenger-fe-eight.vercel.app/login,170,0,0
1768805177285,203,GET Home,200,OK,Thread Group 3 - Custom 3-1,text,true,,8705,131,20,20,https://messenger-fe-eight.vercel.app/,184,0,0
1768805177292,236,GET Home,200,OK,Thread Group 3 - Custom 3-8,text,true,,8705,131,20,20,https://messenger-fe-eight.vercel.app/,178,0,0
1768805177313,234,GET Home,200,OK,Thread Group 3 - Custom 3-15,text,true,,8705,131,20,20,https://messenger-fe-eight.vercel.app/,157,0,0
1768805177285,268,GET Login,200,OK,Thread Group 3 - Custom 3-18,text,true,,12444,136,20,20,https://messenger-fe-eight.vercel.app/login,184,0,0
1768805177285,275,GET Login,200,OK,Thread Group 3 - Custom 3-4,text,true,,12444,136,20,20,https://messenger-fe-eight.vercel.app/login,184,0,0
1768805177285,281,GET Login,200,OK,Thread Group 3 - Custom 3-6,text,true,,12444,136,20,20,https://messenger-fe-eight.vercel.app/login,184,0,0
1768805177336,239,GET Login,200,OK,Thread Group 3 - Custom 3-3,text,true,,12444,136,20,20,https://messenger-fe-eight.vercel.app/login,173,0,0
1768805177363,216,GET Home,200,OK,Thread Group 3 - Custom 3-2,text,true,,8705,131,20,20,https://messenger-fe-eight.vercel.app/,157,0,0
1768805177336,246,GET Login,200,OK,Thread Group 3 - Custom 3-14,text,true,,12444,136,20,20,https://messenger-fe-eight.vercel.app/login,169,0,0
1768805177348,274,GET Home,200,OK,Thread Group 3 - Custom 3-9,text,true,,8705,131,20,20,https://messenger-fe-eight.vercel.app/,164,0,0
1768805177336,289,GET Login,200,OK,Thread Group 3 - Custom 3-11,text,true,,12444,136,20,20,https://messenger-fe-eight.vercel.app/login,173,0,0
1768805177381,269,GET Login,200,OK,Thread Group 3 - Custom 3-10,text,true,,12444,136,20,20,https://messenger-fe-eight.vercel.app/login,179,0,0
1768805177381,269,GET Home,200,OK,Thread Group 3 - Custom 3-19,text,true,,8705,131,20,20,https://messenger-fe-eight.vercel.app/,193,0,0
1768805177381,292,GET Home,200,OK,Thread Group 3 - Custom 3-7,text,true,,8705,131,20,20,https://messenger-fe-eight.vercel.app/,185,0,0
1768805177381,294,GET Login,200,OK,Thread Group 3 - Custom 3-20,text,true,,12444,136,20,20,https://messenger-fe-eight.vercel.app/login,185,0,0
1768805177382,294,GET Login,200,OK,Thread Group 3 - Custom 3-13,text,true,,12444,136,20,20,https://messenger-fe-eight.vercel.app/login,184,0,0
1768805177386,290,GET Login,200,OK,Thread Group 3 - Custom 3-16,text,true,,12444,136,20,20,https://messenger-fe-eight.vercel.app/login,180,0,0
1768805177386,290,GET Login,200,OK,Thread Group 3 - Custom 3-5,text,true,,12444,136,20,20,https://messenger-fe-eight.vercel.app/login,181,0,0
1768805177470,218,GET Home,200,OK,Thread Group 3 - Custom 3-17,text,true,,8705,131,20,20,https://messenger-fe-eight.vercel.app/,155,0,0
1768805177488,232,GET Login,200,OK,Thread Group 3 - Custom 3-1,text,true,,12444,136,20,20,https://messenger-fe-eight.vercel.app/login,160,0,0
1768805177382,375,GET Login,200,OK,Thread Group 3 - Custom 3-12,text,true,,12444,136,20,20,https://messenger-fe-eight.vercel.app/login,184,0,0
1768805177560,197,GET Home,200,OK,Thread Group 3 - Custom 3-4,text,true,,8705,131,20,20,https://messenger-fe-eight.vercel.app/,143,0,0
1768805177575,184,GET Home,200,OK,Thread Group 3 - Custom 3-3,text,true,,8705,131,20,20,https://messenger-fe-eight.vercel.app/,138,0,0
1768805177566,193,GET Home,200,OK,Thread Group 3 - Custom 3-6,text,true,,8705,131,20,20,https://messenger-fe-eight.vercel.app/,143,0,0
1768805177582,195,GET Home,200,OK,Thread Group 3 - Custom 3-14,text,true,,8705,131,20,20,https://messenger-fe-eight.vercel.app/,131,0,0
1768805177553,239,GET Home,200,OK,Thread Group 3 - Custom 3-18,text,true,,8705,131,20,20,https://messenger-fe-eight.vercel.app/,204,0,0
1768805177528,333,GET Login,200,OK,Thread Group 3 - Custom 3-8,text,true,,12444,136,20,20,https://messenger-fe-eight.vercel.app/login,148,0,0
1768805177550,312,GET Login,200,OK,Thread Group 3 - Custom 3-15,text,true,,12444,136,20,20,https://messenger-fe-eight.vercel.app/login,159,0,0
1768805177579,283,GET Login,200,OK,Thread Group 3 - Custom 3-2,text,true,,12444,136,20,20,https://messenger-fe-eight.vercel.app/login,134,0,0
1768805177625,238,GET Home,200,OK,Thread Group 3 - Custom 3-11,text,true,,8705,131,20,20,https://messenger-fe-eight.vercel.app/,152,0,0
1768805177650,217,GET Home,200,OK,Thread Group 3 - Custom 3-10,text,true,,8705,131,20,20,https://messenger-fe-eight.vercel.app/,155,0,0
1768805177676,216,GET Home,200,OK,Thread Group 3 - Custom 3-20,text,true,,8705,131,20,20,https://messenger-fe-eight.vercel.app/,186,0,0
1768805177676,222,GET Home,200,OK,Thread Group 3 - Custom 3-16,text,true,,8705,131,20,20,https://messenger-fe-eight.vercel.app/,187,0,0
1768805177676,227,GET Home,200,OK,Thread Group 3 - Custom 3-5,text,true,,8705,131,20,20,https://messenger-fe-eight.vercel.app/,187,0,0
1768805177676,227,GET Home,200,OK,Thread Group 3 - Custom 3-13,text,true,,8705,131,20,20,https://messenger-fe-eight.vercel.app/,187,0,0
1768805177721,182,GET Home,200,OK,Thread Group 3 - Custom 3-1,text,true,,8705,131,20,20,https://messenger-fe-eight.vercel.app/,144,0,0
1768805177623,293,GET Login,200,OK,Thread Group 3 - Custom 3-9,text,true,,12444,136,20,20,https://messenger-fe-eight.vercel.app/login,169,0,0
1768805177757,226,GET Home,200,OK,Thread Group 3 - Custom 3-12,text,true,,8705,131,20,20,https://messenger-fe-eight.vercel.app/,152,0,0
1768805177675,309,GET Login,200,OK,Thread Group 3 - Custom 3-7,text,true,,12444,136,20,20,https://messenger-fe-eight.vercel.app/login,187,0,0
1768805177650,334,GET Login,200,OK,Thread Group 3 - Custom 3-19,text,true,,12444,136,20,20,https://messenger-fe-eight.vercel.app/login,213,0,0
1768805177759,225,GET Login,200,OK,Thread Group 3 - Custom 3-3,text,true,,12444,136,20,20,https://messenger-fe-eight.vercel.app/login,139,0,0
1768805177688,297,GET Login,200,OK,Thread Group 3 - Custom 3-17,text,true,,12444,136,20,20,https://messenger-fe-eight.vercel.app/login,175,0,0
1768805177777,226,GET Login,200,OK,Thread Group 3 - Custom 3-14,text,true,,12444,136,20,20,https://messenger-fe-eight.vercel.app/login,132,0,0
1768805177757,254,GET Login,200,OK,Thread Group 3 - Custom 3-4,text,true,,12444,136,20,20,https://messenger-fe-eight.vercel.app/login,159,0,0
1768805177759,252,GET Login,200,OK,Thread Group 3 - Custom 3-6,text,true,,12444,136,20,20,https://messenger-fe-eight.vercel.app/login,150,0,0
1768805177792,226,GET Login,200,OK,Thread Group 3 - Custom 3-18,text,true,,12444,136,20,20,https://messenger-fe-eight.vercel.app/login,136,0,0
1768805177862,227,GET Home,200,OK,Thread Group 3 - Custom 3-2,text,true,,8705,131,20,20,https://messenger-fe-eight.vercel.app/,174,0,0
1768805177862,234,GET Home,200,OK,Thread Group 3 - Custom 3-15,text,true,,8705,131,20,20,https://messenger-fe-eight.vercel.app/,174,0,0
1768805177903,197,GET Login,200,OK,Thread Group 3 - Custom 3-1,text,true,,12444,136,20,20,https://messenger-fe-eight.vercel.app/login,133,0,0
1768805177861,267,GET Home,200,OK,Thread Group 3 - Custom 3-8,text,true,,8705,131,20,20,https://messenger-fe-eight.vercel.app/,190,0,0
1768805177867,275,GET Login,200,OK,Thread Group 3 - Custom 3-10,text,true,,12444,136,20,20,https://messenger-fe-eight.vercel.app/login,169,0,0
1768805177892,250,GET Login,200,OK,Thread Group 3 - Custom 3-20,text,true,,12444,136,20,20,https://messenger-fe-eight.vercel.app/login,144,0,0
1768805177863,279,GET Login,200,OK,Thread Group 3 - Custom 3-11,text,true,,12444,136,20,20,https://messenger-fe-eight.vercel.app/login,173,0,0
1768805177903,251,GET Login,200,OK,Thread Group 3 - Custom 3-13,text,true,,12444,136,20,20,https://messenger-fe-eight.vercel.app/login,133,0,0
1768805177916,245,GET Home,200,OK,Thread Group 3 - Custom 3-9,text,true,,8705,131,20,20,https://messenger-fe-eight.vercel.app/,167,0,0
1768805177898,263,GET Login,200,OK,Thread Group 3 - Custom 3-16,text,true,,12444,136,20,20,https://messenger-fe-eight.vercel.app/login,153,0,0
1768805177984,178,GET Home,200,OK,Thread Group 3 - Custom 3-3,text,true,,8705,131,20,20,https://messenger-fe-eight.vercel.app/,144,0,0
1768805177903,280,GET Login,200,OK,Thread Group 3 - Custom 3-5,text,true,,12444,136,20,20,https://messenger-fe-eight.vercel.app/login,154,0,0
1768805178004,202,GET Home,200,OK,Thread Group 3 - Custom 3-14,text,true,,8705,131,20,20,https://messenger-fe-eight.vercel.app/,150,0,0
1768805177985,223,GET Home,200,OK,Thread Group 3 - Custom 3-17,text,true,,8705,131,20,20,https://messenger-fe-eight.vercel.app/,157,0,0
1768805178011,211,GET Home,200,OK,Thread Group 3 - Custom 3-4,text,true,,8705,131,20,20,https://messenger-fe-eight.vercel.app/,151,0,0
1768805177984,238,GET Home,200,OK,Thread Group 3 - Custom 3-7,text,true,,8705,131,20,20,https://messenger-fe-eight.vercel.app/,158,0,0
1768805177984,252,GET Home,200,OK,Thread Group 3 - Custom 3-19,text,true,,8705,131,20,20,https://messenger-fe-eight.vercel.app/,158,0,0
1768805178011,225,GET Home,200,OK,Thread Group 3 - Custom 3-6,text,true,,8705,131,20,20,https://messenger-fe-eight.vercel.app/,143,0,0
1768805177984,252,GET Login,200,OK,Thread Group 3 - Custom 3-12,text,true,,12444,136,20,20,https://messenger-fe-eight.vercel.app/login,145,0,0
1768805178018,218,GET Home,200,OK,Thread Group 3 - Custom 3-18,text,true,,8705,131,20,20,https://messenger-fe-eight.vercel.app/,165,0,0
1768805178100,224,GET Home,200,OK,Thread Group 3 - Custom 3-1,text,true,,8705,131,20,20,https://messenger-fe-eight.vercel.app/,136,0,0
1768805178089,266,GET Login,200,OK,Thread Group 3 - Custom 3-2,text,true,,12444,136,20,20,https://messenger-fe-eight.vercel.app/login,161,0,0
1768805178096,259,GET Login,200,OK,Thread Group 3 - Custom 3-15,text,true,,12444,136,20,20,https://messenger-fe-eight.vercel.app/login,154,0,0
1768805178142,229,GET Home,200,OK,Thread Group 3 - Custom 3-20,text,true,,8705,131,20,20,https://messenger-fe-eight.vercel.app/,160,0,0
1768805178142,230,GET Home,200,OK,Thread Group 3 - Custom 3-11,text,true,,8705,131,20,20,https://messenger-fe-eight.vercel.app/,161,0,0
1768805178142,232,GET Home,200,OK,Thread Group 3 - Custom 3-10,text,true,,8705,131,20,20,https://messenger-fe-eight.vercel.app/,161,0,0
1768805178162,233,GET Login,200,OK,Thread Group 3 - Custom 3-3,text,true,,12444,136,20,20,https://messenger-fe-eight.vercel.app/login,162,0,0
1768805178162,241,GET Home,200,OK,Thread Group 3 - Custom 3-16,text,true,,8705,131,20,20,https://messenger-fe-eight.vercel.app/,163,0,0
1768805178129,278,GET Login,200,OK,Thread Group 3 - Custom 3-8,text,true,,12444,136,20,20,https://messenger-fe-eight.vercel.app/login,163,0,0
1768805178183,246,GET Home,200,OK,Thread Group 3 - Custom 3-5,text,true,,8705,131,20,20,https://messenger-fe-eight.vercel.app/,190,0,0
1768805178162,304,GET Login,200,OK,Thread Group 3 - Custom 3-9,text,true,,12444,136,20,20,https://messenger-fe-eight.vercel.app/login,174,0,0
1768805178154,345,GET Home,200,OK,Thread Group 3 - Custom 3-13,text,true,,8705,131,20,20,https://messenger-fe-eight.vercel.app/,170,0,0
1768805178207,293,GET Login,200,OK,Thread Group 3 - Custom 3-14,text,true,,12444,136,20,20,https://messenger-fe-eight.vercel.app/login,196,0,0
1768805178237,263,GET Home,200,OK,Thread Group 3 - Custom 3-12,text,true,,8705,131,20,20,https://messenger-fe-eight.vercel.app/,154,0,0
1768805178237,263,GET Login,200,OK,Thread Group 3 - Custom 3-18,text,true,,12444,136,20,20,https://messenger-fe-eight.vercel.app/login,154,0,0
1768805178222,278,GET Login,200,OK,Thread Group 3 - Custom 3-4,text,true,,12444,136,20,20,https://messenger-fe-eight.vercel.app/login,152,0,0
1768805178236,264,GET Login,200,OK,Thread Group 3 - Custom 3-6,text,true,,12444,136,20,20,https://messenger-fe-eight.vercel.app/login,159,0,0
1768805178208,297,GET Login,200,OK,Thread Group 3 - Custom 3-17,text,true,,12444,136,20,20,https://messenger-fe-eight.vercel.app/login,180,0,0
1768805178222,293,GET Login,200,OK,Thread Group 3 - Custom 3-7,text,true,,12444,136,20,20,https://messenger-fe-eight.vercel.app/login,169,0,0
1768805178236,331,GET Login,200,OK,Thread Group 3 - Custom 3-19,text,true,,12444,136,20,20,https://messenger-fe-eight.vercel.app/login,171,0,0
1768805178355,247,GET Home,200,OK,Thread Group 3 - Custom 3-15,text,true,,8705,131,20,20,https://messenger-fe-eight.vercel.app/,181,0,0
1768805178355,248,GET Home,200,OK,Thread Group 3 - Custom 3-2,text,true,,8705,131,20,20,https://messenger-fe-eight.vercel.app/,181,0,0
1768805178325,295,GET Login,200,OK,Thread Group 3 - Custom 3-1,text,true,,12444,136,20,20,https://messenger-fe-eight.vercel.app/login,202,0,0
1768805178396,225,GET Home,200,OK,Thread Group 3 - Custom 3-3,text,true,,8705,131,20,20,https://messenger-fe-eight.vercel.app/,130,0,0
1768805178372,266,GET Login,200,OK,Thread Group 3 - Custom 3-11,text,true,,12444,136,20,20,https://messenger-fe-eight.vercel.app/login,164,0,0
1768805178372,269,GET Login,200,OK,Thread Group 3 - Custom 3-20,text,true,,12444,136,20,20,https://messenger-fe-eight.vercel.app/login,164,0,0
1768805178374,288,GET Login,200,OK,Thread Group 3 - Custom 3-10,text,true,,12444,136,20,20,https://messenger-fe-eight.vercel.app/login,180,0,0
1768805178403,259,GET Login,200,OK,Thread Group 3 - Custom 3-16,text,true,,12444,136,20,20,https://messenger-fe-eight.vercel.app/login,138,0,0
1768805178407,292,GET Home,200,OK,Thread Group 3 - Custom 3-8,text,true,,8705,131,20,20,https://messenger-fe-eight.vercel.app/,218,0,0
1768805178466,238,GET Home,200,OK,Thread Group 3 - Custom 3-9,text,true,,8705,131,20,20,https://messenger-fe-eight.vercel.app/,155,0,0
1768805178500,222,GET Home,200,OK,Thread Group 3 - Custom 3-18,text,true,,8705,131,20,20,https://messenger-fe-eight.vercel.app/,165,0,0
1768805178429,293,GET Login,200,OK,Thread Group 3 - Custom 3-5,text,true,,12444,136,20,20,https://messenger-fe-eight.vercel.app/login,174,0,0
1768805178501,223,GET Home,200,OK,Thread Group 3 - Custom 3-6,text,true,,8705,131,20,20,https://messenger-fe-eight.vercel.app/,164,0,0
1768805178500,229,GET Home,200,OK,Thread Group 3 - Custom 3-14,text,true,,8705,131,20,20,https://messenger-fe-eight.vercel.app/,166,0,0
1768805178505,248,GET Home,200,OK,Thread Group 3 - Custom 3-17,text,true,,8705,131,20,20,https://messenger-fe-eight.vercel.app/,181,0,0
1768805178500,253,GET Home,200,OK,Thread Group 3 - Custom 3-4,text,true,,8705,131,20,20,https://messenger-fe-eight.vercel.app/,163,0,0
1768805178515,257,GET Home,200,OK,Thread Group 3 - Custom 3-7,text,true,,8705,131,20,20,https://messenger-fe-eight.vercel.app/,184,0,0
1768805178500,278,GET Login,200,OK,Thread Group 3 - Custom 3-12,text,true,,12444,136,20,20,https://messenger-fe-eight.vercel.app/login,166,0,0
1768805178620,212,GET Home,200,OK,Thread Group 3 - Custom 3-1,text,true,,8705,131,20,20,https://messenger-fe-eight.vercel.app/,159,0,0
1768805178500,332,GET Login,200,OK,Thread Group 3 - Custom 3-13,text,true,,12444,136,20,20,https://messenger-fe-eight.vercel.app/login,186,0,0
1768805178640,207,GET Home,200,OK,Thread Group 3 - Custom 3-11,text,true,,8705,131,20,20,https://messenger-fe-eight.vercel.app/,167,0,0
1768805178567,287,GET Home,200,OK,Thread Group 3 - Custom 3-19,text,true,,8705,131,20,20,https://messenger-fe-eight.vercel.app/,179,0,0
1768805178602,252,GET Login,200,OK,Thread Group 3 - Custom 3-15,text,true,,12444,136,20,20,https://messenger-fe-eight.vercel.app/login,158,0,0
1768805178641,213,GET Home,200,OK,Thread Group 3 - Custom 3-20,text,true,,8705,131,20,20,https://messenger-fe-eight.vercel.app/,166,0,0
1768805178604,253,GET Login,200,OK,Thread Group 3 - Custom 3-2,text,true,,12444,136,20,20,https://messenger-fe-eight.vercel.app/login,157,0,0
1768805178662,222,GET Home,200,OK,Thread Group 3 - Custom 3-10,text,true,,8705,131,20,20,https://messenger-fe-eight.vercel.app/,170,0,0
1768805178662,239,GET Home,200,OK,Thread Group 3 - Custom 3-16,text,true,,8705,131,20,20,https://messenger-fe-eight.vercel.app/,171,0,0
1768805178723,212,GET Home,200,OK,Thread Group 3 - Custom 3-5,text,true,,8705,131,20,20,https://messenger-fe-eight.vercel.app/,151,0,0
1768805178621,334,GET Login,200,OK,Thread Group 3 - Custom 3-3,text,true,,12444,136,20,20,https://messenger-fe-eight.vercel.app/login,157,0,0
1768805178724,231,GET Login,200,OK,Thread Group 3 - Custom 3-18,text,true,,12444,136,20,20,https://messenger-fe-eight.vercel.app/login,139,0,0
1768805178699,277,GET Login,200,OK,Thread Group 3 - Custom 3-8,text,true,,12444,136,20,20,https://messenger-fe-eight.vercel.app/login,148,0,0
1768805178724,253,GET Login,200,OK,Thread Group 3 - Custom 3-6,text,true,,12444,136,20,20,https://messenger-fe-eight.vercel.app/login,150,0,0
1768805178705,277,GET Login,200,OK,Thread Group 3 - Custom 3-9,text,true,,12444,136,20,20,https://messenger-fe-eight.vercel.app/login,149,0,0
1768805178778,296,GET Home,200,OK,Thread Group 3 - Custom 3-12,text,true,,8705,131,20,20,https://messenger-fe-eight.vercel.app/,231,0,0
1768805178833,242,GET Login,200,OK,Thread Group 3 - Custom 3-1,text,true,,12444,136,20,20,https://messenger-fe-eight.vercel.app/login,161,0,0
1768805178857,218,GET Home,200,OK,Thread Group 3 - Custom 3-2,text,true,,8705,131,20,20,https://messenger-fe-eight.vercel.app/,161,0,0
1768805178753,331,GET Login,200,OK,Thread Group 3 - Custom 3-4,text,true,,12444,136,20,20,https://messenger-fe-eight.vercel.app/login,242,0,0
1768805178854,230,GET Home,200,OK,Thread Group 3 - Custom 3-15,text,true,,8705,131,20,20,https://messenger-fe-eight.vercel.app/,155,0,0
1768805178847,261,GET Login,200,OK,Thread Group 3 - Custom 3-11,text,true,,12444,136,20,20,https://messenger-fe-eight.vercel.app/login,153,0,0
1768805178729,379,GET Login,200,OK,Thread Group 3 - Custom 3-14,text,true,,12444,136,20,20,https://messenger-fe-eight.vercel.app/login,271,0,0
1768805178833,276,GET Home,200,OK,Thread Group 3 - Custom 3-13,text,true,,8705,131,20,20,https://messenger-fe-eight.vercel.app/,203,0,0
1768805178854,255,GET Login,200,OK,Thread Group 3 - Custom 3-20,text,true,,12444,136,20,20,https://messenger-fe-eight.vercel.app/login,155,0,0
1768805178753,361,GET Login,200,OK,Thread Group 3 - Custom 3-17,text,true,,12444,136,20,20,https://messenger-fe-eight.vercel.app/login,256,0,0
1768805178955,198,GET Home,200,OK,Thread Group 3 - Custom 3-3,text,true,,8705,131,20,20,https://messenger-fe-eight.vercel.app/,154,0,0
1768805178955,198,GET Home,200,OK,Thread Group 3 - Custom 3-18,text,true,,8705,131,20,20,https://messenger-fe-eight.vercel.app/,154,0,0
1768805178854,319,GET Login,200,OK,Thread Group 3 - Custom 3-19,text,true,,12444,136,20,20,https://messenger-fe-eight.vercel.app/login,164,0,0
1768805178773,400,GET Login,200,OK,Thread Group 3 - Custom 3-7,text,true,,12444,136,20,20,https://messenger-fe-eight.vercel.app/login,263,0,0
1768805178884,289,GET Login,200,OK,Thread Group 3 - Custom 3-10,text,true,,12444,136,20,20,https://messenger-fe-eight.vercel.app/login,175,0,0
1768805178901,289,GET Login,200,OK,Thread Group 3 - Custom 3-16,text,true,,12444,136,20,20,https://messenger-fe-eight.vercel.app/login,173,0,0
1768805178935,274,GET Login,200,OK,Thread Group 3 - Custom 3-5,text,true,,12444,136,20,20,https://messenger-fe-eight.vercel.app/login,173,0,0
1768805178977,243,GET Home,200,OK,Thread Group 3 - Custom 3-6,text,true,,8705,131,20,20,https://messenger-fe-eight.vercel.app/,145,0,0
1768805178977,243,GET Home,200,OK,Thread Group 3 - Custom 3-8,text,true,,8705,131,20,20,https://messenger-fe-eight.vercel.app/,172,0,0
1768805178983,248,GET Home,200,OK,Thread Group 3 - Custom 3-9,text,true,,8705,131,20,20,https://messenger-fe-eight.vercel.app/,170,0,0
1768805179075,252,GET Home,200,OK,Thread Group 3 - Custom 3-1,text,true,,8705,131,20,20,https://messenger-fe-eight.vercel.app/,176,0,0
1768805179109,218,GET Home,200,OK,Thread Group 3 - Custom 3-11,text,true,,8705,131,20,20,https://messenger-fe-eight.vercel.app/,152,0,0
1768805179108,225,GET Home,200,OK,Thread Group 3 - Custom 3-14,text,true,,8705,131,20,20,https://messenger-fe-eight.vercel.app/,218,0,0
1768805179109,235,GET Home,200,OK,Thread Group 3 - Custom 3-20,text,true,,8705,131,20,20,https://messenger-fe-eight.vercel.app/,217,0,0
1768805179114,244,GET Home,200,OK,Thread Group 3 - Custom 3-17,text,true,,8705,131,20,20,https://messenger-fe-eight.vercel.app/,212,0,0
1768805179084,274,GET Login,200,OK,Thread Group 3 - Custom 3-15,text,true,,12444,136,20,20,https://messenger-fe-eight.vercel.app/login,177,0,0
1768805179075,310,GET Login,200,OK,Thread Group 3 - Custom 3-12,text,true,,12444,136,20,20,https://messenger-fe-eight.vercel.app/login,186,0,0
1768805179153,292,GET Login,200,OK,Thread Group 3 - Custom 3-3,text,true,,12444,136,20,20,https://messenger-fe-eight.vercel.app/login,175,0,0
1768805179190,255,GET Home,200,OK,Thread Group 3 - Custom 3-16,text,true,,8705,131,20,20,https://messenger-fe-eight.vercel.app/,168,0,0
1768805179209,237,GET Home,200,OK,Thread Group 3 - Custom 3-5,text,true,,8705,131,20,20,https://messenger-fe-eight.vercel.app/,149,0,0
1768805179153,293,GET Login,200,OK,Thread Group 3 - Custom 3-18,text,true,,12444,136,20,20,https://messenger-fe-eight.vercel.app/login,180,0,0
1768805179109,337,GET Login,200,OK,Thread Group 3 - Custom 3-13,text,true,,12444,136,20,20,https://messenger-fe-eight.vercel.app/login,217,0,0
1768805179173,273,GET Home,200,OK,Thread Group 3 - Custom 3-7,text,true,,8705,131,20,20,https://messenger-fe-eight.vercel.app/,185,0,0
1768805179084,362,GET Home,200,OK,Thread Group 3 - Custom 3-4,text,true,,8705,131,20,20,https://messenger-fe-eight.vercel.app/,242,0,0
1768805179075,371,GET Login,200,OK,Thread Group 3 - Custom 3-2,text,true,,12444,136,20,20,https://messenger-fe-eight.vercel.app/login,251,0,0
1768805179173,273,GET Home,200,OK,Thread Group 3 - Custom 3-19,text,true,,8705,131,20,20,https://messenger-fe-eight.vercel.app/,185,0,0
1768805179173,274,GET Home,200,OK,Thread Group 3 - Custom 3-10,text,true,,8705,131,20,20,https://messenger-fe-eight.vercel.app/,160,0,0
1768805179327,217,GET Login,200,OK,Thread Group 3 - Custom 3-1,text,true,,12444,136,20,20,https://messenger-fe-eight.vercel.app/login,132,0,0
1768805179221,337,GET Login,200,OK,Thread Group 3 - Custom 3-6,text,true,,12444,136,20,20,https://messenger-fe-eight.vercel.app/login,230,0,0
1768805179327,256,GET Login,200,OK,Thread Group 3 - Custom 3-11,text,true,,12444,136,20,20,https://messenger-fe-eight.vercel.app/login,143,0,0
1768805179221,362,GET Login,200,OK,Thread Group 3 - Custom 3-8,text,true,,12444,136,20,20,https://messenger-fe-eight.vercel.app/login,230,0,0
1768805179232,369,GET Login,200,OK,Thread Group 3 - Custom 3-9,text,true,,12444,136,20,20,https://messenger-fe-eight.vercel.app/login,227,0,0
1768805179333,268,GET Login,200,OK,Thread Group 3 - Custom 3-14,text,true,,12444,136,20,20,https://messenger-fe-eight.vercel.app/login,156,0,0
1768805179344,257,GET Login,200,OK,Thread Group 3 - Custom 3-20,text,true,,12444,136,20,20,https://messenger-fe-eight.vercel.app/login,149,0,0
1768805179358,267,GET Home,200,OK,Thread Group 3 - Custom 3-15,text,true,,8705,131,20,20,https://messenger-fe-eight.vercel.app/,200,0,0
1768805179385,240,GET Home,200,OK,Thread Group 3 - Custom 3-12,text,true,,8705,131,20,20,https://messenger-fe-eight.vercel.app/,174,0,0
1768805179446,210,GET Home,200,OK,Thread Group 3 - Custom 3-2,text,true,,8705,131,20,20,https://messenger-fe-eight.vercel.app/,155,0,0
1768805179358,313,GET Login,200,OK,Thread Group 3 - Custom 3-17,text,true,,12444,136,20,20,https://messenger-fe-eight.vercel.app/login,211,0,0
1768805179446,254,GET Home,200,OK,Thread Group 3 - Custom 3-18,text,true,,8705,131,20,20,https://messenger-fe-eight.vercel.app/,155,0,0
1768805179446,254,GET Login,200,OK,Thread Group 3 - Custom 3-4,text,true,,12444,136,20,20,https://messenger-fe-eight.vercel.app/login,155,0,0
1768805179446,254,GET Home,200,OK,Thread Group 3 - Custom 3-3,text,true,,8705,131,20,20,https://messenger-fe-eight.vercel.app/,139,0,0
1768805179446,254,GET Home,200,OK,Thread Group 3 - Custom 3-13,text,true,,8705,131,20,20,https://messenger-fe-eight.vercel.app/,179,0,0
1768805179447,287,GET Login,200,OK,Thread Group 3 - Custom 3-10,text,true,,12444,136,20,20,https://messenger-fe-eight.vercel.app/login,154,0,0
1768805179446,288,GET Login,200,OK,Thread Group 3 - Custom 3-5,text,true,,12444,136,20,20,https://messenger-fe-eight.vercel.app/login,155,0,0
1768805179446,292,GET Login,200,OK,Thread Group 3 - Custom 3-16,text,true,,12444,136,20,20,https://messenger-fe-eight.vercel.app/login,155,0,0
1768805179447,291,GET Login,200,OK,Thread Group 3 - Custom 3-19,text,true,,12444,136,20,20,https://messenger-fe-eight.vercel.app/login,157,0,0
1768805179446,311,GET Login,200,OK,Thread Group 3 - Custom 3-7,text,true,,12444,136,20,20,https://messenger-fe-eight.vercel.app/login,178,0,0
1768805179545,213,GET Home,200,OK,Thread Group 3 - Custom 3-1,text,true,,8705,131,20,20,https://messenger-fe-eight.vercel.app/,189,0,0
1768805179558,218,GET Home,200,OK,Thread Group 3 - Custom 3-6,text,true,,8705,131,20,20,https://messenger-fe-eight.vercel.app/,180,0,0
1768805179583,267,GET Home,200,OK,Thread Group 3 - Custom 3-11,text,true,,8705,131,20,20,https://messenger-fe-eight.vercel.app/,156,0,0
1768805179583,268,GET Home,200,OK,Thread Group 3 - Custom 3-8,text,true,,8705,131,20,20,https://messenger-fe-eight.vercel.app/,171,0,0
1768805179601,254,GET Home,200,OK,Thread Group 3 - Custom 3-14,text,true,,8705,131,20,20,https://messenger-fe-eight.vercel.app/,191,0,0
1768805179601,277,GET Home,200,OK,Thread Group 3 - Custom 3-9,text,true,,8705,131,20,20,https://messenger-fe-eight.vercel.app/,191,0,0
1768805179672,217,GET Home,200,OK,Thread Group 3 - Custom 3-17,text,true,,8705,131,20,20,https://messenger-fe-eight.vercel.app/,153,0,0
1768805179625,264,GET Login,200,OK,Thread Group 3 - Custom 3-12,text,true,,12444,136,20,20,https://messenger-fe-eight.vercel.app/login,163,0,0
1768805179625,271,GET Login,200,OK,Thread Group 3 - Custom 3-15,text,true,,12444,136,20,20,https://messenger-fe-eight.vercel.app/login,164,0,0
1768805179657,265,GET Login,200,OK,Thread Group 3 - Custom 3-2,text,true,,12444,136,20,20,https://messenger-fe-eight.vercel.app/login,168,0,0
1768805179700,256,GET Home,200,OK,Thread Group 3 - Custom 3-4,text,true,,8705,131,20,20,https://messenger-fe-eight.vercel.app/,207,0,0
1768805179734,235,GET Home,200,OK,Thread Group 3 - Custom 3-5,text,true,,8705,131,20,20,https://messenger-fe-eight.vercel.app/,171,0,0
1768805179734,235,GET Home,200,OK,Thread Group 3 - Custom 3-10,text,true,,8705,131,20,20,https://messenger-fe-eight.vercel.app/,155,0,0
1768805179738,248,GET Home,200,OK,Thread Group 3 - Custom 3-16,text,true,,8705,131,20,20,https://messenger-fe-eight.vercel.app/,167,0,0
1768805179738,248,GET Home,200,OK,Thread Group 3 - Custom 3-19,text,true,,8705,131,20,20,https://messenger-fe-eight.vercel.app/,168,0,0
1768805179700,286,GET Login,200,OK,Thread Group 3 - Custom 3-18,text,true,,12444,136,20,20,https://messenger-fe-eight.vercel.app/login,189,0,0
1768805179758,228,GET Login,200,OK,Thread Group 3 - Custom 3-1,text,true,,12444,136,20,20,https://messenger-fe-eight.vercel.app/login,147,0,0
1768805179757,229,GET Home,200,OK,Thread Group 3 - Custom 3-7,text,true,,8705,131,20,20,https://messenger-fe-eight.vercel.app/,152,0,0
1768805179776,264,GET Login,200,OK,Thread Group 3 - Custom 3-6,text,true,,12444,136,20,20,https://messenger-fe-eight.vercel.app/login,154,0,0
1768805179700,367,GET Login,200,OK,Thread Group 3 - Custom 3-13,text,true,,12444,136,20,20,https://messenger-fe-eight.vercel.app/login,206,0,0
1768805179851,249,GET Login,200,OK,Thread Group 3 - Custom 3-11,text,true,,12444,136,20,20,https://messenger-fe-eight.vercel.app/login,161,0,0
1768805179856,244,GET Login,200,OK,Thread Group 3 - Custom 3-14,text,true,,12444,136,20,20,https://messenger-fe-eight.vercel.app/login,156,0,0
1768805179896,209,GET Home,200,OK,Thread Group 3 - Custom 3-15,text,true,,8705,131,20,20,https://messenger-fe-eight.vercel.app/,170,0,0
1768805179889,236,GET Home,200,OK,Thread Group 3 - Custom 3-12,text,true,,8705,131,20,20,https://messenger-fe-eight.vercel.app/,178,0,0
1768805179700,427,GET Login,200,OK,Thread Group 3 - Custom 3-3,text,true,,12444,136,20,20,https://messenger-fe-eight.vercel.app/login,230,0,0
1768805179925,224,GET Home,200,OK,Thread Group 3 - Custom 3-2,text,true,,8705,131,20,20,https://messenger-fe-eight.vercel.app/,162,0,0
1768805179851,299,GET Login,200,OK,Thread Group 3 - Custom 3-8,text,true,,12444,136,20,20,https://messenger-fe-eight.vercel.app/login,189,0,0
1768805179889,280,GET Login,200,OK,Thread Group 3 - Custom 3-17,text,true,,12444,136,20,20,https://messenger-fe-eight.vercel.app/login,178,0,0
1768805179601,580,GET Home,200,OK,Thread Group 3 - Custom 3-20,text,true,,8705,131,20,20,https://messenger-fe-eight.vercel.app/,510,0,0
1768805179986,213,GET Home,200,OK,Thread Group 3 - Custom 3-1,text,true,,8705,131,20,20,https://messenger-fe-eight.vercel.app/,173,0,0
1768805179879,320,GET Login,200,OK,Thread Group 3 - Custom 3-9,text,true,,12444,136,20,20,https://messenger-fe-eight.vercel.app/login,188,0,0
1768805179957,243,GET Login,200,OK,Thread Group 3 - Custom 3-4,text,true,,12444,136,20,20,https://messenger-fe-eight.vercel.app/login,148,0,0
1768805179986,217,GET Home,200,OK,Thread Group 3 - Custom 3-18,text,true,,8705,131,20,20,https://messenger-fe-eight.vercel.app/,173,0,0
1768805179969,257,GET Login,200,OK,Thread Group 3 - Custom 3-10,text,true,,12444,136,20,20,https://messenger-fe-eight.vercel.app/login,157,0,0
1768805179969,267,GET Login,200,OK,Thread Group 3 - Custom 3-5,text,true,,12444,136,20,20,https://messenger-fe-eight.vercel.app/login,180,0,0
1768805179986,307,GET Login,200,OK,Thread Group 3 - Custom 3-19,text,true,,12444,136,20,20,https://messenger-fe-eight.vercel.app/login,183,0,0
1768805179986,307,GET Login,200,OK,Thread Group 3 - Custom 3-16,text,true,,12444,136,20,20,https://messenger-fe-eight.vercel.app/login,183,0,0
1768805179986,326,GET Login,200,OK,Thread Group 3 - Custom 3-7,text,true,,12444,136,20,20,https://messenger-fe-eight.vercel.app/login,183,0,0
1768805180100,212,GET Home,200,OK,Thread Group 3 - Custom 3-11,text,true,,8705,131,20,20,https://messenger-fe-eight.vercel.app/,166,0,0
1768805180100,212,GET Home,200,OK,Thread Group 3 - Custom 3-14,text,true,,8705,131,20,20,https://messenger-fe-eight.vercel.app/,166,0,0
1768805180040,273,GET Home,200,OK,Thread Group 3 - Custom 3-6,text,true,,8705,131,20,20,https://messenger-fe-eight.vercel.app/,186,0,0
1768805180067,292,GET Home,200,OK,Thread Group 3 - Custom 3-13,text,true,,8705,131,20,20,https://messenger-fe-eight.vercel.app/,169,0,0
1768805180106,257,GET Login,200,OK,Thread Group 3 - Custom 3-15,text,true,,12444,136,20,20,https://messenger-fe-eight.vercel.app/login,160,0,0
1768805180169,218,GET Home,200,OK,Thread Group 3 - Custom 3-17,text,true,,8705,131,20,20,https://messenger-fe-eight.vercel.app/,191,0,0
1768805180150,244,GET Home,200,OK,Thread Group 3 - Custom 3-8,text,true,,8705,131,20,20,https://messenger-fe-eight.vercel.app/,209,0,0
1768805180200,204,GET Home,200,OK,Thread Group 3 - Custom 3-4,text,true,,8705,131,20,20,https://messenger-fe-eight.vercel.app/,163,0,0
1768805180149,278,GET Login,200,OK,Thread Group 3 - Custom 3-2,text,true,,12444,136,20,20,https://messenger-fe-eight.vercel.app/login,211,0,0
1768805180125,303,GET Login,200,OK,Thread Group 3 - Custom 3-12,text,true,,12444,136,20,20,https://messenger-fe-eight.vercel.app/login,235,0,0
1768805180200,238,GET Login,200,OK,Thread Group 3 - Custom 3-1,text,true,,12444,136,20,20,https://messenger-fe-eight.vercel.app/login,163,0,0
1768805180181,263,GET Login,200,OK,Thread Group 3 - Custom 3-20,text,true,,12444,136,20,20,https://messenger-fe-eight.vercel.app/login,179,0,0
1768805180226,218,GET Home,200,OK,Thread Group 3 - Custom 3-10,text,true,,8705,131,20,20,https://messenger-fe-eight.vercel.app/,161,0,0
1768805180203,241,GET Login,200,OK,Thread Group 3 - Custom 3-18,text,true,,12444,136,20,20,https://messenger-fe-eight.vercel.app/login,160,0,0
1768805180127,329,GET Home,200,OK,Thread Group 3 - Custom 3-3,text,true,,8705,131,20,20,https://messenger-fe-eight.vercel.app/,236,0,0
1768805180199,298,GET Home,200,OK,Thread Group 3 - Custom 3-9,text,true,,8705,131,20,20,https://messenger-fe-eight.vercel.app/,176,0,0
1768805180236,261,GET Home,200,OK,Thread Group 3 - Custom 3-5,text,true,,8705,131,20,20,https://messenger-fe-eight.vercel.app/,151,0,0
1768805180293,248,GET Home,200,OK,Thread Group 3 - Custom 3-16,text,true,,8705,131,20,20,https://messenger-fe-eight.vercel.app/,184,0,0
1768805180293,259,GET Home,200,OK,Thread Group 3 - Custom 3-19,text,true,,8705,131,20,20,https://messenger-fe-eight.vercel.app/,184,0,0
1768805180312,240,GET Home,200,OK,Thread Group 3 - Custom 3-7,text,true,,8705,131,20,20,https://messenger-fe-eight.vercel.app/,184,0,0
1768805180312,260,GET Login,200,OK,Thread Group 3 - Custom 3-11,text,true,,12444,136,20,20,https://messenger-fe-eight.vercel.app/login,165,0,0
1768805180313,261,GET Login,200,OK,Thread Group 3 - Custom 3-6,text,true,,12444,136,20,20,https://messenger-fe-eight.vercel.app/login,164,0,0
1768805180313,261,GET Login,200,OK,Thread Group 3 - Custom 3-14,text,true,,12444,136,20,20,https://messenger-fe-eight.vercel.app/login,164,0,0
1768805180363,220,GET Home,200,OK,Thread Group 3 - Custom 3-15,text,true,,8705,131,20,20,https://messenger-fe-eight.vercel.app/,178,0,0
1768805180405,221,GET Login,200,OK,Thread Group 3 - Custom 3-4,text,true,,12444,136,20,20,https://messenger-fe-eight.vercel.app/login,136,0,0
1768805180439,187,GET Home,200,OK,Thread Group 3 - Custom 3-1,text,true,,8705,131,20,20,https://messenger-fe-eight.vercel.app/,143,0,0
1768805180428,234,GET Home,200,OK,Thread Group 3 - Custom 3-12,text,true,,8705,131,20,20,https://messenger-fe-eight.vercel.app/,147,0,0
1768805180428,234,GET Home,200,OK,Thread Group 3 - Custom 3-2,text,true,,8705,131,20,20,https://messenger-fe-eight.vercel.app/,145,0,0
1768805180444,218,GET Home,200,OK,Thread Group 3 - Custom 3-18,text,true,,8705,131,20,20,https://messenger-fe-eight.vercel.app/,143,0,0
1768805180444,218,GET Home,200,OK,Thread Group 3 - Custom 3-20,text,true,,8705,131,20,20,https://messenger-fe-eight.vercel.app/,144,0,0
1768805180387,275,GET Login,200,OK,Thread Group 3 - Custom 3-17,text,true,,12444,136,20,20,https://messenger-fe-eight.vercel.app/login,154,0,0
1768805180394,280,GET Login,200,OK,Thread Group 3 - Custom 3-8,text,true,,12444,136,20,20,https://messenger-fe-eight.vercel.app/login,147,0,0
1768805180359,327,GET Login,200,OK,Thread Group 3 - Custom 3-13,text,true,,12444,136,20,20,https://messenger-fe-eight.vercel.app/login,182,0,0
1768805180444,247,GET Login,200,OK,Thread Group 3 - Custom 3-10,text,true,,12444,136,20,20,https://messenger-fe-eight.vercel.app/login,143,0,0
1768805180501,271,GET Login,200,OK,Thread Group 3 - Custom 3-5,text,true,,12444,136,20,20,https://messenger-fe-eight.vercel.app/login,162,0,0
1768805180574,204,GET Home,200,OK,Thread Group 3 - Custom 3-6,text,true,,8705,131,20,20,https://messenger-fe-eight.vercel.app/,161,0,0
1768805180572,206,GET Home,200,OK,Thread Group 3 - Custom 3-11,text,true,,8705,131,20,20,https://messenger-fe-eight.vercel.app/,163,0,0
1768805180574,205,GET Home,200,OK,Thread Group 3 - Custom 3-14,text,true,,8705,131,20,20,https://messenger-fe-eight.vercel.app/,161,0,0
1768805180456,339,GET Login,200,OK,Thread Group 3 - Custom 3-3,text,true,,12444,136,20,20,https://messenger-fe-eight.vercel.app/login,169,0,0
1768805180501,298,GET Login,200,OK,Thread Group 3 - Custom 3-9,text,true,,12444,136,20,20,https://messenger-fe-eight.vercel.app/login,173,0,0
1768805180542,259,GET Login,200,OK,Thread Group 3 - Custom 3-16,text,true,,12444,136,20,20,https://messenger-fe-eight.vercel.app/login,144,0,0
1768805180552,269,GET Login,200,OK,Thread Group 3 - Custom 3-19,text,true,,12444,136,20,20,https://messenger-fe-eight.vercel.app/login,160,0,0
1768805180552,277,GET Login,200,OK,Thread Group 3 - Custom 3-7,text,true,,12444,136,20,20,https://messenger-fe-eight.vercel.app/login,160,0,0
1768805180584,245,GET Login,200,OK,Thread Group 3 - Custom 3-15,text,true,,12444,136,20,20,https://messenger-fe-eight.vercel.app/login,151,0,0
1768805180626,205,GET Home,200,OK,Thread Group 3 - Custom 3-4,text,true,,8705,131,20,20,https://messenger-fe-eight.vercel.app/,158,0,0
1768805180626,231,GET Login,200,OK,Thread Group 3 - Custom 3-1,text,true,,12444,136,20,20,https://messenger-fe-eight.vercel.app/login,152,0,0
1768805180662,219,GET Home,200,OK,Thread Group 3 - Custom 3-17,text,true,,8705,131,20,20,https://messenger-fe-eight.vercel.app/,158,0,0
1768805180691,201,GET Home,200,OK,Thread Group 3 - Custom 3-10,text,true,,8705,131,20,20,https://messenger-fe-eight.vercel.app/,138,0,0
1768805180674,225,GET Home,200,OK,Thread Group 3 - Custom 3-8,text,true,,8705,131,20,20,https://messenger-fe-eight.vercel.app/,155,0,0
1768805180662,237,GET Login,200,OK,Thread Group 3 - Custom 3-18,text,true,,12444,136,20,20,https://messenger-fe-eight.vercel.app/login,149,0,0
1768805180686,243,GET Home,200,OK,Thread Group 3 - Custom 3-13,text,true,,8705,131,20,20,https://messenger-fe-eight.vercel.app/,145,0,0
1768805180662,267,GET Login,200,OK,Thread Group 3 - Custom 3-2,text,true,,12444,136,20,20,https://messenger-fe-eight.vercel.app/login,159,0,0
1768805180662,267,GET Login,200,OK,Thread Group 3 - Custom 3-20,text,true,,12444,136,20,20,https://messenger-fe-eight.vercel.app/login,158,0,0
1768805180662,267,GET Login,200,OK,Thread Group 3 - Custom 3-12,text,true,,12444,136,20,20,https://messenger-fe-eight.vercel.app/login,159,0,0
1768805180774,221,GET Home,200,OK,Thread Group 3 - Custom 3-5,text,true,,8705,131,20,20,https://messenger-fe-eight.vercel.app/,155,0,0
1768805180778,243,GET Login,200,OK,Thread Group 3 - Custom 3-6,text,true,,12444,136,20,20,https://messenger-fe-eight.vercel.app/login,151,0,0
1768805180778,243,GET Login,200,OK,Thread Group 3 - Custom 3-11,text,true,,12444,136,20,20,https://messenger-fe-eight.vercel.app/login,151,0,0
1768805180801,221,GET Home,200,OK,Thread Group 3 - Custom 3-16,text,true,,8705,131,20,20,https://messenger-fe-eight.vercel.app/,163,0,0
1768805180800,234,GET Home,200,OK,Thread Group 3 - Custom 3-9,text,true,,8705,131,20,20,https://messenger-fe-eight.vercel.app/,164,0,0
1768805180779,255,GET Login,200,OK,Thread Group 3 - Custom 3-14,text,true,,12444,136,20,20,https://messenger-fe-eight.vercel.app/login,185,0,0
1768805180821,233,GET Home,200,OK,Thread Group 3 - Custom 3-19,text,true,,8705,131,20,20,https://messenger-fe-eight.vercel.app/,173,0,0
1768805180796,265,GET Home,200,OK,Thread Group 3 - Custom 3-3,text,true,,8705,131,20,20,https://messenger-fe-eight.vercel.app/,168,0,0
1768805180829,250,GET Home,200,OK,Thread Group 3 - Custom 3-15,text,true,,8705,131,20,20,https://messenger-fe-eight.vercel.app/,136,0,0
1768805180829,250,GET Home,200,OK,Thread Group 3 - Custom 3-7,text,true,,8705,131,20,20,https://messenger-fe-eight.vercel.app/,151,0,0
1768805180831,249,GET Login,200,OK,Thread Group 3 - Custom 3-4,text,true,,12444,136,20,20,https://messenger-fe-eight.vercel.app/login,164,0,0
1768805180899,181,GET Home,200,OK,Thread Group 3 - Custom 3-18,text,true,,8705,131,20,20,https://messenger-fe-eight.vercel.app/,131,0,0
1768805180857,232,GET Home,200,OK,Thread Group 3 - Custom 3-1,text,true,,8705,131,20,20,https://messenger-fe-eight.vercel.app/,146,0,0
1768805180881,235,GET Login,200,OK,Thread Group 3 - Custom 3-17,text,true,,12444,136,20,20,https://messenger-fe-eight.vercel.app/login,140,0,0
1768805180892,224,GET Login,200,OK,Thread Group 3 - Custom 3-10,text,true,,12444,136,20,20,https://messenger-fe-eight.vercel.app/login,130,0,0
1768805180929,197,GET Home,200,OK,Thread Group 3 - Custom 3-2,text,true,,8705,131,20,20,https://messenger-fe-eight.vercel.app/,150,0,0
1768805180929,215,GET Home,200,OK,Thread Group 3 - Custom 3-20,text,true,,8705,131,20,20,https://messenger-fe-eight.vercel.app/,151,0,0
1768805180899,259,GET Login,200,OK,Thread Group 3 - Custom 3-8,text,true,,12444,136,20,20,https://messenger-fe-eight.vercel.app/login,155,0,0
1768805180929,229,GET Home,200,OK,Thread Group 3 - Custom 3-12,text,true,,8705,131,20,20,https://messenger-fe-eight.vercel.app/,150,0,0
1768805180929,299,GET Login,200,OK,Thread Group 3 - Custom 3-13,text,true,,12444,136,20,20,https://messenger-fe-eight.vercel.app/login,151,0,0
1768805181022,208,GET Home,200,OK,Thread Group 3 - Custom 3-11,text,true,,8705,131,20,20,https://messenger-fe-eight.vercel.app/,148,0,0
1768805181022,245,GET Home,200,OK,Thread Group 3 - Custom 3-6,text,true,,8705,131,20,20,https://messenger-fe-eight.vercel.app/,148,0,0
1768805180995,272,GET Login,200,OK,Thread Group 3 - Custom 3-5,text,true,,12444,136,20,20,https://messenger-fe-eight.vercel.app/login,132,0,0
1768805181034,233,GET Home,200,OK,Thread Group 3 - Custom 3-14,text,true,,8705,131,20,20,https://messenger-fe-eight.vercel.app/,164,0,0
1768805181022,265,GET Login,200,OK,Thread Group 3 - Custom 3-16,text,true,,12444,136,20,20,https://messenger-fe-eight.vercel.app/login,159,0,0
1768805181089,211,GET Login,200,OK,Thread Group 3 - Custom 3-1,text,true,,12444,136,20,20,https://messenger-fe-eight.vercel.app/login,141,0,0
1768805181080,231,GET Login,200,OK,Thread Group 3 - Custom 3-18,text,true,,12444,136,20,20,https://messenger-fe-eight.vercel.app/login,150,0,0
1768805181116,200,GET Home,200,OK,Thread Group 3 - Custom 3-17,text,true,,8705,131,20,20,https://messenger-fe-eight.vercel.app/,151,0,0
1768805181054,262,GET Login,200,OK,Thread Group 3 - Custom 3-19,text,true,,12444,136,20,20,https://messenger-fe-eight.vercel.app/login,153,0,0
1768805181079,237,GET Login,200,OK,Thread Group 3 - Custom 3-15,text,true,,12444,136,20,20,https://messenger-fe-eight.vercel.app/login,151,0,0
1768805181034,295,GET Login,200,OK,Thread Group 3 - Custom 3-9,text,true,,12444,136,20,20,https://messenger-fe-eight.vercel.app/login,181,0,0
1768805181079,289,GET Login,200,OK,Thread Group 3 - Custom 3-7,text,true,,12444,136,20,20,https://messenger-fe-eight.vercel.app/login,188,0,0
1768805181116,253,GET Home,200,OK,Thread Group 3 - Custom 3-10,text,true,,8705,131,20,20,https://messenger-fe-eight.vercel.app/,151,0,0
1768805181158,222,GET Home,200,OK,Thread Group 3 - Custom 3-8,text,true,,8705,131,20,20,https://messenger-fe-eight.vercel.app/,153,0,0
1768805181127,253,GET Login,200,OK,Thread Group 3 - Custom 3-2,text,true,,12444,136,20,20,https://messenger-fe-eight.vercel.app/login,151,0,0
1768805181061,327,GET Login,200,OK,Thread Group 3 - Custom 3-3,text,true,,12444,136,20,20,https://messenger-fe-eight.vercel.app/login,206,0,0
1768805181080,314,GET Home,200,OK,Thread Group 3 - Custom 3-4,text,true,,8705,131,20,20,https://messenger-fe-eight.vercel.app/,264,0,0
1768805181158,236,GET Login,200,OK,Thread Group 3 - Custom 3-12,text,true,,12444,136,20,20,https://messenger-fe-eight.vercel.app/login,142,0,0
1768805181144,264,GET Login,200,OK,Thread Group 3 - Custom 3-20,text,true,,12444,136,20,20,https://messenger-fe-eight.vercel.app/login,156,0,0
1768805181300,176,GET Home,200,OK,Thread Group 3 - Custom 3-1,text,true,,8705,131,20,20,https://messenger-fe-eight.vercel.app/,129,0,0
1768805181267,220,GET Home,200,OK,Thread Group 3 - Custom 3-5,text,true,,8705,131,20,20,https://messenger-fe-eight.vercel.app/,144,0,0
1768805181288,215,GET Home,200,OK,Thread Group 3 - Custom 3-16,text,true,,8705,131,20,20,https://messenger-fe-eight.vercel.app/,148,0,0
1768805181316,196,GET Home,200,OK,Thread Group 3 - Custom 3-15,text,true,,8705,131,20,20,https://messenger-fe-eight.vercel.app/,143,0,0
1768805181228,284,GET Home,200,OK,Thread Group 3 - Custom 3-13,text,true,,8705,131,20,20,https://messenger-fe-eight.vercel.app/,196,0,0
1768805181267,247,GET Login,200,OK,Thread Group 3 - Custom 3-14,text,true,,12444,136,20,20,https://messenger-fe-eight.vercel.app/login,144,0,0
1768805181230,284,GET Login,200,OK,Thread Group 3 - Custom 3-11,text,true,,12444,136,20,20,https://messenger-fe-eight.vercel.app/login,181,0,0
1768805181311,204,GET Home,200,OK,Thread Group 3 - Custom 3-18,text,true,,8705,131,20,20,https://messenger-fe-eight.vercel.app/,141,0,0
1768805181267,253,GET Login,200,OK,Thread Group 3 - Custom 3-6,text,true,,12444,136,20,20,https://messenger-fe-eight.vercel.app/login,151,0,0
1768805181316,204,GET Home,200,OK,Thread Group 3 - Custom 3-19,text,true,,8705,131,20,20,https://messenger-fe-eight.vercel.app/,145,0,0
1768805181329,247,GET Home,200,OK,Thread Group 3 - Custom 3-9,text,true,,8705,131,20,20,https://messenger-fe-eight.vercel.app/,158,0,0
1768805181316,260,GET Login,200,OK,Thread Group 3 - Custom 3-17,text,true,,12444,136,20,20,https://messenger-fe-eight.vercel.app/login,145,0,0
1768805181381,204,GET Home,200,OK,Thread Group 3 - Custom 3-2,text,true,,8705,131,20,20,https://messenger-fe-eight.vercel.app/,159,0,0
1768805181394,207,GET Home,200,OK,Thread Group 3 - Custom 3-12,text,true,,8705,131,20,20,https://messenger-fe-eight.vercel.app/,182,0,0
1768805181368,233,GET Home,200,OK,Thread Group 3 - Custom 3-7,text,true,,8705,131,20,20,https://messenger-fe-eight.vercel.app/,152,0,0
1768805181370,231,GET Login,200,OK,Thread Group 3 - Custom 3-10,text,true,,12444,136,20,20,https://messenger-fe-eight.vercel.app/login,143,0,0
1768805181408,214,GET Home,200,OK,Thread Group 3 - Custom 3-20,text,true,,8705,131,20,20,https://messenger-fe-eight.vercel.app/,169,0,0
1768805181394,233,GET Login,200,OK,Thread Group 3 - Custom 3-4,text,true,,12444,136,20,20,https://messenger-fe-eight.vercel.app/login,147,0,0
1768805181381,287,GET Login,200,OK,Thread Group 3 - Custom 3-8,text,true,,12444,136,20,20,https://messenger-fe-eight.vercel.app/login,160,0,0
1768805181388,280,GET Home,200,OK,Thread Group 3 - Custom 3-3,text,true,,8705,131,20,20,https://messenger-fe-eight.vercel.app/,189,0,0
1768805181476,233,GET Login,200,OK,Thread Group 3 - Custom 3-1,text,true,,12444,136,20,20,https://messenger-fe-eight.vercel.app/login,140,0,0
1768805181514,195,GET Home,200,OK,Thread Group 3 - Custom 3-14,text,true,,8705,131,20,20,https://messenger-fe-eight.vercel.app/,155,0,0
1768805181520,193,GET Home,200,OK,Thread Group 3 - Custom 3-6,text,true,,8705,131,20,20,https://messenger-fe-eight.vercel.app/,149,0,0
1768805181514,214,GET Home,200,OK,Thread Group 3 - Custom 3-11,text,true,,8705,131,20,20,https://messenger-fe-eight.vercel.app/,154,0,0
1768805181488,245,GET Login,200,OK,Thread Group 3 - Custom 3-5,text,true,,12444,136,20,20,https://messenger-fe-eight.vercel.app/login,139,0,0
1768805181518,215,GET Login,200,OK,Thread Group 3 - Custom 3-18,text,true,,12444,136,20,20,https://messenger-fe-eight.vercel.app/login,150,0,0
1768805181503,242,GET Login,200,OK,Thread Group 3 - Custom 3-16,text,true,,12444,136,20,20,https://messenger-fe-eight.vercel.app/login,144,0,0
1768805181512,240,GET Login,200,OK,Thread Group 3 - Custom 3-15,text,true,,12444,136,20,20,https://messenger-fe-eight.vercel.app/login,157,0,0
1768805181520,257,GET Login,200,OK,Thread Group 3 - Custom 3-19,text,true,,12444,136,20,20,https://messenger-fe-eight.vercel.app/login,149,0,0
1768805181576,202,GET Home,200,OK,Thread Group 3 - Custom 3-17,text,true,,8705,131,20,20,https://messenger-fe-eight.vercel.app/,144,0,0
1768805181602,186,GET Home,200,OK,Thread Group 3 - Custom 3-10,text,true,,8705,131,20,20,https://messenger-fe-eight.vercel.app/,138,0,0
1768805181512,276,GET Login,200,OK,Thread Group 3 - Custom 3-13,text,true,,12444,136,20,20,https://messenger-fe-eight.vercel.app/login,157,0,0
1768805181628,189,GET Home,200,OK,Thread Group 3 - Custom 3-4,text,true,,8705,131,20,20,https://messenger-fe-eight.vercel.app/,150,0,0
1768805181586,240,GET Login,200,OK,Thread Group 3 - Custom 3-2,text,true,,12444,136,20,20,https://messenger-fe-eight.vercel.app/login,134,0,0
1768805181601,226,GET Login,200,OK,Thread Group 3 - Custom 3-12,text,true,,12444,136,20,20,https://messenger-fe-eight.vercel.app/login,139,0,0
1768805181576,275,GET Login,200,OK,Thread Group 3 - Custom 3-9,text,true,,12444,136,20,20,https://messenger-fe-eight.vercel.app/login,152,0,0
1768805181622,247,GET Login,200,OK,Thread Group 3 - Custom 3-20,text,true,,12444,136,20,20,https://messenger-fe-eight.vercel.app/login,155,0,0
1768805181601,278,GET Login,200,OK,Thread Group 3 - Custom 3-7,text,true,,12444,136,20,20,https://messenger-fe-eight.vercel.app/login,150,0,0
1768805181668,216,GET Home,200,OK,Thread Group 3 - Custom 3-8,text,true,,8705,131,20,20,https://messenger-fe-eight.vercel.app/,148,0,0
1768805181709,175,GET Home,200,OK,Thread Group 3 - Custom 3-1,text,true,,8705,131,20,20,https://messenger-fe-eight.vercel.app/,142,0,0
1768805181733,193,GET Home,200,OK,Thread Group 3 - Custom 3-18,text,true,,8705,131,20,20,https://messenger-fe-eight.vercel.app/,146,0,0
1768805181709,225,GET Login,200,OK,Thread Group 3 - Custom 3-14,text,true,,12444,136,20,20,https://messenger-fe-eight.vercel.app/login,142,0,0
1768805181713,234,GET Login,200,OK,Thread Group 3 - Custom 3-6,text,true,,12444,136,20,20,https://messenger-fe-eight.vercel.app/login,146,0,0
1768805181729,234,GET Login,200,OK,Thread Group 3 - Custom 3-11,text,true,,12444,136,20,20,https://messenger-fe-eight.vercel.app/login,150,0,0
1768805181745,228,GET Home,200,OK,Thread Group 3 - Custom 3-16,text,true,,8705,131,20,20,https://messenger-fe-eight.vercel.app/,172,0,0
1768805181733,244,GET Home,200,OK,Thread Group 3 - Custom 3-5,text,true,,8705,131,20,20,https://messenger-fe-eight.vercel.app/,151,0,0
1768805181668,309,GET Login,200,OK,Thread Group 3 - Custom 3-3,text,true,,12444,136,20,20,https://messenger-fe-eight.vercel.app/login,158,0,0
1768805181778,204,GET Home,200,OK,Thread Group 3 - Custom 3-19,text,true,,8705,131,20,20,https://messenger-fe-eight.vercel.app/,149,0,0
1768805181752,246,GET Home,200,OK,Thread Group 3 - Custom 3-15,text,true,,8705,131,20,20,https://messenger-fe-eight.vercel.app/,165,0,0
1768805181789,230,GET Home,200,OK,Thread Group 3 - Custom 3-13,text,true,,8705,131,20,20,https://messenger-fe-eight.vercel.app/,164,0,0
1768805181778,244,GET Login,200,OK,Thread Group 3 - Custom 3-17,text,true,,12444,136,20,20,https://messenger-fe-eight.vercel.app/login,151,0,0
1768805181789,256,GET Login,200,OK,Thread Group 3 - Custom 3-10,text,true,,12444,136,20,20,https://messenger-fe-eight.vercel.app/login,158,0,0
1768805181817,228,GET Login,200,OK,Thread Group 3 - Custom 3-4,text,true,,12444,136,20,20,https://messenger-fe-eight.vercel.app/login,130,0,0
1768805181828,257,GET Home,200,OK,Thread Group 3 - Custom 3-12,text,true,,8705,131,20,20,https://messenger-fe-eight.vercel.app/,191,0,0
1768805181869,216,GET Home,200,OK,Thread Group 3 - Custom 3-20,text,true,,8705,131,20,20,https://messenger-fe-eight.vercel.app/,150,0,0
1768805181826,259,GET Home,200,OK,Thread Group 3 - Custom 3-2,text,true,,8705,131,20,20,https://messenger-fe-eight.vercel.app/,195,0,0
1768805181880,229,GET Home,200,OK,Thread Group 3 - Custom 3-7,text,true,,8705,131,20,20,https://messenger-fe-eight.vercel.app/,164,0,0
1768805181851,259,GET Home,200,OK,Thread Group 3 - Custom 3-9,text,true,,8705,131,20,20,https://messenger-fe-eight.vercel.app/,194,0,0
1768805181884,236,GET Login,200,OK,Thread Group 3 - Custom 3-1,text,true,,12444,136,20,20,https://messenger-fe-eight.vercel.app/login,145,0,0
1768805181926,223,GET Login,200,OK,Thread Group 3 - Custom 3-18,text,true,,12444,136,20,20,https://messenger-fe-eight.vercel.app/login,124,0,0
1768805181934,226,GET Home,200,OK,Thread Group 3 - Custom 3-14,text,true,,8705,131,20,20,https://messenger-fe-eight.vercel.app/,161,0,0
1768805181950,210,GET Home,200,OK,Thread Group 3 - Custom 3-6,text,true,,8705,131,20,20,https://messenger-fe-eight.vercel.app/,145,0,0
1768805181963,197,GET Home,200,OK,Thread Group 3 - Custom 3-11,text,true,,8705,131,20,20,https://messenger-fe-eight.vercel.app/,139,0,0
1768805181884,277,GET Login,200,OK,Thread Group 3 - Custom 3-8,text,true,,12444,136,20,20,https://messenger-fe-eight.vercel.app/login,162,0,0
1768805182022,178,GET Home,200,OK,Thread Group 3 - Custom 3-17,text,true,,8705,131,20,20,https://messenger-fe-eight.vercel.app/,139,0,0
1768805181973,242,GET Login,200,OK,Thread Group 3 - Custom 3-16,text,true,,12444,136,20,20,https://messenger-fe-eight.vercel.app/login,137,0,0
1768805181999,228,GET Login,200,OK,Thread Group 3 - Custom 3-15,text,true,,12444,136,20,20,https://messenger-fe-eight.vercel.app/login,134,0,0
1768805181978,250,GET Login,200,OK,Thread Group 3 - Custom 3-5,text,true,,12444,136,20,20,https://messenger-fe-eight.vercel.app/login,155,0,0
1768805181982,257,GET Login,200,OK,Thread Group 3 - Custom 3-19,text,true,,12444,136,20,20,https://messenger-fe-eight.vercel.app/login,151,0,0
1768805182045,195,GET Home,200,OK,Thread Group 3 - Custom 3-4,text,true,,8705,131,20,20,https://messenger-fe-eight.vercel.app/,142,0,0
1768805182045,195,GET Home,200,OK,Thread Group 3 - Custom 3-10,text,true,,8705,131,20,20,https://messenger-fe-eight.vercel.app/,146,0,0
1768805181978,262,GET Home,200,OK,Thread Group 3 - Custom 3-3,text,true,,8705,131,20,20,https://messenger-fe-eight.vercel.app/,182,0,0
1768805182020,258,GET Login,200,OK,Thread Group 3 - Custom 3-13,text,true,,12444,136,20,20,https://messenger-fe-eight.vercel.app/login,141,0,0
1768805182121,179,GET Home,200,OK,Thread Group 3 - Custom 3-1,text,true,,8705,131,20,20,https://messenger-fe-eight.vercel.app/,131,0,0
1768805182085,243,GET Login,200,OK,Thread Group 3 - Custom 3-12,text,true,,12444,136,20,20,https://messenger-fe-eight.vercel.app/login,155,0,0
1768805182085,243,GET Login,200,OK,Thread Group 3 - Custom 3-20,text,true,,12444,136,20,20,https://messenger-fe-eight.vercel.app/login,155,0,0
1768805182085,251,GET Login,200,OK,Thread Group 3 - Custom 3-2,text,true,,12444,136,20,20,https://messenger-fe-eight.vercel.app/login,155,0,0
1768805182149,242,GET Home,200,OK,Thread Group 3 - Custom 3-18,text,true,,8705,131,20,20,https://messenger-fe-eight.vercel.app/,146,0,0
1768805182109,283,GET Login,200,OK,Thread Group 3 - Custom 3-7,text,true,,12444,136,20,20,https://messenger-fe-eight.vercel.app/login,169,0,0
1768805182110,282,GET Login,200,OK,Thread Group 3 - Custom 3-9,text,true,,12444,136,20,20,https://messenger-fe-eight.vercel.app/login,168,0,0
1768805182215,206,GET Home,200,OK,Thread Group 3 - Custom 3-16,text,true,,8705,131,20,20,https://messenger-fe-eight.vercel.app/,142,0,0
1768805182227,207,GET Home,200,OK,Thread Group 3 - Custom 3-15,text,true,,8705,131,20,20,https://messenger-fe-eight.vercel.app/,163,0,0
1768805182161,273,GET Login,200,OK,Thread Group 3 - Custom 3-14,text,true,,12444,136,20,20,https://messenger-fe-eight.vercel.app/login,174,0,0
1768805182161,273,GET Home,200,OK,Thread Group 3 - Custom 3-8,text,true,,8705,131,20,20,https://messenger-fe-eight.vercel.app/,180,0,0
1768805182161,281,GET Login,200,OK,Thread Group 3 - Custom 3-6,text,true,,12444,136,20,20,https://messenger-fe-eight.vercel.app/login,167,0,0
1768805182228,214,GET Home,200,OK,Thread Group 3 - Custom 3-5,text,true,,8705,131,20,20,https://messenger-fe-eight.vercel.app/,162,0,0
1768805182161,281,GET Login,200,OK,Thread Group 3 - Custom 3-11,text,true,,12444,136,20,20,https://messenger-fe-eight.vercel.app/login,177,0,0
1768805182240,231,GET Home,200,OK,Thread Group 3 - Custom 3-19,text,true,,8705,131,20,20,https://messenger-fe-eight.vercel.app/,155,0,0
1768805182279,213,GET Home,200,OK,Thread Group 3 - Custom 3-13,text,true,,8705,131,20,20,https://messenger-fe-eight.vercel.app/,146,0,0
1768805182240,252,GET Login,200,OK,Thread Group 3 - Custom 3-4,text,true,,12444,136,20,20,https://messenger-fe-eight.vercel.app/login,155,0,0
1768805182240,252,GET Login,200,OK,Thread Group 3 - Custom 3-10,text,true,,12444,136,20,20,https://messenger-fe-eight.vercel.app/login,155,0,0
1768805182200,317,GET Login,200,OK,Thread Group 3 - Custom 3-17,text,true,,12444,136,20,20,https://messenger-fe-eight.vercel.app/login,234,0,0
1768805182329,206,GET Home,200,OK,Thread Group 3 - Custom 3-20,text,true,,8705,131,20,20,https://messenger-fe-eight.vercel.app/,147,0,0
1768805182336,200,GET Home,200,OK,Thread Group 3 - Custom 3-2,text,true,,8705,131,20,20,https://messenger-fe-eight.vercel.app/,140,0,0
1768805182300,244,GET Login,200,OK,Thread Group 3 - Custom 3-1,text,true,,12444,136,20,20,https://messenger-fe-eight.vercel.app/login,168,0,0
1768805182240,331,GET Login,200,OK,Thread Group 3 - Custom 3-3,text,true,,12444,136,20,20,https://messenger-fe-eight.vercel.app/login,185,0,0
1768805182392,227,GET Login,200,OK,Thread Group 3 - Custom 3-18,text,true,,12444,136,20,20,https://messenger-fe-eight.vercel.app/login,143,0,0
1768805182392,227,GET Home,200,OK,Thread Group 3 - Custom 3-7,text,true,,8705,131,20,20,https://messenger-fe-eight.vercel.app/,178,0,0
1768805182392,227,GET Home,200,OK,Thread Group 3 - Custom 3-9,text,true,,8705,131,20,20,https://messenger-fe-eight.vercel.app/,178,0,0
1768805182328,293,GET Home,200,OK,Thread Group 3 - Custom 3-12,text,true,,8705,131,20,20,https://messenger-fe-eight.vercel.app/,242,0,0
1768805182434,187,GET Home,200,OK,Thread Group 3 - Custom 3-14,text,true,,8705,131,20,20,https://messenger-fe-eight.vercel.app/,136,0,0
1768805182434,231,GET Login,200,OK,Thread Group 3 - Custom 3-15,text,true,,12444,136,20,20,https://messenger-fe-eight.vercel.app/login,136,0,0
1768805182442,229,GET Home,200,OK,Thread Group 3 - Custom 3-11,text,true,,8705,131,20,20,https://messenger-fe-eight.vercel.app/,178,0,0
1768805182421,253,GET Login,200,OK,Thread Group 3 - Custom 3-16,text,true,,12444,136,20,20,https://messenger-fe-eight.vercel.app/login,150,0,0
1768805182492,205,GET Home,200,OK,Thread Group 3 - Custom 3-4,text,true,,8705,131,20,20,https://messenger-fe-eight.vercel.app/,144,0,0
1768805182492,205,GET Home,200,OK,Thread Group 3 - Custom 3-10,text,true,,8705,131,20,20,https://messenger-fe-eight.vercel.app/,143,0,0
1768805182434,264,GET Login,200,OK,Thread Group 3 - Custom 3-8,text,true,,12444,136,20,20,https://messenger-fe-eight.vercel.app/login,137,0,0
1768805182442,256,GET Home,200,OK,Thread Group 3 - Custom 3-6,text,true,,8705,131,20,20,https://messenger-fe-eight.vercel.app/,177,0,0
1768805182518,189,GET Home,200,OK,Thread Group 3 - Custom 3-17,text,true,,8705,131,20,20,https://messenger-fe-eight.vercel.app/,147,0,0
1768805182442,265,GET Login,200,OK,Thread Group 3 - Custom 3-5,text,true,,12444,136,20,20,https://messenger-fe-eight.vercel.app/login,178,0,0
1768805182545,175,GET Home,200,OK,Thread Group 3 - Custom 3-1,text,true,,8705,131,20,20,https://messenger-fe-eight.vercel.app/,129,0,0
1768805182472,260,GET Login,200,OK,Thread Group 3 - Custom 3-19,text,true,,12444,136,20,20,https://messenger-fe-eight.vercel.app/login,164,0,0
1768805182492,258,GET Login,200,OK,Thread Group 3 - Custom 3-13,text,true,,12444,136,20,20,https://messenger-fe-eight.vercel.app/login,151,0,0
1768805182536,239,GET Login,200,OK,Thread Group 3 - Custom 3-2,text,true,,12444,136,20,20,https://messenger-fe-eight.vercel.app/login,138,0,0
1768805182535,277,GET Login,200,OK,Thread Group 3 - Custom 3-20,text,true,,12444,136,20,20,https://messenger-fe-eight.vercel.app/login,172,0,0
1768805182619,193,GET Home,200,OK,Thread Group 3 - Custom 3-18,text,true,,8705,131,20,20,https://messenger-fe-eight.vercel.app/,156,0,0
1768805182571,246,GET Home,200,OK,Thread Group 3 - Custom 3-3,text,true,,8705,131,20,20,https://messenger-fe-eight.vercel.app/,162,0,0
1768805182621,247,GET Login,200,OK,Thread Group 3 - Custom 3-14,text,true,,12444,136,20,20,https://messenger-fe-eight.vercel.app/login,154,0,0
1768805182665,219,GET Home,200,OK,Thread Group 3 - Custom 3-15,text,true,,8705,131,20,20,https://messenger-fe-eight.vercel.app/,147,0,0
1768805182621,263,GET Login,200,OK,Thread Group 3 - Custom 3-12,text,true,,12444,136,20,20,https://messenger-fe-eight.vercel.app/login,164,0,0
1768805182619,266,GET Login,200,OK,Thread Group 3 - Custom 3-7,text,true,,12444,136,20,20,https://messenger-fe-eight.vercel.app/login,156,0,0
1768805182620,283,GET Login,200,OK,Thread Group 3 - Custom 3-9,text,true,,12444,136,20,20,https://messenger-fe-eight.vercel.app/login,165,0,0
1768805182732,210,GET Home,200,OK,Thread Group 3 - Custom 3-19,text,true,,8705,131,20,20,https://messenger-fe-eight.vercel.app/,152,0,0
1768805182720,222,GET Login,200,OK,Thread Group 3 - Custom 3-1,text,true,,12444,136,20,20,https://messenger-fe-eight.vercel.app/login,147,0,0
1768805182674,268,GET Home,200,OK,Thread Group 3 - Custom 3-16,text,true,,8705,131,20,20,https://messenger-fe-eight.vercel.app/,195,0,0
1768805182708,234,GET Home,200,OK,Thread Group 3 - Custom 3-5,text,true,,8705,131,20,20,https://messenger-fe-eight.vercel.app/,160,0,0
1768805182698,244,GET Home,200,OK,Thread Group 3 - Custom 3-8,text,true,,8705,131,20,20,https://messenger-fe-eight.vercel.app/,186,0,0
1768805182697,255,GET Login,200,OK,Thread Group 3 - Custom 3-4,text,true,,12444,136,20,20,https://messenger-fe-eight.vercel.app/login,170,0,0
1768805182708,244,GET Login,200,OK,Thread Group 3 - Custom 3-17,text,true,,12444,136,20,20,https://messenger-fe-eight.vercel.app/login,159,0,0
1768805182697,255,GET Login,200,OK,Thread Group 3 - Custom 3-10,text,true,,12444,136,20,20,https://messenger-fe-eight.vercel.app/login,187,0,0
1768805182672,291,GET Login,200,OK,Thread Group 3 - Custom 3-11,text,true,,12444,136,20,20,https://messenger-fe-eight.vercel.app/login,211,0,0
1768805182698,265,GET Login,200,OK,Thread Group 3 - Custom 3-6,text,true,,12444,136,20,20,https://messenger-fe-eight.vercel.app/login,186,0,0
1768805182750,228,GET Home,200,OK,Thread Group 3 - Custom 3-13,text,true,,8705,131,20,20,https://messenger-fe-eight.vercel.app/,161,0,0
1768805182812,229,GET Login,200,OK,Thread Group 3 - Custom 3-18,text,true,,12444,136,20,20,https://messenger-fe-eight.vercel.app/login,152,0,0
1768805182812,245,GET Home,200,OK,Thread Group 3 - Custom 3-20,text,true,,8705,131,20,20,https://messenger-fe-eight.vercel.app/,152,0,0
1768805182775,282,GET Home,200,OK,Thread Group 3 - Custom 3-2,text,true,,8705,131,20,20,https://messenger-fe-eight.vercel.app/,189,0,0
1768805182868,248,GET Home,200,OK,Thread Group 3 - Custom 3-14,text,true,,8705,131,20,20,https://messenger-fe-eight.vercel.app/,149,0,0
1768805182884,251,GET Home,200,OK,Thread Group 3 - Custom 3-12,text,true,,8705,131,20,20,https://messenger-fe-eight.vercel.app/,158,0,0
1768805182885,251,GET Home,200,OK,Thread Group 3 - Custom 3-7,text,true,,8705,131,20,20,https://messenger-fe-eight.vercel.app/,172,0,0
1768805182818,318,GET Login,200,OK,Thread Group 3 - Custom 3-3,text,true,,12444,136,20,20,https://messenger-fe-eight.vercel.app/login,167,0,0
1768805182903,233,GET Home,200,OK,Thread Group 3 - Custom 3-9,text,true,,8705,131,20,20,https://messenger-fe-eight.vercel.app/,155,0,0
1768805182884,267,GET Login,200,OK,Thread Group 3 - Custom 3-15,text,true,,12444,136,20,20,https://messenger-fe-eight.vercel.app/login,158,0,0
1768805182952,199,GET Home,200,OK,Thread Group 3 - Custom 3-4,text,true,,8705,131,20,20,https://messenger-fe-eight.vercel.app/,183,0,0
1768805182952,199,GET Home,200,OK,Thread Group 3 - Custom 3-10,text,true,,8705,131,20,20,https://messenger-fe-eight.vercel.app/,183,0,0
1768805182942,251,GET Login,200,OK,Thread Group 3 - Custom 3-19,text,true,,12444,136,20,20,https://messenger-fe-eight.vercel.app/login,193,0,0
1768805182964,242,GET Home,200,OK,Thread Group 3 - Custom 3-11,text,true,,8705,131,20,20,https://messenger-fe-eight.vercel.app/,187,0,0
1768805182942,265,GET Login,200,OK,Thread Group 3 - Custom 3-16,text,true,,12444,136,20,20,https://messenger-fe-eight.vercel.app/login,193,0,0
1768805182942,270,GET Login,200,OK,Thread Group 3 - Custom 3-8,text,true,,12444,136,20,20,https://messenger-fe-eight.vercel.app/login,194,0,0
1768805182952,279,GET Home,200,OK,Thread Group 3 - Custom 3-17,text,true,,8705,131,20,20,https://messenger-fe-eight.vercel.app/,183,0,0
1768805182942,289,GET Home,200,OK,Thread Group 3 - Custom 3-1,text,true,,8705,131,20,20,https://messenger-fe-eight.vercel.app/,192,0,0
1768805182942,289,GET Login,200,OK,Thread Group 3 - Custom 3-5,text,true,,12444,136,20,20,https://messenger-fe-eight.vercel.app/login,193,0,0
1768805182963,283,GET Home,200,OK,Thread Group 3 - Custom 3-6,text,true,,8705,131,20,20,https://messenger-fe-eight.vercel.app/,173,0,0
1768805182978,284,GET Login,200,OK,Thread Group 3 - Custom 3-13,text,true,,12444,136,20,20,https://messenger-fe-eight.vercel.app/login,173,0,0
1768805183041,268,GET Home,200,OK,Thread Group 3 - Custom 3-18,text,true,,8705,131,20,20,https://messenger-fe-eight.vercel.app/,221,0,0
1768805183151,242,GET Home,200,OK,Thread Group 3 - Custom 3-15,text,true,,8705,131,20,20,https://messenger-fe-eight.vercel.app/,143,0,0
1768805183058,356,GET Login,200,OK,Thread Group 3 - Custom 3-20,text,true,,12444,136,20,20,https://messenger-fe-eight.vercel.app/login,212,0,0
1768805183058,363,GET Login,200,OK,Thread Group 3 - Custom 3-2,text,true,,12444,136,20,20,https://messenger-fe-eight.vercel.app/login,212,0,0
1768805183151,270,GET Login,200,OK,Thread Group 3 - Custom 3-4,text,true,,12444,136,20,20,https://messenger-fe-eight.vercel.app/login,132,0,0
1768805183116,305,GET Login,200,OK,Thread Group 3 - Custom 3-14,text,true,,12444,136,20,20,https://messenger-fe-eight.vercel.app/login,161,0,0
1768805183151,270,GET Login,200,OK,Thread Group 3 - Custom 3-10,text,true,,12444,136,20,20,https://messenger-fe-eight.vercel.app/login,132,0,0
1768805183136,286,GET Home,200,OK,Thread Group 3 - Custom 3-3,text,true,,8705,131,20,20,https://messenger-fe-eight.vercel.app/,173,0,0
1768805183135,287,GET Login,200,OK,Thread Group 3 - Custom 3-12,text,true,,12444,136,20,20,https://messenger-fe-eight.vercel.app/login,159,0,0
1768805183136,286,GET Login,200,OK,Thread Group 3 - Custom 3-7,text,true,,12444,136,20,20,https://messenger-fe-eight.vercel.app/login,158,0,0
1768805183136,286,GET Login,200,OK,Thread Group 3 - Custom 3-9,text,true,,12444,136,20,20,https://messenger-fe-eight.vercel.app/login,158,0,0
1768805183193,229,GET Home,200,OK,Thread Group 3 - Custom 3-19,text,true,,8705,131,20,20,https://messenger-fe-eight.vercel.app/,221,0,0
1768805183207,223,GET Home,200,OK,Thread Group 3 - Custom 3-16,text,true,,8705,131,20,20,https://messenger-fe-eight.vercel.app/,207,0,0
1768805183231,199,GET Home,200,OK,Thread Group 3 - Custom 3-5,text,true,,8705,131,20,20,https://messenger-fe-eight.vercel.app/,190,0,0
1768805183212,224,GET Home,200,OK,Thread Group 3 - Custom 3-8,text,true,,8705,131,20,20,https://messenger-fe-eight.vercel.app/,209,0,0
1768805183231,222,GET Login,200,OK,Thread Group 3 - Custom 3-1,text,true,,12444,136,20,20,https://messenger-fe-eight.vercel.app/login,190,0,0
1768805183207,256,GET Login,200,OK,Thread Group 3 - Custom 3-11,text,true,,12444,136,20,20,https://messenger-fe-eight.vercel.app/login,214,0,0
1768805183262,201,GET Home,200,OK,Thread Group 3 - Custom 3-13,text,true,,8705,131,20,20,https://messenger-fe-eight.vercel.app/,160,0,0
1768805183231,232,GET Login,200,OK,Thread Group 3 - Custom 3-17,text,true,,12444,136,20,20,https://messenger-fe-eight.vercel.app/login,190,0,0
1768805183246,293,GET Login,200,OK,Thread Group 3 - Custom 3-6,text,true,,12444,136,20,20,https://messenger-fe-eight.vercel.app/login,176,0,0
1768805183310,245,GET Login,200,OK,Thread Group 3 - Custom 3-18,text,true,,12444,136,20,20,https://messenger-fe-eight.vercel.app/login,168,0,0
1768805183422,217,GET Home,200,OK,Thread Group 3 - Custom 3-4,text,true,,8705,131,20,20,https://messenger-fe-eight.vercel.app/,157,0,0
1768805183422,217,GET Home,200,OK,Thread Group 3 - Custom 3-12,text,true,,8705,131,20,20,https://messenger-fe-eight.vercel.app/,157,0,0
1768805183414,234,GET Home,200,OK,Thread Group 3 - Custom 3-20,text,true,,8705,131,20,20,https://messenger-fe-eight.vercel.app/,174,0,0
1768805183422,227,GET Home,200,OK,Thread Group 3 - Custom 3-10,text,true,,8705,131,20,20,https://messenger-fe-eight.vercel.app/,153,0,0
1768805183422,227,GET Home,200,OK,Thread Group 3 - Custom 3-2,text,true,,8705,131,20,20,https://messenger-fe-eight.vercel.app/,153,0,0
1768805183422,227,GET Home,200,OK,Thread Group 3 - Custom 3-14,text,true,,8705,131,20,20,https://messenger-fe-eight.vercel.app/,153,0,0
1768805183422,229,GET Home,200,OK,Thread Group 3 - Custom 3-9,text,true,,8705,131,20,20,https://messenger-fe-eight.vercel.app/,166,0,0
1768805183453,205,GET Home,200,OK,Thread Group 3 - Custom 3-1,text,true,,8705,131,20,20,https://messenger-fe-eight.vercel.app/,164,0,0
1768805183422,236,GET Home,200,OK,Thread Group 3 - Custom 3-7,text,true,,8705,131,20,20,https://messenger-fe-eight.vercel.app/,166,0,0
1768805183393,272,GET Login,200,OK,Thread Group 3 - Custom 3-15,text,true,,12444,136,20,20,https://messenger-fe-eight.vercel.app/login,186,0,0
1768805183463,202,GET Home,200,OK,Thread Group 3 - Custom 3-11,text,true,,8705,131,20,20,https://messenger-fe-eight.vercel.app/,134,0,0
1768805183463,203,GET Home,200,OK,Thread Group 3 - Custom 3-17,text,true,,8705,131,20,20,https://messenger-fe-eight.vercel.app/,134,0,0
1768805183422,321,GET Login,200,OK,Thread Group 3 - Custom 3-19,text,true,,12444,136,20,20,https://messenger-fe-eight.vercel.app/login,157,0,0
1768805183430,314,GET Login,200,OK,Thread Group 3 - Custom 3-5,text,true,,12444,136,20,20,https://messenger-fe-eight.vercel.app/login,158,0,0
1768805183463,283,GET Login,200,OK,Thread Group 3 - Custom 3-13,text,true,,12444,136,20,20,https://messenger-fe-eight.vercel.app/login,154,0,0
1768805183430,316,GET Login,200,OK,Thread Group 3 - Custom 3-16,text,true,,12444,136,20,20,https://messenger-fe-eight.vercel.app/login,208,0,0
1768805183422,325,GET Login,200,OK,Thread Group 3 - Custom 3-3,text,true,,12444,136,20,20,https://messenger-fe-eight.vercel.app/login,175,0,0
1768805183436,311,GET Login,200,OK,Thread Group 3 - Custom 3-8,text,true,,12444,136,20,20,https://messenger-fe-eight.vercel.app/login,203,0,0
1768805183555,202,GET Home,200,OK,Thread Group 3 - Custom 3-18,text,true,,8705,131,20,20,https://messenger-fe-eight.vercel.app/,189,0,0
1768805183539,218,GET Home,200,OK,Thread Group 3 - Custom 3-6,text,true,,8705,131,20,20,https://messenger-fe-eight.vercel.app/,205,0,0
1768805183639,240,GET Login,200,OK,Thread Group 3 - Custom 3-4,text,true,,12444,136,20,20,https://messenger-fe-eight.vercel.app/login,141,0,0
1768805183658,221,GET Login,200,OK,Thread Group 3 - Custom 3-1,text,true,,12444,136,20,20,https://messenger-fe-eight.vercel.app/login,131,0,0
1768805183666,222,GET Home,200,OK,Thread Group 3 - Custom 3-15,text,true,,8705,131,20,20,https://messenger-fe-eight.vercel.app/,158,0,0
1768805183639,249,GET Login,200,OK,Thread Group 3 - Custom 3-12,text,true,,12444,136,20,20,https://messenger-fe-eight.vercel.app/login,150,0,0
1768805183650,238,GET Login,200,OK,Thread Group 3 - Custom 3-14,text,true,,12444,136,20,20,https://messenger-fe-eight.vercel.app/login,139,0,0
1768805183650,238,GET Login,200,OK,Thread Group 3 - Custom 3-10,text,true,,12444,136,20,20,https://messenger-fe-eight.vercel.app/login,139,0,0
1768805183650,243,GET Login,200,OK,Thread Group 3 - Custom 3-2,text,true,,12444,136,20,20,https://messenger-fe-eight.vercel.app/login,166,0,0
1768805183649,249,GET Login,200,OK,Thread Group 3 - Custom 3-20,text,true,,12444,136,20,20,https://messenger-fe-eight.vercel.app/login,168,0,0
1768805183658,262,GET Login,200,OK,Thread Group 3 - Custom 3-7,text,true,,12444,136,20,20,https://messenger-fe-eight.vercel.app/login,159,0,0
1768805183666,254,GET Login,200,OK,Thread Group 3 - Custom 3-17,text,true,,12444,136,20,20,https://messenger-fe-eight.vercel.app/login,158,0,0
1768805183651,269,GET Login,200,OK,Thread Group 3 - Custom 3-9,text,true,,12444,136,20,20,https://messenger-fe-eight.vercel.app/login,165,0,0
1768805183666,263,GET Login,200,OK,Thread Group 3 - Custom 3-11,text,true,,12444,136,20,20,https://messenger-fe-eight.vercel.app/login,171,0,0
1768805183744,206,GET Home,200,OK,Thread Group 3 - Custom 3-5,text,true,,8705,131,20,20,https://messenger-fe-eight.vercel.app/,144,0,0
1768805183743,207,GET Home,200,OK,Thread Group 3 - Custom 3-19,text,true,,8705,131,20,20,https://messenger-fe-eight.vercel.app/,150,0,0
1768805183746,222,GET Home,200,OK,Thread Group 3 - Custom 3-16,text,true,,8705,131,20,20,https://messenger-fe-eight.vercel.app/,152,0,0
1768805183746,222,GET Home,200,OK,Thread Group 3 - Custom 3-13,text,true,,8705,131,20,20,https://messenger-fe-eight.vercel.app/,152,0,0
1768805183747,252,GET Home,200,OK,Thread Group 3 - Custom 3-3,text,true,,8705,131,20,20,https://messenger-fe-eight.vercel.app/,173,0,0
1768805183758,241,GET Login,200,OK,Thread Group 3 - Custom 3-6,text,true,,12444,136,20,20,https://messenger-fe-eight.vercel.app/login,162,0,0
1768805183758,241,GET Login,200,OK,Thread Group 3 - Custom 3-18,text,true,,12444,136,20,20,https://messenger-fe-eight.vercel.app/login,135,0,0
1768805183747,252,GET Home,200,OK,Thread Group 3 - Custom 3-8,text,true,,8705,131,20,20,https://messenger-fe-eight.vercel.app/,146,0,0
1768805183888,206,GET Home,200,OK,Thread Group 3 - Custom 3-10,text,true,,8705,131,20,20,https://messenger-fe-eight.vercel.app/,153,0,0
1768805183893,203,GET Home,200,OK,Thread Group 3 - Custom 3-2,text,true,,8705,131,20,20,https://messenger-fe-eight.vercel.app/,148,0,0
1768805183888,208,GET Home,200,OK,Thread Group 3 - Custom 3-14,text,true,,8705,131,20,20,https://messenger-fe-eight.vercel.app/,154,0,0
1768805183899,197,GET Home,200,OK,Thread Group 3 - Custom 3-20,text,true,,8705,131,20,20,https://messenger-fe-eight.vercel.app/,143,0,0
1768805183920,204,GET Home,200,OK,Thread Group 3 - Custom 3-9,text,true,,8705,131,20,20,https://messenger-fe-eight.vercel.app/,144,0,0
1768805183920,210,GET Home,200,OK,Thread Group 3 - Custom 3-7,text,true,,8705,131,20,20,https://messenger-fe-eight.vercel.app/,144,0,0
1768805183888,250,GET Home,200,OK,Thread Group 3 - Custom 3-12,text,true,,8705,131,20,20,https://messenger-fe-eight.vercel.app/,154,0,0
1768805183879,259,GET Home,200,OK,Thread Group 3 - Custom 3-1,text,true,,8705,131,20,20,https://messenger-fe-eight.vercel.app/,159,0,0
1768805183879,259,GET Home,200,OK,Thread Group 3 - Custom 3-4,text,true,,8705,131,20,20,https://messenger-fe-eight.vercel.app/,159,0,0
1768805183920,218,GET Home,200,OK,Thread Group 3 - Custom 3-17,text,true,,8705,131,20,20,https://messenger-fe-eight.vercel.app/,139,0,0
1768805183930,208,GET Home,200,OK,Thread Group 3 - Custom 3-11,text,true,,8705,131,20,20,https://messenger-fe-eight.vercel.app/,158,0,0
1768805183888,270,GET Login,200,OK,Thread Group 3 - Custom 3-15,text,true,,12444,136,20,20,https://messenger-fe-eight.vercel.app/login,171,0,0
1768805183950,252,GET Login,200,OK,Thread Group 3 - Custom 3-19,text,true,,12444,136,20,20,https://messenger-fe-eight.vercel.app/login,149,0,0
1768805183950,253,GET Login,200,OK,Thread Group 3 - Custom 3-5,text,true,,12444,136,20,20,https://messenger-fe-eight.vercel.app/login,156,0,0
1768805183999,233,GET Home,200,OK,Thread Group 3 - Custom 3-18,text,true,,8705,131,20,20,https://messenger-fe-eight.vercel.app/,177,0,0
1768805183968,264,GET Login,200,OK,Thread Group 3 - Custom 3-16,text,true,,12444,136,20,20,https://messenger-fe-eight.vercel.app/login,138,0,0
1768805183968,264,GET Login,200,OK,Thread Group 3 - Custom 3-13,text,true,,12444,136,20,20,https://messenger-fe-eight.vercel.app/login,138,0,0
1768805183999,278,GET Home,200,OK,Thread Group 3 - Custom 3-6,text,true,,8705,131,20,20,https://messenger-fe-eight.vercel.app/,177,0,0
1768805183999,313,GET Login,200,OK,Thread Group 3 - Custom 3-8,text,true,,12444,136,20,20,https://messenger-fe-eight.vercel.app/login,193,0,0
1768805183999,339,GET Login,200,OK,Thread Group 3 - Custom 3-3,text,true,,12444,136,20,20,https://messenger-fe-eight.vercel.app/login,203,0,0
1768805184094,244,GET Login,200,OK,Thread Group 3 - Custom 3-10,text,true,,12444,136,20,20,https://messenger-fe-eight.vercel.app/login,138,0,0
1768805184096,243,GET Login,200,OK,Thread Group 3 - Custom 3-14,text,true,,12444,136,20,20,https://messenger-fe-eight.vercel.app/login,146,0,0
1768805184096,243,GET Login,200,OK,Thread Group 3 - Custom 3-2,text,true,,12444,136,20,20,https://messenger-fe-eight.vercel.app/login,146,0,0
1768805184096,245,GET Login,200,OK,Thread Group 3 - Custom 3-20,text,true,,12444,136,20,20,https://messenger-fe-eight.vercel.app/login,146,0,0
1768805184158,212,GET Home,200,OK,Thread Group 3 - Custom 3-15,text,true,,8705,131,20,20,https://messenger-fe-eight.vercel.app/,156,0,0
1768805184138,233,GET Login,200,OK,Thread Group 3 - Custom 3-4,text,true,,12444,136,20,20,https://messenger-fe-eight.vercel.app/login,140,0,0
1768805184124,251,GET Login,200,OK,Thread Group 3 - Custom 3-9,text,true,,12444,136,20,20,https://messenger-fe-eight.vercel.app/login,150,0,0
1768805184138,237,GET Login,200,OK,Thread Group 3 - Custom 3-1,text,true,,12444,136,20,20,https://messenger-fe-eight.vercel.app/login,167,0,0
1768805184138,252,GET Login,200,OK,Thread Group 3 - Custom 3-11,text,true,,12444,136,20,20,https://messenger-fe-eight.vercel.app/login,167,0,0
1768805184138,252,GET Login,200,OK,Thread Group 3 - Custom 3-12,text,true,,12444,136,20,20,https://messenger-fe-eight.vercel.app/login,167,0,0
1768805184130,260,GET Login,200,OK,Thread Group 3 - Custom 3-7,text,true,,12444,136,20,20,https://messenger-fe-eight.vercel.app/login,144,0,0
1768805184202,209,GET Home,200,OK,Thread Group 3 - Custom 3-19,text,true,,8705,131,20,20,https://messenger-fe-eight.vercel.app/,145,0,0
1768805184138,311,GET Login,200,OK,Thread Group 3 - Custom 3-17,text,true,,12444,136,20,20,https://messenger-fe-eight.vercel.app/login,174,0,0
1768805184203,246,GET Home,200,OK,Thread Group 3 - Custom 3-5,text,true,,8705,131,20,20,https://messenger-fe-eight.vercel.app/,144,0,0
1768805184232,247,GET Home,200,OK,Thread Group 3 - Custom 3-13,text,true,,8705,131,20,20,https://messenger-fe-eight.vercel.app/,187,0,0
1768805184232,257,GET Login,200,OK,Thread Group 3 - Custom 3-18,text,true,,12444,136,20,20,https://messenger-fe-eight.vercel.app/login,179,0,0
1768805184232,280,GET Home,200,OK,Thread Group 3 - Custom 3-16,text,true,,8705,131,20,20,https://messenger-fe-eight.vercel.app/,187,0,0
1768805184278,252,GET Login,200,OK,Thread Group 3 - Custom 3-6,text,true,,12444,136,20,20,https://messenger-fe-eight.vercel.app/login,171,0,0
1768805184339,191,GET Home,200,OK,Thread Group 3 - Custom 3-14,text,true,,8705,131,20,20,https://messenger-fe-eight.vercel.app/,141,0,0
1768805184339,215,GET Home,200,OK,Thread Group 3 - Custom 3-2,text,true,,8705,131,20,20,https://messenger-fe-eight.vercel.app/,150,0,0
1768805184313,241,GET Home,200,OK,Thread Group 3 - Custom 3-8,text,true,,8705,131,20,20,https://messenger-fe-eight.vercel.app/,179,0,0
1768805184338,237,GET Home,200,OK,Thread Group 3 - Custom 3-3,text,true,,8705,131,20,20,https://messenger-fe-eight.vercel.app/,174,0,0
1768805184375,200,GET Home,200,OK,Thread Group 3 - Custom 3-1,text,true,,8705,131,20,20,https://messenger-fe-eight.vercel.app/,155,0,0
1768805184341,239,GET Home,200,OK,Thread Group 3 - Custom 3-20,text,true,,8705,131,20,20,https://messenger-fe-eight.vercel.app/,139,0,0
1768805184338,251,GET Home,200,OK,Thread Group 3 - Custom 3-10,text,true,,8705,131,20,20,https://messenger-fe-eight.vercel.app/,142,0,0
1768805184375,226,GET Home,200,OK,Thread Group 3 - Custom 3-9,text,true,,8705,131,20,20,https://messenger-fe-eight.vercel.app/,155,0,0
1768805184390,211,GET Home,200,OK,Thread Group 3 - Custom 3-11,text,true,,8705,131,20,20,https://messenger-fe-eight.vercel.app/,164,0,0
1768805184390,252,GET Home,200,OK,Thread Group 3 - Custom 3-12,text,true,,8705,131,20,20,https://messenger-fe-eight.vercel.app/,164,0,0
1768805184371,272,GET Home,200,OK,Thread Group 3 - Custom 3-4,text,true,,8705,131,20,20,https://messenger-fe-eight.vercel.app/,159,0,0
1768805184371,272,GET Login,200,OK,Thread Group 3 - Custom 3-15,text,true,,12444,136,20,20,https://messenger-fe-eight.vercel.app/login,159,0,0
1768805184390,253,GET Home,200,OK,Thread Group 3 - Custom 3-7,text,true,,8705,131,20,20,https://messenger-fe-eight.vercel.app/,140,0,0
1768805184411,256,GET Login,200,OK,Thread Group 3 - Custom 3-19,text,true,,12444,136,20,20,https://messenger-fe-eight.vercel.app/login,158,0,0
1768805184450,308,GET Login,200,OK,Thread Group 3 - Custom 3-5,text,true,,12444,136,20,20,https://messenger-fe-eight.vercel.app/login,193,0,0
1768805184450,308,GET Home,200,OK,Thread Group 3 - Custom 3-17,text,true,,8705,131,20,20,https://messenger-fe-eight.vercel.app/,193,0,0
1768805184530,229,GET Home,200,OK,Thread Group 3 - Custom 3-6,text,true,,8705,131,20,20,https://messenger-fe-eight.vercel.app/,156,0,0
1768805184480,279,GET Login,200,OK,Thread Group 3 - Custom 3-13,text,true,,12444,136,20,20,https://messenger-fe-eight.vercel.app/login,163,0,0
1768805184490,292,GET Home,200,OK,Thread Group 3 - Custom 3-18,text,true,,8705,131,20,20,https://messenger-fe-eight.vercel.app/,177,0,0
1768805184530,252,GET Login,200,OK,Thread Group 3 - Custom 3-14,text,true,,12444,136,20,20,https://messenger-fe-eight.vercel.app/login,156,0,0
1768805184554,230,GET Login,200,OK,Thread Group 3 - Custom 3-2,text,true,,12444,136,20,20,https://messenger-fe-eight.vercel.app/login,141,0,0
1768805184554,264,GET Login,200,OK,Thread Group 3 - Custom 3-8,text,true,,12444,136,20,20,https://messenger-fe-eight.vercel.app/login,149,0,0
1768805184513,309,GET Login,200,OK,Thread Group 3 - Custom 3-16,text,true,,12444,136,20,20,https://messenger-fe-eight.vercel.app/login,182,0,0
1768805184667,252,GET Home,200,OK,Thread Group 3 - Custom 3-19,text,true,,8705,131,20,20,https://messenger-fe-eight.vercel.app/,151,0,0
1768805184576,344,GET Login,200,OK,Thread Group 3 - Custom 3-3,text,true,,12444,136,20,20,https://messenger-fe-eight.vercel.app/login,183,0,0
1768805184642,278,GET Login,200,OK,Thread Group 3 - Custom 3-12,text,true,,12444,136,20,20,https://messenger-fe-eight.vercel.app/login,159,0,0
1768805184601,319,GET Login,200,OK,Thread Group 3 - Custom 3-11,text,true,,12444,136,20,20,https://messenger-fe-eight.vercel.app/login,200,0,0
1768805184601,319,GET Login,200,OK,Thread Group 3 - Custom 3-9,text,true,,12444,136,20,20,https://messenger-fe-eight.vercel.app/login,200,0,0
1768805184581,339,GET Login,200,OK,Thread Group 3 - Custom 3-20,text,true,,12444,136,20,20,https://messenger-fe-eight.vercel.app/login,226,0,0
1768805184643,277,GET Login,200,OK,Thread Group 3 - Custom 3-4,text,true,,12444,136,20,20,https://messenger-fe-eight.vercel.app/login,164,0,0
1768805184643,277,GET Home,200,OK,Thread Group 3 - Custom 3-15,text,true,,8705,131,20,20,https://messenger-fe-eight.vercel.app/,164,0,0
1768805184576,344,GET Login,200,OK,Thread Group 3 - Custom 3-1,text,true,,12444,136,20,20,https://messenger-fe-eight.vercel.app/login,183,0,0
1768805184589,331,GET Login,200,OK,Thread Group 3 - Custom 3-10,text,true,,12444,136,20,20,https://messenger-fe-eight.vercel.app/login,218,0,0
1768805184643,313,GET Login,200,OK,Thread Group 3 - Custom 3-7,text,true,,12444,136,20,20,https://messenger-fe-eight.vercel.app/login,178,0,0
1768805184758,302,GET Home,200,OK,Thread Group 3 - Custom 3-5,text,true,,8705,131,20,20,https://messenger-fe-eight.vercel.app/,209,0,0
1768805184783,279,GET Home,200,OK,Thread Group 3 - Custom 3-14,text,true,,8705,131,20,20,https://messenger-fe-eight.vercel.app/,184,0,0
1768805184784,278,GET Home,200,OK,Thread Group 3 - Custom 3-2,text,true,,8705,131,20,20,https://messenger-fe-eight.vercel.app/,172,0,0
1768805184759,304,GET Home,200,OK,Thread Group 3 - Custom 3-13,text,true,,8705,131,20,20,https://messenger-fe-eight.vercel.app/,208,0,0
1768805184783,280,GET Login,200,OK,Thread Group 3 - Custom 3-18,text,true,,12444,136,20,20,https://messenger-fe-eight.vercel.app/login,173,0,0
1768805184759,308,GET Login,200,OK,Thread Group 3 - Custom 3-6,text,true,,12444,136,20,20,https://messenger-fe-eight.vercel.app/login,197,0,0
1768805184758,356,GET Login,200,OK,Thread Group 3 - Custom 3-17,text,true,,12444,136,20,20,https://messenger-fe-eight.vercel.app/login,216,0,0
1768805184818,299,GET Home,200,OK,Thread Group 3 - Custom 3-8,text,true,,8705,131,20,20,https://messenger-fe-eight.vercel.app/,249,0,0
1768805184822,306,GET Home,200,OK,Thread Group 3 - Custom 3-16,text,true,,8705,131,20,20,https://messenger-fe-eight.vercel.app/,245,0,0
1768805184920,292,GET Home,200,OK,Thread Group 3 - Custom 3-3,text,true,,8705,131,20,20,https://messenger-fe-eight.vercel.app/,150,0,0
1768805184919,293,GET Login,200,OK,Thread Group 3 - Custom 3-19,text,true,,12444,136,20,20,https://messenger-fe-eight.vercel.app/login,148,0,0
1768805184920,293,GET Home,200,OK,Thread Group 3 - Custom 3-12,text,true,,8705,131,20,20,https://messenger-fe-eight.vercel.app/,147,0,0
1768805184920,293,GET Home,200,OK,Thread Group 3 - Custom 3-1,text,true,,8705,131,20,20,https://messenger-fe-eight.vercel.app/,219,0,0
1768805184920,293,GET Home,200,OK,Thread Group 3 - Custom 3-20,text,true,,8705,131,20,20,https://messenger-fe-eight.vercel.app/,208,0,0
1768805184920,293,GET Home,200,OK,Thread Group 3 - Custom 3-11,text,true,,8705,131,20,20,https://messenger-fe-eight.vercel.app/,219,0,0
1768805184920,293,GET Home,200,OK,Thread Group 3 - Custom 3-4,text,true,,8705,131,20,20,https://messenger-fe-eight.vercel.app/,208,0,0
1768805184920,293,GET Home,200,OK,Thread Group 3 - Custom 3-10,text,true,,8705,131,20,20,https://messenger-fe-eight.vercel.app/,208,0,0
1768805184956,257,GET Home,200,OK,Thread Group 3 - Custom 3-7,text,true,,8705,131,20,20,https://messenger-fe-eight.vercel.app/,183,0,0
1768805184920,312,GET Login,200,OK,Thread Group 3 - Custom 3-15,text,true,,12444,136,20,20,https://messenger-fe-eight.vercel.app/login,208,0,0
1768805184920,312,GET Home,200,OK,Thread Group 3 - Custom 3-9,text,true,,8705,131,20,20,https://messenger-fe-eight.vercel.app/,208,0,0
1768805185063,196,GET Home,200,OK,Thread Group 3 - Custom 3-18,text,true,,8705,131,20,20,https://messenger-fe-eight.vercel.app/,150,0,0
1768805185067,192,GET Home,200,OK,Thread Group 3 - Custom 3-6,text,true,,8705,131,20,20,https://messenger-fe-eight.vercel.app/,146,0,0
1768805185063,234,GET Login,200,OK,Thread Group 3 - Custom 3-14,text,true,,12444,136,20,20,https://messenger-fe-eight.vercel.app/login,150,0,0
1768805185060,252,GET Login,200,OK,Thread Group 3 - Custom 3-5,text,true,,12444,136,20,20,https://messenger-fe-eight.vercel.app/login,153,0,0
1768805185063,296,GET Login,200,OK,Thread Group 3 - Custom 3-2,text,true,,12444,136,20,20,https://messenger-fe-eight.vercel.app/login,169,0,0
1768805185063,296,GET Login,200,OK,Thread Group 3 - Custom 3-13,text,true,,12444,136,20,20,https://messenger-fe-eight.vercel.app/login,169,0,0
1768805185117,272,GET Login,200,OK,Thread Group 3 - Custom 3-8,text,true,,12444,136,20,20,https://messenger-fe-eight.vercel.app/login,149,0,0
1768805185116,293,GET Home,200,OK,Thread Group 3 - Custom 3-17,text,true,,8705,131,20,20,https://messenger-fe-eight.vercel.app/,243,0,0
1768805185213,225,GET Home,200,OK,Thread Group 3 - Custom 3-19,text,true,,8705,131,20,20,https://messenger-fe-eight.vercel.app/,166,0,0
1768805185213,280,GET Login,200,OK,Thread Group 3 - Custom 3-10,text,true,,12444,136,20,20,https://messenger-fe-eight.vercel.app/login,156,0,0
1768805185213,280,GET Login,200,OK,Thread Group 3 - Custom 3-4,text,true,,12444,136,20,20,https://messenger-fe-eight.vercel.app/login,156,0,0
1768805185213,281,GET Login,200,OK,Thread Group 3 - Custom 3-1,text,true,,12444,136,20,20,https://messenger-fe-eight.vercel.app/login,153,0,0
1768805185232,262,GET Home,200,OK,Thread Group 3 - Custom 3-15,text,true,,8705,131,20,20,https://messenger-fe-eight.vercel.app/,177,0,0
1768805185213,282,GET Login,200,OK,Thread Group 3 - Custom 3-12,text,true,,12444,136,20,20,https://messenger-fe-eight.vercel.app/login,166,0,0
1768805185213,282,GET Login,200,OK,Thread Group 3 - Custom 3-11,text,true,,12444,136,20,20,https://messenger-fe-eight.vercel.app/login,166,0,0
1768805185213,283,GET Login,200,OK,Thread Group 3 - Custom 3-7,text,true,,12444,136,20,20,https://messenger-fe-eight.vercel.app/login,166,0,0
1768805185259,237,GET Login,200,OK,Thread Group 3 - Custom 3-6,text,true,,12444,136,20,20,https://messenger-fe-eight.vercel.app/login,150,0,0
1768805185232,265,GET Login,200,OK,Thread Group 3 - Custom 3-9,text,true,,12444,136,20,20,https://messenger-fe-eight.vercel.app/login,177,0,0
1768805185259,348,GET Login,200,OK,Thread Group 3 - Custom 3-18,text,true,,12444,136,20,20,https://messenger-fe-eight.vercel.app/login,180,0,0
1768805185213,394,GET Login,200,OK,Thread Group 3 - Custom 3-3,text,true,,12444,136,20,20,https://messenger-fe-eight.vercel.app/login,176,0,0
1768805185128,480,GET Login,200,OK,Thread Group 3 - Custom 3-16,text,true,,12444,136,20,20,https://messenger-fe-eight.vercel.app/login,251,0,0
1768805185213,395,GET Login,200,OK,Thread Group 3 - Custom 3-20,text,true,,12444,136,20,20,https://messenger-fe-eight.vercel.app/login,211,0,0
1768805185297,311,GET Home,200,OK,Thread Group 3 - Custom 3-14,text,true,,8705,131,20,20,https://messenger-fe-eight.vercel.app/,141,0,0
1768805185312,296,GET Home,200,OK,Thread Group 3 - Custom 3-5,text,true,,8705,131,20,20,https://messenger-fe-eight.vercel.app/,189,0,0
1768805185359,250,GET Home,200,OK,Thread Group 3 - Custom 3-2,text,true,,8705,131,20,20,https://messenger-fe-eight.vercel.app/,138,0,0
1768805185359,250,GET Home,200,OK,Thread Group 3 - Custom 3-13,text,true,,8705,131,20,20,https://messenger-fe-eight.vercel.app/,142,0,0
1768805185389,220,GET Home,200,OK,Thread Group 3 - Custom 3-8,text,true,,8705,131,20,20,https://messenger-fe-eight.vercel.app/,219,0,0
1768805185493,216,GET Home,200,OK,Thread Group 3 - Custom 3-10,text,true,,8705,131,20,20,https://messenger-fe-eight.vercel.app/,158,0,0
1768805185494,216,GET Home,200,OK,Thread Group 3 - Custom 3-4,text,true,,8705,131,20,20,https://messenger-fe-eight.vercel.app/,157,0,0
1768805185494,216,GET Home,200,OK,Thread Group 3 - Custom 3-1,text,true,,8705,131,20,20,https://messenger-fe-eight.vercel.app/,157,0,0
1768805185495,216,GET Home,200,OK,Thread Group 3 - Custom 3-12,text,true,,8705,131,20,20,https://messenger-fe-eight.vercel.app/,209,0,0
1768805185496,215,GET Home,200,OK,Thread Group 3 - Custom 3-6,text,true,,8705,131,20,20,https://messenger-fe-eight.vercel.app/,156,0,0
1768805185409,302,GET Login,200,OK,Thread Group 3 - Custom 3-17,text,true,,12444,136,20,20,https://messenger-fe-eight.vercel.app/login,199,0,0
1768805185496,215,GET Home,200,OK,Thread Group 3 - Custom 3-7,text,true,,8705,131,20,20,https://messenger-fe-eight.vercel.app/,208,0,0
1768805185495,224,GET Home,200,OK,Thread Group 3 - Custom 3-11,text,true,,8705,131,20,20,https://messenger-fe-eight.vercel.app/,156,0,0
1768805185497,222,GET Home,200,OK,Thread Group 3 - Custom 3-9,text,true,,8705,131,20,20,https://messenger-fe-eight.vercel.app/,154,0,0
1768805185438,298,GET Login,200,OK,Thread Group 3 - Custom 3-19,text,true,,12444,136,20,20,https://messenger-fe-eight.vercel.app/login,191,0,0
1768805185495,241,GET Login,200,OK,Thread Group 3 - Custom 3-15,text,true,,12444,136,20,20,https://messenger-fe-eight.vercel.app/login,157,0,0
1768805185608,182,GET Home,200,OK,Thread Group 3 - Custom 3-18,text,true,,8705,131,20,20,https://messenger-fe-eight.vercel.app/,135,0,0
1768805185608,215,GET Home,200,OK,Thread Group 3 - Custom 3-20,text,true,,8705,131,20,20,https://messenger-fe-eight.vercel.app/,142,0,0
1768805185608,286,GET Home,200,OK,Thread Group 3 - Custom 3-3,text,true,,8705,131,20,20,https://messenger-fe-eight.vercel.app/,160,0,0
1768805185608,286,GET Login,200,OK,Thread Group 3 - Custom 3-14,text,true,,12444,136,20,20,https://messenger-fe-eight.vercel.app/login,142,0,0
1768805185608,286,GET Home,200,OK,Thread Group 3 - Custom 3-16,text,true,,8705,131,20,20,https://messenger-fe-eight.vercel.app/,154,0,0
1768805185609,285,GET Login,200,OK,Thread Group 3 - Custom 3-2,text,true,,12444,136,20,20,https://messenger-fe-eight.vercel.app/login,153,0,0
1768805185608,286,GET Login,200,OK,Thread Group 3 - Custom 3-5,text,true,,12444,136,20,20,https://messenger-fe-eight.vercel.app/login,154,0,0
1768805185609,285,GET Login,200,OK,Thread Group 3 - Custom 3-8,text,true,,12444,136,20,20,https://messenger-fe-eight.vercel.app/login,159,0,0
1768805185609,285,GET Login,200,OK,Thread Group 3 - Custom 3-13,text,true,,12444,136,20,20,https://messenger-fe-eight.vercel.app/login,153,0,0
1768805185712,235,GET Home,200,OK,Thread Group 3 - Custom 3-17,text,true,,8705,131,20,20,https://messenger-fe-eight.vercel.app/,182,0,0
1768805185710,237,GET Login,200,OK,Thread Group 3 - Custom 3-4,text,true,,12444,136,20,20,https://messenger-fe-eight.vercel.app/login,184,0,0
1768805185710,244,GET Login,200,OK,Thread Group 3 - Custom 3-1,text,true,,12444,136,20,20,https://messenger-fe-eight.vercel.app/login,184,0,0
1768805185712,252,GET Login,200,OK,Thread Group 3 - Custom 3-7,text,true,,12444,136,20,20,https://messenger-fe-eight.vercel.app/login,182,0,0
1768805185719,245,GET Login,200,OK,Thread Group 3 - Custom 3-11,text,true,,12444,136,20,20,https://messenger-fe-eight.vercel.app/login,175,0,0
1768805185711,253,GET Login,200,OK,Thread Group 3 - Custom 3-12,text,true,,12444,136,20,20,https://messenger-fe-eight.vercel.app/login,183,0,0
1768805185711,253,GET Login,200,OK,Thread Group 3 - Custom 3-6,text,true,,12444,136,20,20,https://messenger-fe-eight.vercel.app/login,183,0,0
1768805185790,247,GET Login,200,OK,Thread Group 3 - Custom 3-18,text,true,,12444,136,20,20,https://messenger-fe-eight.vercel.app/login,135,0,0
1768805185710,345,GET Login,200,OK,Thread Group 3 - Custom 3-10,text,true,,12444,136,20,20,https://messenger-fe-eight.vercel.app/login,184,0,0
1768805185736,319,GET Home,200,OK,Thread Group 3 - Custom 3-15,text,true,,8705,131,20,20,https://messenger-fe-eight.vercel.app/,189,0,0
1768805185719,336,GET Login,200,OK,Thread Group 3 - Custom 3-9,text,true,,12444,136,20,20,https://messenger-fe-eight.vercel.app/login,175,0,0
1768805185736,319,GET Home,200,OK,Thread Group 3 - Custom 3-19,text,true,,8705,131,20,20,https://messenger-fe-eight.vercel.app/,181,0,0
1768805185894,214,GET Home,200,OK,Thread Group 3 - Custom 3-14,text,true,,8705,131,20,20,https://messenger-fe-eight.vercel.app/,161,0,0
1768805185894,214,GET Home,200,OK,Thread Group 3 - Custom 3-2,text,true,,8705,131,20,20,https://messenger-fe-eight.vercel.app/,176,0,0
1768805185894,239,GET Home,200,OK,Thread Group 3 - Custom 3-5,text,true,,8705,131,20,20,https://messenger-fe-eight.vercel.app/,176,0,0
1768805185894,239,GET Home,200,OK,Thread Group 3 - Custom 3-8,text,true,,8705,131,20,20,https://messenger-fe-eight.vercel.app/,176,0,0
1768805185823,390,GET Login,200,OK,Thread Group 3 - Custom 3-20,text,true,,12444,136,20,20,https://messenger-fe-eight.vercel.app/login,247,0,0
1768805185895,318,GET Home,200,OK,Thread Group 3 - Custom 3-13,text,true,,8705,131,20,20,https://messenger-fe-eight.vercel.app/,185,0,0
1768805185947,267,GET Home,200,OK,Thread Group 3 - Custom 3-4,text,true,,8705,131,20,20,https://messenger-fe-eight.vercel.app/,266,0,0
1768805185894,320,GET Login,200,OK,Thread Group 3 - Custom 3-3,text,true,,12444,136,20,20,https://messenger-fe-eight.vercel.app/login,186,0,0
1768805185954,260,GET Home,200,OK,Thread Group 3 - Custom 3-1,text,true,,8705,131,20,20,https://messenger-fe-eight.vercel.app/,259,0,0
1768805185965,249,GET Home,200,OK,Thread Group 3 - Custom 3-11,text,true,,8705,131,20,20,https://messenger-fe-eight.vercel.app/,248,0,0
1768805185965,249,GET Home,200,OK,Thread Group 3 - Custom 3-6,text,true,,8705,131,20,20,https://messenger-fe-eight.vercel.app/,248,0,0
1768805185965,249,GET Home,200,OK,Thread Group 3 - Custom 3-12,text,true,,8705,131,20,20,https://messenger-fe-eight.vercel.app/,248,0,0
1768805185965,249,GET Home,200,OK,Thread Group 3 - Custom 3-7,text,true,,8705,131,20,20,https://messenger-fe-eight.vercel.app/,248,0,0
1768805185894,320,GET Login,200,OK,Thread Group 3 - Custom 3-16,text,true,,12444,136,20,20,https://messenger-fe-eight.vercel.app/login,186,0,0
1768805186038,178,GET Home,200,OK,Thread Group 3 - Custom 3-18,text,true,,8705,131,20,20,https://messenger-fe-eight.vercel.app/,176,0,0
1768805186055,189,GET Home,200,OK,Thread Group 3 - Custom 3-10,text,true,,8705,131,20,20,https://messenger-fe-eight.vercel.app/,159,0,0
1768805186055,226,GET Home,200,OK,Thread Group 3 - Custom 3-9,text,true,,8705,131,20,20,https://messenger-fe-eight.vercel.app/,159,0,0
1768805185947,343,GET Login,200,OK,Thread Group 3 - Custom 3-17,text,true,,12444,136,20,20,https://messenger-fe-eight.vercel.app/login,266,0,0
1768805186055,235,GET Login,200,OK,Thread Group 3 - Custom 3-15,text,true,,12444,136,20,20,https://messenger-fe-eight.vercel.app/login,159,0,0
1768805186055,235,GET Login,200,OK,Thread Group 3 - Custom 3-19,text,true,,12444,136,20,20,https://messenger-fe-eight.vercel.app/login,159,0,0
1768805186108,244,GET Login,200,OK,Thread Group 3 - Custom 3-2,text,true,,12444,136,20,20,https://messenger-fe-eight.vercel.app/login,140,0,0
1768805186108,245,GET Login,200,OK,Thread Group 3 - Custom 3-14,text,true,,12444,136,20,20,https://messenger-fe-eight.vercel.app/login,173,0,0
1768805186216,210,GET Login,200,OK,Thread Group 3 - Custom 3-18,text,true,,12444,136,20,20,https://messenger-fe-eight.vercel.app/login,137,0,0
1768805186214,212,GET Home,200,OK,Thread Group 3 - Custom 3-20,text,true,,8705,131,20,20,https://messenger-fe-eight.vercel.app/,139,0,0
1768805186214,303,GET Home,200,OK,Thread Group 3 - Custom 3-3,text,true,,8705,131,20,20,https://messenger-fe-eight.vercel.app/,160,0,0
1768805186214,303,GET Login,200,OK,Thread Group 3 - Custom 3-4,text,true,,12444,136,20,20,https://messenger-fe-eight.vercel.app/login,139,0,0
1768805186214,305,GET Login,200,OK,Thread Group 3 - Custom 3-1,text,true,,12444,136,20,20,https://messenger-fe-eight.vercel.app/login,160,0,0
1768805186214,306,GET Home,200,OK,Thread Group 3 - Custom 3-16,text,true,,8705,131,20,20,https://messenger-fe-eight.vercel.app/,160,0,0
1768805186133,388,GET Login,200,OK,Thread Group 3 - Custom 3-5,text,true,,12444,136,20,20,https://messenger-fe-eight.vercel.app/login,241,0,0
1768805186214,307,GET Login,200,OK,Thread Group 3 - Custom 3-6,text,true,,12444,136,20,20,https://messenger-fe-eight.vercel.app/login,160,0,0
1768805186214,308,GET Login,200,OK,Thread Group 3 - Custom 3-7,text,true,,12444,136,20,20,https://messenger-fe-eight.vercel.app/login,160,0,0
1768805186214,308,GET Login,200,OK,Thread Group 3 - Custom 3-12,text,true,,12444,136,20,20,https://messenger-fe-eight.vercel.app/login,160,0,0
1768805186133,389,GET Login,200,OK,Thread Group 3 - Custom 3-8,text,true,,12444,136,20,20,https://messenger-fe-eight.vercel.app/login,241,0,0
1768805186214,308,GET Login,200,OK,Thread Group 3 - Custom 3-11,text,true,,12444,136,20,20,https://messenger-fe-eight.vercel.app/login,160,0,0
1768805186290,233,GET Home,200,OK,Thread Group 3 - Custom 3-19,text,true,,8705,131,20,20,https://messenger-fe-eight.vercel.app/,227,0,0
1768805186245,278,GET Login,200,OK,Thread Group 3 - Custom 3-10,text,true,,12444,136,20,20,https://messenger-fe-eight.vercel.app/login,175,0,0
1768805186214,309,GET Login,200,OK,Thread Group 3 - Custom 3-13,text,true,,12444,136,20,20,https://messenger-fe-eight.vercel.app/login,160,0,0
1768805186290,233,GET Home,200,OK,Thread Group 3 - Custom 3-17,text,true,,8705,131,20,20,https://messenger-fe-eight.vercel.app/,229,0,0
1768805186281,257,GET Login,200,OK,Thread Group 3 - Custom 3-9,text,true,,12444,136,20,20,https://messenger-fe-eight.vercel.app/login,236,0,0
1768805186353,218,GET Home,200,OK,Thread Group 3 - Custom 3-14,text,true,,8705,131,20,20,https://messenger-fe-eight.vercel.app/,170,0,0
1768805186353,233,GET Home,200,OK,Thread Group 3 - Custom 3-2,text,true,,8705,131,20,20,https://messenger-fe-eight.vercel.app/,174,0,0
1768805186290,327,GET Home,200,OK,Thread Group 3 - Custom 3-15,text,true,,8705,131,20,20,https://messenger-fe-eight.vercel.app/,232,0,0
1768805186427,271,GET Home,200,OK,Thread Group 3 - Custom 3-18,text,true,,8705,131,20,20,https://messenger-fe-eight.vercel.app/,224,0,0
1768805186522,206,GET Home,200,OK,Thread Group 3 - Custom 3-5,text,true,,8705,131,20,20,https://messenger-fe-eight.vercel.app/,138,0,0
1768805186522,207,GET Home,200,OK,Thread Group 3 - Custom 3-6,text,true,,8705,131,20,20,https://messenger-fe-eight.vercel.app/,138,0,0
1768805186522,208,GET Home,200,OK,Thread Group 3 - Custom 3-7,text,true,,8705,131,20,20,https://messenger-fe-eight.vercel.app/,138,0,0
1768805186522,214,GET Home,200,OK,Thread Group 3 - Custom 3-8,text,true,,8705,131,20,20,https://messenger-fe-eight.vercel.app/,143,0,0
1768805186519,222,GET Home,200,OK,Thread Group 3 - Custom 3-1,text,true,,8705,131,20,20,https://messenger-fe-eight.vercel.app/,140,0,0
1768805186523,218,GET Home,200,OK,Thread Group 3 - Custom 3-10,text,true,,8705,131,20,20,https://messenger-fe-eight.vercel.app/,128,0,0
1768805186518,228,GET Home,200,OK,Thread Group 3 - Custom 3-4,text,true,,8705,131,20,20,https://messenger-fe-eight.vercel.app/,141,0,0
1768805186523,306,GET Home,200,OK,Thread Group 3 - Custom 3-13,text,true,,8705,131,20,20,https://messenger-fe-eight.vercel.app/,154,0,0
1768805186522,307,GET Home,200,OK,Thread Group 3 - Custom 3-12,text,true,,8705,131,20,20,https://messenger-fe-eight.vercel.app/,159,0,0
1768805186522,308,GET Home,200,OK,Thread Group 3 - Custom 3-11,text,true,,8705,131,20,20,https://messenger-fe-eight.vercel.app/,159,0,0
1768805186523,307,GET Login,200,OK,Thread Group 3 - Custom 3-19,text,true,,12444,136,20,20,https://messenger-fe-eight.vercel.app/login,137,0,0
1768805186538,292,GET Home,200,OK,Thread Group 3 - Custom 3-9,text,true,,8705,131,20,20,https://messenger-fe-eight.vercel.app/,173,0,0
1768805186427,404,GET Login,200,OK,Thread Group 3 - Custom 3-20,text,true,,12444,136,20,20,https://messenger-fe-eight.vercel.app/login,255,0,0
1768805186523,309,GET Login,200,OK,Thread Group 3 - Custom 3-17,text,true,,12444,136,20,20,https://messenger-fe-eight.vercel.app/login,154,0,0
1768805186517,315,GET Login,200,OK,Thread Group 3 - Custom 3-3,text,true,,12444,136,20,20,https://messenger-fe-eight.vercel.app/login,164,0,0
1768805186521,311,GET Login,200,OK,Thread Group 3 - Custom 3-16,text,true,,12444,136,20,20,https://messenger-fe-eight.vercel.app/login,156,0,0
1768805186571,262,GET Login,200,OK,Thread Group 3 - Custom 3-14,text,true,,12444,136,20,20,https://messenger-fe-eight.vercel.app/login,157,0,0
1768805186587,246,GET Login,200,OK,Thread Group 3 - Custom 3-2,text,true,,12444,136,20,20,https://messenger-fe-eight.vercel.app/login,141,0,0
1768805186698,222,GET Login,200,OK,Thread Group 3 - Custom 3-18,text,true,,12444,136,20,20,https://messenger-fe-eight.vercel.app/login,139,0,0
1768805186742,217,GET Login,200,OK,Thread Group 3 - Custom 3-10,text,true,,12444,136,20,20,https://messenger-fe-eight.vercel.app/login,144,0,0
1768805186741,227,GET Login,200,OK,Thread Group 3 - Custom 3-1,text,true,,12444,136,20,20,https://messenger-fe-eight.vercel.app/login,145,0,0
1768805186728,251,GET Login,200,OK,Thread Group 3 - Custom 3-5,text,true,,12444,136,20,20,https://messenger-fe-eight.vercel.app/login,166,0,0
1768805186730,256,GET Login,200,OK,Thread Group 3 - Custom 3-7,text,true,,12444,136,20,20,https://messenger-fe-eight.vercel.app/login,165,0,0
1768805186737,249,GET Login,200,OK,Thread Group 3 - Custom 3-8,text,true,,12444,136,20,20,https://messenger-fe-eight.vercel.app/login,158,0,0
1768805186729,257,GET Login,200,OK,Thread Group 3 - Custom 3-6,text,true,,12444,136,20,20,https://messenger-fe-eight.vercel.app/login,166,0,0
1768805186833,209,GET Home,200,OK,Thread Group 3 - Custom 3-14,text,true,,8705,131,20,20,https://messenger-fe-eight.vercel.app/,146,0,0
1768805186831,215,GET Home,200,OK,Thread Group 3 - Custom 3-20,text,true,,8705,131,20,20,https://messenger-fe-eight.vercel.app/,155,0,0
1768805186833,213,GET Home,200,OK,Thread Group 3 - Custom 3-2,text,true,,8705,131,20,20,https://messenger-fe-eight.vercel.app/,166,0,0
1768805186830,216,GET Home,200,OK,Thread Group 3 - Custom 3-19,text,true,,8705,131,20,20,https://messenger-fe-eight.vercel.app/,149,0,0
1768805186746,332,GET Login,200,OK,Thread Group 3 - Custom 3-4,text,true,,12444,136,20,20,https://messenger-fe-eight.vercel.app/login,222,0,0
1768805186832,246,GET Home,200,OK,Thread Group 3 - Custom 3-17,text,true,,8705,131,20,20,https://messenger-fe-eight.vercel.app/,170,0,0
1768805186832,247,GET Home,200,OK,Thread Group 3 - Custom 3-3,text,true,,8705,131,20,20,https://messenger-fe-eight.vercel.app/,169,0,0
1768805186830,289,GET Login,200,OK,Thread Group 3 - Custom 3-9,text,true,,12444,136,20,20,https://messenger-fe-eight.vercel.app/login,149,0,0
1768805186617,502,GET Login,200,OK,Thread Group 3 - Custom 3-15,text,true,,12444,136,20,20,https://messenger-fe-eight.vercel.app/login,216,0,0
1768805186833,287,GET Home,200,OK,Thread Group 3 - Custom 3-16,text,true,,8705,131,20,20,https://messenger-fe-eight.vercel.app/,169,0,0
1768805186920,201,GET Home,200,OK,Thread Group 3 - Custom 3-18,text,true,,8705,131,20,20,https://messenger-fe-eight.vercel.app/,158,0,0
1768805186829,295,GET Login,200,OK,Thread Group 3 - Custom 3-13,text,true,,12444,136,20,20,https://messenger-fe-eight.vercel.app/login,173,0,0
1768805186829,297,GET Login,200,OK,Thread Group 3 - Custom 3-12,text,true,,12444,136,20,20,https://messenger-fe-eight.vercel.app/login,173,0,0
1768805186830,303,GET Login,200,OK,Thread Group 3 - Custom 3-11,text,true,,12444,136,20,20,https://messenger-fe-eight.vercel.app/login,172,0,0
1768805186960,214,GET Home,200,OK,Thread Group 3 - Custom 3-10,text,true,,8705,131,20,20,https://messenger-fe-eight.vercel.app/,166,0,0
1768805186986,197,GET Home,200,OK,Thread Group 3 - Custom 3-7,text,true,,8705,131,20,20,https://messenger-fe-eight.vercel.app/,140,0,0
1768805186986,207,GET Home,200,OK,Thread Group 3 - Custom 3-6,text,true,,8705,131,20,20,https://messenger-fe-eight.vercel.app/,147,0,0
1768805186979,214,GET Home,200,OK,Thread Group 3 - Custom 3-5,text,true,,8705,131,20,20,https://messenger-fe-eight.vercel.app/,154,0,0
1768805186968,269,GET Home,200,OK,Thread Group 3 - Custom 3-1,text,true,,8705,131,20,20,https://messenger-fe-eight.vercel.app/,165,0,0
1768805186986,251,GET Home,200,OK,Thread Group 3 - Custom 3-8,text,true,,8705,131,20,20,https://messenger-fe-eight.vercel.app/,140,0,0
1768805187079,253,GET Home,200,OK,Thread Group 3 - Custom 3-4,text,true,,8705,131,20,20,https://messenger-fe-eight.vercel.app/,197,0,0
1768805187120,323,GET Home,200,OK,Thread Group 3 - Custom 3-9,text,true,,8705,131,20,20,https://messenger-fe-eight.vercel.app/,150,0,0
1768805187121,322,GET Login,200,OK,Thread Group 3 - Custom 3-18,text,true,,12444,136,20,20,https://messenger-fe-eight.vercel.app/login,145,0,0
1768805187126,319,GET Home,200,OK,Thread Group 3 - Custom 3-12,text,true,,8705,131,20,20,https://messenger-fe-eight.vercel.app/,154,0,0
1768805187042,403,GET Login,200,OK,Thread Group 3 - Custom 3-14,text,true,,12444,136,20,20,https://messenger-fe-eight.vercel.app/login,228,0,0
1768805187133,312,GET Home,200,OK,Thread Group 3 - Custom 3-11,text,true,,8705,131,20,20,https://messenger-fe-eight.vercel.app/,161,0,0
1768805187124,321,GET Home,200,OK,Thread Group 3 - Custom 3-13,text,true,,8705,131,20,20,https://messenger-fe-eight.vercel.app/,170,0,0
1768805187046,400,GET Login,200,OK,Thread Group 3 - Custom 3-19,text,true,,12444,136,20,20,https://messenger-fe-eight.vercel.app/login,224,0,0
1768805187046,400,GET Login,200,OK,Thread Group 3 - Custom 3-2,text,true,,12444,136,20,20,https://messenger-fe-eight.vercel.app/login,230,0,0
1768805187046,400,GET Login,200,OK,Thread Group 3 - Custom 3-20,text,true,,12444,136,20,20,https://messenger-fe-eight.vercel.app/login,248,0,0
1768805187079,367,GET Login,200,OK,Thread Group 3 - Custom 3-17,text,true,,12444,136,20,20,https://messenger-fe-eight.vercel.app/login,215,0,0
1768805187079,367,GET Login,200,OK,Thread Group 3 - Custom 3-3,text,true,,12444,136,20,20,https://messenger-fe-eight.vercel.app/login,215,0,0
1768805187174,272,GET Login,200,OK,Thread Group 3 - Custom 3-10,text,true,,12444,136,20,20,https://messenger-fe-eight.vercel.app/login,159,0,0
1768805187120,326,GET Login,200,OK,Thread Group 3 - Custom 3-16,text,true,,12444,136,20,20,https://messenger-fe-eight.vercel.app/login,181,0,0
1768805187193,253,GET Login,200,OK,Thread Group 3 - Custom 3-6,text,true,,12444,136,20,20,https://messenger-fe-eight.vercel.app/login,250,0,0
1768805187184,262,GET Login,200,OK,Thread Group 3 - Custom 3-7,text,true,,12444,136,20,20,https://messenger-fe-eight.vercel.app/login,259,0,0
1768805187193,270,GET Login,200,OK,Thread Group 3 - Custom 3-5,text,true,,12444,136,20,20,https://messenger-fe-eight.vercel.app/login,252,0,0
1768805187119,344,GET Home,200,OK,Thread Group 3 - Custom 3-15,text,true,,8705,131,20,20,https://messenger-fe-eight.vercel.app/,202,0,0
1768805187237,245,GET Login,200,OK,Thread Group 3 - Custom 3-8,text,true,,12444,136,20,20,https://messenger-fe-eight.vercel.app/login,209,0,0
1768805187237,282,GET Login,200,OK,Thread Group 3 - Custom 3-1,text,true,,12444,136,20,20,https://messenger-fe-eight.vercel.app/login,209,0,0
1768805187443,199,GET Home,200,OK,Thread Group 3 - Custom 3-18,text,true,,8705,131,20,20,https://messenger-fe-eight.vercel.app/,152,0,0
1768805187446,214,GET Home,200,OK,Thread Group 3 - Custom 3-19,text,true,,8705,131,20,20,https://messenger-fe-eight.vercel.app/,150,0,0
1768805187446,215,GET Home,200,OK,Thread Group 3 - Custom 3-2,text,true,,8705,131,20,20,https://messenger-fe-eight.vercel.app/,150,0,0
1768805187445,218,GET Home,200,OK,Thread Group 3 - Custom 3-14,text,true,,8705,131,20,20,https://messenger-fe-eight.vercel.app/,187,0,0
1768805187333,330,GET Login,200,OK,Thread Group 3 - Custom 3-4,text,true,,12444,136,20,20,https://messenger-fe-eight.vercel.app/login,253,0,0
1768805187446,217,GET Home,200,OK,Thread Group 3 - Custom 3-7,text,true,,8705,131,20,20,https://messenger-fe-eight.vercel.app/,186,0,0
1768805187446,243,GET Home,200,OK,Thread Group 3 - Custom 3-10,text,true,,8705,131,20,20,https://messenger-fe-eight.vercel.app/,149,0,0
1768805187464,296,GET Home,200,OK,Thread Group 3 - Custom 3-5,text,true,,8705,131,20,20,https://messenger-fe-eight.vercel.app/,168,0,0
1768805187446,315,GET Home,200,OK,Thread Group 3 - Custom 3-3,text,true,,8705,131,20,20,https://messenger-fe-eight.vercel.app/,186,0,0
1768805187446,315,GET Home,200,OK,Thread Group 3 - Custom 3-17,text,true,,8705,131,20,20,https://messenger-fe-eight.vercel.app/,186,0,0
1768805187446,315,GET Home,200,OK,Thread Group 3 - Custom 3-20,text,true,,8705,131,20,20,https://messenger-fe-eight.vercel.app/,186,0,0
1768805187443,318,GET Login,200,OK,Thread Group 3 - Custom 3-9,text,true,,12444,136,20,20,https://messenger-fe-eight.vercel.app/login,153,0,0
1768805187446,315,GET Home,200,OK,Thread Group 3 - Custom 3-6,text,true,,8705,131,20,20,https://messenger-fe-eight.vercel.app/,186,0,0
1768805187446,315,GET Home,200,OK,Thread Group 3 - Custom 3-16,text,true,,8705,131,20,20,https://messenger-fe-eight.vercel.app/,186,0,0
1768805187482,279,GET Home,200,OK,Thread Group 3 - Custom 3-8,text,true,,8705,131,20,20,https://messenger-fe-eight.vercel.app/,171,0,0
1768805187446,315,GET Login,200,OK,Thread Group 3 - Custom 3-13,text,true,,12444,136,20,20,https://messenger-fe-eight.vercel.app/login,186,0,0
1768805187519,242,GET Home,200,OK,Thread Group 3 - Custom 3-1,text,true,,8705,131,20,20,https://messenger-fe-eight.vercel.app/,241,0,0
1768805187445,316,GET Login,200,OK,Thread Group 3 - Custom 3-12,text,true,,12444,136,20,20,https://messenger-fe-eight.vercel.app/login,187,0,0
1768805187446,315,GET Login,200,OK,Thread Group 3 - Custom 3-11,text,true,,12444,136,20,20,https://messenger-fe-eight.vercel.app/login,186,0,0
1768805187643,195,GET Login,200,OK,Thread Group 3 - Custom 3-18,text,true,,12444,136,20,20,https://messenger-fe-eight.vercel.app/login,120,0,0
1768805187464,437,GET Login,200,OK,Thread Group 3 - Custom 3-15,text,true,,12444,136,20,20,https://messenger-fe-eight.vercel.app/login,199,0,0
1768805187663,255,GET Login,200,OK,Thread Group 3 - Custom 3-14,text,true,,12444,136,20,20,https://messenger-fe-eight.vercel.app/login,165,0,0
1768805187661,257,GET Login,200,OK,Thread Group 3 - Custom 3-2,text,true,,12444,136,20,20,https://messenger-fe-eight.vercel.app/login,158,0,0
1768805187663,257,GET Home,200,OK,Thread Group 3 - Custom 3-4,text,true,,8705,131,20,20,https://messenger-fe-eight.vercel.app/,149,0,0
1768805187660,260,GET Login,200,OK,Thread Group 3 - Custom 3-19,text,true,,12444,136,20,20,https://messenger-fe-eight.vercel.app/login,168,0,0
1768805187663,266,GET Login,200,OK,Thread Group 3 - Custom 3-7,text,true,,12444,136,20,20,https://messenger-fe-eight.vercel.app/login,165,0,0
1768805187689,266,GET Login,200,OK,Thread Group 3 - Custom 3-10,text,true,,12444,136,20,20,https://messenger-fe-eight.vercel.app/login,182,0,0
1768805187761,207,GET Home,200,OK,Thread Group 3 - Custom 3-9,text,true,,8705,131,20,20,https://messenger-fe-eight.vercel.app/,157,0,0
1768805187918,190,GET Home,200,OK,Thread Group 3 - Custom 3-2,text,true,,8705,131,20,20,https://messenger-fe-eight.vercel.app/,161,0,0
1768805187920,188,GET Home,200,OK,Thread Group 3 - Custom 3-19,text,true,,8705,131,20,20,https://messenger-fe-eight.vercel.app/,159,0,0
1768805187918,191,GET Home,200,OK,Thread Group 3 - Custom 3-14,text,true,,8705,131,20,20,https://messenger-fe-eight.vercel.app/,160,0,0
1768805187955,183,GET Home,200,OK,Thread Group 3 - Custom 3-10,text,true,,8705,131,20,20,https://messenger-fe-eight.vercel.app/,154,0,0
1768805187920,218,GET Login,200,OK,Thread Group 3 - Custom 3-4,text,true,,12444,136,20,20,https://messenger-fe-eight.vercel.app/login,159,0,0
1768805187929,276,GET Home,200,OK,Thread Group 3 - Custom 3-7,text,true,,8705,131,20,20,https://messenger-fe-eight.vercel.app/,157,0,0
1768805187761,444,GET Home,200,OK,Thread Group 3 - Custom 3-11,text,true,,8705,131,20,20,https://messenger-fe-eight.vercel.app/,168,0,0
1768805187761,444,GET Home,200,OK,Thread Group 3 - Custom 3-13,text,true,,8705,131,20,20,https://messenger-fe-eight.vercel.app/,168,0,0
1768805187761,445,GET Login,200,OK,Thread Group 3 - Custom 3-1,text,true,,12444,136,20,20,https://messenger-fe-eight.vercel.app/login,159,0,0
1768805187761,445,GET Login,200,OK,Thread Group 3 - Custom 3-16,text,true,,12444,136,20,20,https://messenger-fe-eight.vercel.app/login,172,0,0
1768805187761,445,GET Login,200,OK,Thread Group 3 - Custom 3-8,text,true,,12444,136,20,20,https://messenger-fe-eight.vercel.app/login,159,0,0
1768805187761,445,GET Login,200,OK,Thread Group 3 - Custom 3-20,text,true,,12444,136,20,20,https://messenger-fe-eight.vercel.app/login,172,0,0
1768805187761,445,GET Login,200,OK,Thread Group 3 - Custom 3-6,text,true,,12444,136,20,20,https://messenger-fe-eight.vercel.app/login,157,0,0
1768805187761,445,GET Login,200,OK,Thread Group 3 - Custom 3-17,text,true,,12444,136,20,20,https://messenger-fe-eight.vercel.app/login,168,0,0
1768805187761,445,GET Login,200,OK,Thread Group 3 - Custom 3-5,text,true,,12444,136,20,20,https://messenger-fe-eight.vercel.app/login,157,0,0
1768805187761,445,GET Login,200,OK,Thread Group 3 - Custom 3-3,text,true,,12444,136,20,20,https://messenger-fe-eight.vercel.app/login,168,0,0
1768805187969,237,GET Login,200,OK,Thread Group 3 - Custom 3-9,text,true,,12444,136,20,20,https://messenger-fe-eight.vercel.app/login,139,0,0
1768805187902,332,GET Home,200,OK,Thread Group 3 - Custom 3-15,text,true,,8705,131,20,20,https://messenger-fe-eight.vercel.app/,207,0,0
1768805188108,254,GET Login,200,OK,Thread Group 3 - Custom 3-2,text,true,,12444,136,20,20,https://messenger-fe-eight.vercel.app/login,138,0,0
1768805188139,223,GET Home,200,OK,Thread Group 3 - Custom 3-4,text,true,,8705,131,20,20,https://messenger-fe-eight.vercel.app/,137,0,0
1768805188109,253,GET Login,200,OK,Thread Group 3 - Custom 3-14,text,true,,12444,136,20,20,https://messenger-fe-eight.vercel.app/login,137,0,0
1768805188108,254,GET Login,200,OK,Thread Group 3 - Custom 3-19,text,true,,12444,136,20,20,https://messenger-fe-eight.vercel.app/login,138,0,0
1768805188139,231,GET Login,200,OK,Thread Group 3 - Custom 3-10,text,true,,12444,136,20,20,https://messenger-fe-eight.vercel.app/login,142,0,0
1768805188206,232,GET Home,200,OK,Thread Group 3 - Custom 3-8,text,true,,8705,131,20,20,https://messenger-fe-eight.vercel.app/,174,0,0
1768805188206,232,GET Home,200,OK,Thread Group 3 - Custom 3-6,text,true,,8705,131,20,20,https://messenger-fe-eight.vercel.app/,174,0,0
1768805188206,238,GET Home,200,OK,Thread Group 3 - Custom 3-9,text,true,,8705,131,20,20,https://messenger-fe-eight.vercel.app/,180,0,0
1768805188206,238,GET Home,200,OK,Thread Group 3 - Custom 3-5,text,true,,8705,131,20,20,https://messenger-fe-eight.vercel.app/,180,0,0
1768805187761,701,GET Home,200,OK,Thread Group 3 - Custom 3-12,text,true,,8705,131,20,20,https://messenger-fe-eight.vercel.app/,171,0,0
1768805188206,256,GET Home,200,OK,Thread Group 3 - Custom 3-17,text,true,,8705,131,20,20,https://messenger-fe-eight.vercel.app/,174,0,0
1768805188206,264,GET Home,200,OK,Thread Group 3 - Custom 3-1,text,true,,8705,131,20,20,https://messenger-fe-eight.vercel.app/,189,0,0
1768805188206,268,GET Home,200,OK,Thread Group 3 - Custom 3-20,text,true,,8705,131,20,20,https://messenger-fe-eight.vercel.app/,190,0,0
1768805188206,273,GET Home,200,OK,Thread Group 3 - Custom 3-3,text,true,,8705,131,20,20,https://messenger-fe-eight.vercel.app/,220,0,0
1768805188206,289,GET Home,200,OK,Thread Group 3 - Custom 3-16,text,true,,8705,131,20,20,https://messenger-fe-eight.vercel.app/,190,0,0
1768805188206,289,GET Login,200,OK,Thread Group 3 - Custom 3-7,text,true,,12444,136,20,20,https://messenger-fe-eight.vercel.app/login,180,0,0
1768805188206,317,GET Login,200,OK,Thread Group 3 - Custom 3-13,text,true,,12444,136,20,20,https://messenger-fe-eight.vercel.app/login,180,0,0
1768805188206,327,GET Login,200,OK,Thread Group 3 - Custom 3-11,text,true,,12444,136,20,20,https://messenger-fe-eight.vercel.app/login,189,0,0
1768805188370,169,GET Home,200,OK,Thread Group 3 - Custom 3-10,text,true,,8705,131,20,20,https://messenger-fe-eight.vercel.app/,125,0,0
1768805188362,183,GET Home,200,OK,Thread Group 3 - Custom 3-2,text,true,,8705,131,20,20,https://messenger-fe-eight.vercel.app/,133,0,0
1768805188362,183,GET Home,200,OK,Thread Group 3 - Custom 3-19,text,true,,8705,131,20,20,https://messenger-fe-eight.vercel.app/,133,0,0
1768805188362,205,GET Home,200,OK,Thread Group 3 - Custom 3-14,text,true,,8705,131,20,20,https://messenger-fe-eight.vercel.app/,138,0,0
1768805188362,223,GET Login,200,OK,Thread Group 3 - Custom 3-4,text,true,,12444,136,20,20,https://messenger-fe-eight.vercel.app/login,133,0,0
1768805188234,426,GET Login,200,OK,Thread Group 3 - Custom 3-15,text,true,,12444,136,20,20,https://messenger-fe-eight.vercel.app/login,193,0,0
1768805188444,241,GET Login,200,OK,Thread Group 3 - Custom 3-9,text,true,,12444,136,20,20,https://messenger-fe-eight.vercel.app/login,173,0,0
1768805188438,247,GET Login,200,OK,Thread Group 3 - Custom 3-6,text,true,,12444,136,20,20,https://messenger-fe-eight.vercel.app/login,155,0,0
1768805188444,268,GET Login,200,OK,Thread Group 3 - Custom 3-5,text,true,,12444,136,20,20,https://messenger-fe-eight.vercel.app/login,173,0,0
1768805188438,274,GET Login,200,OK,Thread Group 3 - Custom 3-8,text,true,,12444,136,20,20,https://messenger-fe-eight.vercel.app/login,179,0,0
1768805188462,277,GET Login,200,OK,Thread Group 3 - Custom 3-17,text,true,,12444,136,20,20,https://messenger-fe-eight.vercel.app/login,155,0,0
1768805188462,299,GET Login,200,OK,Thread Group 3 - Custom 3-12,text,true,,12444,136,20,20,https://messenger-fe-eight.vercel.app/login,156,0,0
1768805188540,221,GET Login,200,OK,Thread Group 3 - Custom 3-10,text,true,,12444,136,20,20,https://messenger-fe-eight.vercel.app/login,134,0,0
1768805188474,298,GET Login,200,OK,Thread Group 3 - Custom 3-20,text,true,,12444,136,20,20,https://messenger-fe-eight.vercel.app/login,156,0,0
1768805188533,239,GET Home,200,OK,Thread Group 3 - Custom 3-11,text,true,,8705,131,20,20,https://messenger-fe-eight.vercel.app/,161,0,0
1768805188524,255,GET Home,200,OK,Thread Group 3 - Custom 3-13,text,true,,8705,131,20,20,https://messenger-fe-eight.vercel.app/,158,0,0
1768805188495,284,GET Home,200,OK,Thread Group 3 - Custom 3-7,text,true,,8705,131,20,20,https://messenger-fe-eight.vercel.app/,187,0,0
1768805188470,309,GET Login,200,OK,Thread Group 3 - Custom 3-1,text,true,,12444,136,20,20,https://messenger-fe-eight.vercel.app/login,160,0,0
1768805188545,250,GET Login,200,OK,Thread Group 3 - Custom 3-19,text,true,,12444,136,20,20,https://messenger-fe-eight.vercel.app/login,149,0,0
1768805188545,250,GET Login,200,OK,Thread Group 3 - Custom 3-2,text,true,,12444,136,20,20,https://messenger-fe-eight.vercel.app/login,149,0,0
1768805188479,329,GET Login,200,OK,Thread Group 3 - Custom 3-3,text,true,,12444,136,20,20,https://messenger-fe-eight.vercel.app/login,195,0,0
1768805188567,256,GET Login,200,OK,Thread Group 3 - Custom 3-14,text,true,,12444,136,20,20,https://messenger-fe-eight.vercel.app/login,172,0,0
1768805188495,358,GET Login,200,OK,Thread Group 3 - Custom 3-16,text,true,,12444,136,20,20,https://messenger-fe-eight.vercel.app/login,199,0,0
1768805188585,283,GET Home,200,OK,Thread Group 3 - Custom 3-4,text,true,,8705,131,20,20,https://messenger-fe-eight.vercel.app/,238,0,0
1768805188685,188,GET Home,200,OK,Thread Group 3 - Custom 3-9,text,true,,8705,131,20,20,https://messenger-fe-eight.vercel.app/,138,0,0
1768805188685,203,GET Home,200,OK,Thread Group 3 - Custom 3-6,text,true,,8705,131,20,20,https://messenger-fe-eight.vercel.app/,144,0,0
1768805188712,270,GET Home,200,OK,Thread Group 3 - Custom 3-5,text,true,,8705,131,20,20,https://messenger-fe-eight.vercel.app/,161,0,0
1768805188712,270,GET Home,200,OK,Thread Group 3 - Custom 3-8,text,true,,8705,131,20,20,https://messenger-fe-eight.vercel.app/,176,0,0
1768805188761,221,GET Home,200,OK,Thread Group 3 - Custom 3-10,text,true,,8705,131,20,20,https://messenger-fe-eight.vercel.app/,220,0,0
1768805188739,244,GET Home,200,OK,Thread Group 3 - Custom 3-17,text,true,,8705,131,20,20,https://messenger-fe-eight.vercel.app/,155,0,0
1768805188761,222,GET Home,200,OK,Thread Group 3 - Custom 3-12,text,true,,8705,131,20,20,https://messenger-fe-eight.vercel.app/,220,0,0
1768805188660,323,GET Home,200,OK,Thread Group 3 - Custom 3-15,text,true,,8705,131,20,20,https://messenger-fe-eight.vercel.app/,202,0,0
1768805188779,230,GET Home,200,OK,Thread Group 3 - Custom 3-1,text,true,,8705,131,20,20,https://messenger-fe-eight.vercel.app/,203,0,0
1768805188772,249,GET Home,200,OK,Thread Group 3 - Custom 3-20,text,true,,8705,131,20,20,https://messenger-fe-eight.vercel.app/,210,0,0
1768805188779,249,GET Login,200,OK,Thread Group 3 - Custom 3-7,text,true,,12444,136,20,20,https://messenger-fe-eight.vercel.app/login,203,0,0
1768805188809,234,GET Home,200,OK,Thread Group 3 - Custom 3-3,text,true,,8705,131,20,20,https://messenger-fe-eight.vercel.app/,174,0,0
1768805187839,1204,GET Home,200,OK,Thread Group 3 - Custom 3-18,text,true,,8705,131,20,20,https://messenger-fe-eight.vercel.app/,124,0,0
1768805188772,292,GET Login,200,OK,Thread Group 3 - Custom 3-11,text,true,,12444,136,20,20,https://messenger-fe-eight.vercel.app/login,210,0,0
1768805188823,273,GET Home,200,OK,Thread Group 3 - Custom 3-14,text,true,,8705,131,20,20,https://messenger-fe-eight.vercel.app/,160,0,0
1768805188779,317,GET Login,200,OK,Thread Group 3 - Custom 3-13,text,true,,12444,136,20,20,https://messenger-fe-eight.vercel.app/login,203,0,0
1768805188795,301,GET Home,200,OK,Thread Group 3 - Custom 3-2,text,true,,8705,131,20,20,https://messenger-fe-eight.vercel.app/,187,0,0
1768805188795,301,GET Home,200,OK,Thread Group 3 - Custom 3-19,text,true,,8705,131,20,20,https://messenger-fe-eight.vercel.app/,187,0,0
1768805188854,254,GET Home,200,OK,Thread Group 3 - Custom 3-16,text,true,,8705,131,20,20,https://messenger-fe-eight.vercel.app/,158,0,0
1768805188874,240,GET Login,200,OK,Thread Group 3 - Custom 3-9,text,true,,12444,136,20,20,https://messenger-fe-eight.vercel.app/login,138,0,0
1768805188868,246,GET Login,200,OK,Thread Group 3 - Custom 3-4,text,true,,12444,136,20,20,https://messenger-fe-eight.vercel.app/login,160,0,0
1768805188888,235,GET Login,200,OK,Thread Group 3 - Custom 3-6,text,true,,12444,136,20,20,https://messenger-fe-eight.vercel.app/login,140,0,0
1768805188982,242,GET Login,200,OK,Thread Group 3 - Custom 3-10,text,true,,12444,136,20,20,https://messenger-fe-eight.vercel.app/login,143,0,0
1768805188982,260,GET Login,200,OK,Thread Group 3 - Custom 3-8,text,true,,12444,136,20,20,https://messenger-fe-eight.vercel.app/login,148,0,0
1768805188982,260,GET Login,200,OK,Thread Group 3 - Custom 3-5,text,true,,12444,136,20,20,https://messenger-fe-eight.vercel.app/login,173,0,0
1768805189028,227,GET Home,200,OK,Thread Group 3 - Custom 3-7,text,true,,8705,131,20,20,https://messenger-fe-eight.vercel.app/,155,0,0
1768805188983,305,GET Login,200,OK,Thread Group 3 - Custom 3-12,text,true,,12444,136,20,20,https://messenger-fe-eight.vercel.app/login,172,0,0
1768805188983,305,GET Login,200,OK,Thread Group 3 - Custom 3-17,text,true,,12444,136,20,20,https://messenger-fe-eight.vercel.app/login,172,0,0
1768805189009,280,GET Login,200,OK,Thread Group 3 - Custom 3-1,text,true,,12444,136,20,20,https://messenger-fe-eight.vercel.app/login,148,0,0
1768805189064,225,GET Home,200,OK,Thread Group 3 - Custom 3-11,text,true,,8705,131,20,20,https://messenger-fe-eight.vercel.app/,161,0,0
1768805189114,188,GET Home,200,OK,Thread Group 3 - Custom 3-4,text,true,,8705,131,20,20,https://messenger-fe-eight.vercel.app/,141,0,0
1768805189114,192,GET Home,200,OK,Thread Group 3 - Custom 3-9,text,true,,8705,131,20,20,https://messenger-fe-eight.vercel.app/,141,0,0
1768805189021,310,GET Login,200,OK,Thread Group 3 - Custom 3-20,text,true,,12444,136,20,20,https://messenger-fe-eight.vercel.app/login,176,0,0
1768805189097,234,GET Login,200,OK,Thread Group 3 - Custom 3-19,text,true,,12444,136,20,20,https://messenger-fe-eight.vercel.app/login,145,0,0
1768805189096,235,GET Login,200,OK,Thread Group 3 - Custom 3-2,text,true,,12444,136,20,20,https://messenger-fe-eight.vercel.app/login,146,0,0
1768805189043,288,GET Login,200,OK,Thread Group 3 - Custom 3-3,text,true,,12444,136,20,20,https://messenger-fe-eight.vercel.app/login,181,0,0
1768805189096,235,GET Home,200,OK,Thread Group 3 - Custom 3-13,text,true,,8705,131,20,20,https://messenger-fe-eight.vercel.app/,159,0,0
1768805188983,364,GET Login,200,OK,Thread Group 3 - Custom 3-15,text,true,,12444,136,20,20,https://messenger-fe-eight.vercel.app/login,200,0,0
1768805189124,239,GET Home,200,OK,Thread Group 3 - Custom 3-6,text,true,,8705,131,20,20,https://messenger-fe-eight.vercel.app/,171,0,0
1768805189108,295,GET Login,200,OK,Thread Group 3 - Custom 3-16,text,true,,12444,136,20,20,https://messenger-fe-eight.vercel.app/login,148,0,0
1768805189096,322,GET Login,200,OK,Thread Group 3 - Custom 3-14,text,true,,12444,136,20,20,https://messenger-fe-eight.vercel.app/login,192,0,0
1768805189225,237,GET Home,200,OK,Thread Group 3 - Custom 3-10,text,true,,8705,131,20,20,https://messenger-fe-eight.vercel.app/,193,0,0
1768805189242,262,GET Home,200,OK,Thread Group 3 - Custom 3-8,text,true,,8705,131,20,20,https://messenger-fe-eight.vercel.app/,198,0,0
1768805189289,246,GET Home,200,OK,Thread Group 3 - Custom 3-1,text,true,,8705,131,20,20,https://messenger-fe-eight.vercel.app/,167,0,0
1768805189288,247,GET Home,200,OK,Thread Group 3 - Custom 3-12,text,true,,8705,131,20,20,https://messenger-fe-eight.vercel.app/,168,0,0
1768805189242,293,GET Home,200,OK,Thread Group 3 - Custom 3-5,text,true,,8705,131,20,20,https://messenger-fe-eight.vercel.app/,199,0,0
1768805189302,233,GET Login,200,OK,Thread Group 3 - Custom 3-4,text,true,,12444,136,20,20,https://messenger-fe-eight.vercel.app/login,138,0,0
1768805189331,204,GET Home,200,OK,Thread Group 3 - Custom 3-19,text,true,,8705,131,20,20,https://messenger-fe-eight.vercel.app/,143,0,0
1768805189255,280,GET Login,200,OK,Thread Group 3 - Custom 3-7,text,true,,12444,136,20,20,https://messenger-fe-eight.vercel.app/login,174,0,0
1768805189288,247,GET Home,200,OK,Thread Group 3 - Custom 3-17,text,true,,8705,131,20,20,https://messenger-fe-eight.vercel.app/,168,0,0
1768805189331,204,GET Home,200,OK,Thread Group 3 - Custom 3-2,text,true,,8705,131,20,20,https://messenger-fe-eight.vercel.app/,166,0,0
1768805189306,262,GET Login,200,OK,Thread Group 3 - Custom 3-9,text,true,,12444,136,20,20,https://messenger-fe-eight.vercel.app/login,134,0,0
1768805189289,281,GET Login,200,OK,Thread Group 3 - Custom 3-11,text,true,,12444,136,20,20,https://messenger-fe-eight.vercel.app/login,167,0,0
1768805189331,240,GET Home,200,OK,Thread Group 3 - Custom 3-20,text,true,,8705,131,20,20,https://messenger-fe-eight.vercel.app/,170,0,0
1768805189331,264,GET Home,200,OK,Thread Group 3 - Custom 3-3,text,true,,8705,131,20,20,https://messenger-fe-eight.vercel.app/,169,0,0
1768805189347,265,GET Home,200,OK,Thread Group 3 - Custom 3-15,text,true,,8705,131,20,20,https://messenger-fe-eight.vercel.app/,188,0,0
1768805189363,250,GET Login,200,OK,Thread Group 3 - Custom 3-6,text,true,,12444,136,20,20,https://messenger-fe-eight.vercel.app/login,172,0,0
1768805189331,293,GET Login,200,OK,Thread Group 3 - Custom 3-13,text,true,,12444,136,20,20,https://messenger-fe-eight.vercel.app/login,169,0,0
1768805189403,259,GET Home,200,OK,Thread Group 3 - Custom 3-16,text,true,,8705,131,20,20,https://messenger-fe-eight.vercel.app/,177,0,0
1768805189418,272,GET Home,200,OK,Thread Group 3 - Custom 3-14,text,true,,8705,131,20,20,https://messenger-fe-eight.vercel.app/,194,0,0
1768805189462,260,GET Login,200,OK,Thread Group 3 - Custom 3-10,text,true,,12444,136,20,20,https://messenger-fe-eight.vercel.app/login,179,0,0
1768805189535,201,GET Home,200,OK,Thread Group 3 - Custom 3-4,text,true,,8705,131,20,20,https://messenger-fe-eight.vercel.app/,135,0,0
1768805189569,206,GET Home,200,OK,Thread Group 3 - Custom 3-9,text,true,,8705,131,20,20,https://messenger-fe-eight.vercel.app/,153,0,0
1768805189571,219,GET Home,200,OK,Thread Group 3 - Custom 3-11,text,true,,8705,131,20,20,https://messenger-fe-eight.vercel.app/,151,0,0
1768805189535,265,GET Home,200,OK,Thread Group 3 - Custom 3-7,text,true,,8705,131,20,20,https://messenger-fe-eight.vercel.app/,202,0,0
1768805189504,297,GET Login,200,OK,Thread Group 3 - Custom 3-8,text,true,,12444,136,20,20,https://messenger-fe-eight.vercel.app/login,166,0,0
1768805189535,270,GET Login,200,OK,Thread Group 3 - Custom 3-2,text,true,,12444,136,20,20,https://messenger-fe-eight.vercel.app/login,186,0,0
1768805189535,270,GET Login,200,OK,Thread Group 3 - Custom 3-19,text,true,,12444,136,20,20,https://messenger-fe-eight.vercel.app/login,187,0,0
1768805189535,318,GET Login,200,OK,Thread Group 3 - Custom 3-1,text,true,,12444,136,20,20,https://messenger-fe-eight.vercel.app/login,187,0,0
1768805189535,319,GET Login,200,OK,Thread Group 3 - Custom 3-17,text,true,,12444,136,20,20,https://messenger-fe-eight.vercel.app/login,202,0,0
1768805189535,319,GET Login,200,OK,Thread Group 3 - Custom 3-12,text,true,,12444,136,20,20,https://messenger-fe-eight.vercel.app/login,202,0,0
1768805189625,230,GET Home,200,OK,Thread Group 3 - Custom 3-13,text,true,,8705,131,20,20,https://messenger-fe-eight.vercel.app/,155,0,0
1768805189571,284,GET Login,200,OK,Thread Group 3 - Custom 3-20,text,true,,12444,136,20,20,https://messenger-fe-eight.vercel.app/login,166,0,0
1768805189613,258,GET Home,200,OK,Thread Group 3 - Custom 3-6,text,true,,8705,131,20,20,https://messenger-fe-eight.vercel.app/,162,0,0
1768805189535,337,GET Login,200,OK,Thread Group 3 - Custom 3-5,text,true,,12444,136,20,20,https://messenger-fe-eight.vercel.app/login,202,0,0
1768805189595,303,GET Login,200,OK,Thread Group 3 - Custom 3-3,text,true,,12444,136,20,20,https://messenger-fe-eight.vercel.app/login,164,0,0
1768805189722,183,GET Home,200,OK,Thread Group 3 - Custom 3-10,text,true,,8705,131,20,20,https://messenger-fe-eight.vercel.app/,149,0,0
1768805189613,335,GET Login,200,OK,Thread Group 3 - Custom 3-15,text,true,,12444,136,20,20,https://messenger-fe-eight.vercel.app/login,177,0,0
1768805189662,317,GET Login,200,OK,Thread Group 3 - Custom 3-16,text,true,,12444,136,20,20,https://messenger-fe-eight.vercel.app/login,157,0,0
1768805189736,275,GET Login,200,OK,Thread Group 3 - Custom 3-4,text,true,,12444,136,20,20,https://messenger-fe-eight.vercel.app/login,162,0,0
1768805189690,326,GET Login,200,OK,Thread Group 3 - Custom 3-14,text,true,,12444,136,20,20,https://messenger-fe-eight.vercel.app/login,165,0,0
1768805189805,212,GET Home,200,OK,Thread Group 3 - Custom 3-2,text,true,,8705,131,20,20,https://messenger-fe-eight.vercel.app/,163,0,0
1768805189805,212,GET Home,200,OK,Thread Group 3 - Custom 3-19,text,true,,8705,131,20,20,https://messenger-fe-eight.vercel.app/,163,0,0
1768805189775,249,GET Login,200,OK,Thread Group 3 - Custom 3-9,text,true,,12444,136,20,20,https://messenger-fe-eight.vercel.app/login,173,0,0
1768805189801,226,GET Home,200,OK,Thread Group 3 - Custom 3-8,text,true,,8705,131,20,20,https://messenger-fe-eight.vercel.app/,183,0,0
1768805189801,262,GET Login,200,OK,Thread Group 3 - Custom 3-7,text,true,,12444,136,20,20,https://messenger-fe-eight.vercel.app/login,167,0,0
1768805189790,281,GET Login,200,OK,Thread Group 3 - Custom 3-11,text,true,,12444,136,20,20,https://messenger-fe-eight.vercel.app/login,194,0,0
1768805189855,253,GET Home,200,OK,Thread Group 3 - Custom 3-17,text,true,,8705,131,20,20,https://messenger-fe-eight.vercel.app/,169,0,0
1768805189872,236,GET Home,200,OK,Thread Group 3 - Custom 3-5,text,true,,8705,131,20,20,https://messenger-fe-eight.vercel.app/,155,0,0
1768805189855,253,GET Home,200,OK,Thread Group 3 - Custom 3-20,text,true,,8705,131,20,20,https://messenger-fe-eight.vercel.app/,172,0,0
1768805189855,253,GET Home,200,OK,Thread Group 3 - Custom 3-12,text,true,,8705,131,20,20,https://messenger-fe-eight.vercel.app/,169,0,0
1768805189853,255,GET Home,200,OK,Thread Group 3 - Custom 3-1,text,true,,8705,131,20,20,https://messenger-fe-eight.vercel.app/,171,0,0
1768805189872,245,GET Login,200,OK,Thread Group 3 - Custom 3-6,text,true,,12444,136,20,20,https://messenger-fe-eight.vercel.app/login,152,0,0
1768805189905,220,GET Login,200,OK,Thread Group 3 - Custom 3-10,text,true,,12444,136,20,20,https://messenger-fe-eight.vercel.app/login,147,0,0
1768805189898,267,GET Home,200,OK,Thread Group 3 - Custom 3-3,text,true,,8705,131,20,20,https://messenger-fe-eight.vercel.app/,173,0,0
1768805189043,1122,GET Login,200,OK,Thread Group 3 - Custom 3-18,text,true,,12444,136,20,20,https://messenger-fe-eight.vercel.app/login,386,0,0
1768805189855,310,GET Login,200,OK,Thread Group 3 - Custom 3-13,text,true,,12444,136,20,20,https://messenger-fe-eight.vercel.app/login,169,0,0
1768805190015,214,GET Home,200,OK,Thread Group 3 - Custom 3-4,text,true,,8705,131,20,20,https://messenger-fe-eight.vercel.app/,150,0,0
1768805190024,205,GET Home,200,OK,Thread Group 3 - Custom 3-9,text,true,,8705,131,20,20,https://messenger-fe-eight.vercel.app/,141,0,0
1768805189949,280,GET Home,200,OK,Thread Group 3 - Custom 3-15,text,true,,8705,131,20,20,https://messenger-fe-eight.vercel.app/,216,0,0
1768805189979,307,GET Home,200,OK,Thread Group 3 - Custom 3-16,text,true,,8705,131,20,20,https://messenger-fe-eight.vercel.app/,186,0,0
1768805190064,223,GET Home,200,OK,Thread Group 3 - Custom 3-7,text,true,,8705,131,20,20,https://messenger-fe-eight.vercel.app/,165,0,0
1768805190017,274,GET Home,200,OK,Thread Group 3 - Custom 3-14,text,true,,8705,131,20,20,https://messenger-fe-eight.vercel.app/,211,0,0
1768805190017,274,GET Login,200,OK,Thread Group 3 - Custom 3-19,text,true,,12444,136,20,20,https://messenger-fe-eight.vercel.app/login,148,0,0
1768805190017,274,GET Login,200,OK,Thread Group 3 - Custom 3-2,text,true,,12444,136,20,20,https://messenger-fe-eight.vercel.app/login,148,0,0
1768805190071,231,GET Home,200,OK,Thread Group 3 - Custom 3-11,text,true,,8705,131,20,20,https://messenger-fe-eight.vercel.app/,158,0,0
1768805190117,217,GET Home,200,OK,Thread Group 3 - Custom 3-6,text,true,,8705,131,20,20,https://messenger-fe-eight.vercel.app/,170,0,0
1768805190027,327,GET Login,200,OK,Thread Group 3 - Custom 3-8,text,true,,12444,136,20,20,https://messenger-fe-eight.vercel.app/login,202,0,0
1768805190125,249,GET Home,200,OK,Thread Group 3 - Custom 3-10,text,true,,8705,131,20,20,https://messenger-fe-eight.vercel.app/,201,0,0
1768805190112,278,GET Login,200,OK,Thread Group 3 - Custom 3-17,text,true,,12444,136,20,20,https://messenger-fe-eight.vercel.app/login,175,0,0
1768805190112,278,GET Login,200,OK,Thread Group 3 - Custom 3-1,text,true,,12444,136,20,20,https://messenger-fe-eight.vercel.app/login,175,0,0
1768805190112,278,GET Login,200,OK,Thread Group 3 - Custom 3-20,text,true,,12444,136,20,20,https://messenger-fe-eight.vercel.app/login,175,0,0
1768805190112,278,GET Login,200,OK,Thread Group 3 - Custom 3-12,text,true,,12444,136,20,20,https://messenger-fe-eight.vercel.app/login,175,0,0
1768805190112,296,GET Login,200,OK,Thread Group 3 - Custom 3-5,text,true,,12444,136,20,20,https://messenger-fe-eight.vercel.app/login,175,0,0
1768805190229,235,GET Login,200,OK,Thread Group 3 - Custom 3-4,text,true,,12444,136,20,20,https://messenger-fe-eight.vercel.app/login,156,0,0
1768805190165,332,GET Home,200,OK,Thread Group 3 - Custom 3-13,text,true,,8705,131,20,20,https://messenger-fe-eight.vercel.app/,169,0,0
1768805190165,332,GET Login,200,OK,Thread Group 3 - Custom 3-3,text,true,,12444,136,20,20,https://messenger-fe-eight.vercel.app/login,189,0,0
1768805190229,271,GET Login,200,OK,Thread Group 3 - Custom 3-9,text,true,,12444,136,20,20,https://messenger-fe-eight.vercel.app/login,161,0,0
1768805190229,340,GET Login,200,OK,Thread Group 3 - Custom 3-15,text,true,,12444,136,20,20,https://messenger-fe-eight.vercel.app/login,166,0,0
1768805190355,253,GET Home,200,OK,Thread Group 3 - Custom 3-8,text,true,,8705,131,20,20,https://messenger-fe-eight.vercel.app/,213,0,0
1768805190390,228,GET Home,200,OK,Thread Group 3 - Custom 3-20,text,true,,8705,131,20,20,https://messenger-fe-eight.vercel.app/,179,0,0
1768805190291,337,GET Home,200,OK,Thread Group 3 - Custom 3-19,text,true,,8705,131,20,20,https://messenger-fe-eight.vercel.app/,235,0,0
1768805190390,238,GET Home,200,OK,Thread Group 3 - Custom 3-12,text,true,,8705,131,20,20,https://messenger-fe-eight.vercel.app/,178,0,0
1768805190291,337,GET Home,200,OK,Thread Group 3 - Custom 3-2,text,true,,8705,131,20,20,https://messenger-fe-eight.vercel.app/,235,0,0
1768805190390,238,GET Home,200,OK,Thread Group 3 - Custom 3-1,text,true,,8705,131,20,20,https://messenger-fe-eight.vercel.app/,178,0,0
1768805190390,238,GET Home,200,OK,Thread Group 3 - Custom 3-17,text,true,,8705,131,20,20,https://messenger-fe-eight.vercel.app/,178,0,0
1768805190287,341,GET Login,200,OK,Thread Group 3 - Custom 3-7,text,true,,12444,136,20,20,https://messenger-fe-eight.vercel.app/login,229,0,0
1768805190374,255,GET Login,200,OK,Thread Group 3 - Custom 3-10,text,true,,12444,136,20,20,https://messenger-fe-eight.vercel.app/login,194,0,0
1768805190334,295,GET Login,200,OK,Thread Group 3 - Custom 3-6,text,true,,12444,136,20,20,https://messenger-fe-eight.vercel.app/login,221,0,0
1768805190409,226,GET Home,200,OK,Thread Group 3 - Custom 3-5,text,true,,8705,131,20,20,https://messenger-fe-eight.vercel.app/,160,0,0
1768805190302,339,GET Login,200,OK,Thread Group 3 - Custom 3-11,text,true,,12444,136,20,20,https://messenger-fe-eight.vercel.app/login,266,0,0
1768805190287,364,GET Login,200,OK,Thread Group 3 - Custom 3-16,text,true,,12444,136,20,20,https://messenger-fe-eight.vercel.app/login,239,0,0
1768805190291,397,GET Login,200,OK,Thread Group 3 - Custom 3-14,text,true,,12444,136,20,20,https://messenger-fe-eight.vercel.app/login,278,0,0
1768805190500,221,GET Home,200,OK,Thread Group 3 - Custom 3-9,text,true,,8705,131,20,20,https://messenger-fe-eight.vercel.app/,157,0,0
1768805190465,301,GET Home,200,OK,Thread Group 3 - Custom 3-4,text,true,,8705,131,20,20,https://messenger-fe-eight.vercel.app/,186,0,0
1768805190497,270,GET Home,200,OK,Thread Group 3 - Custom 3-3,text,true,,8705,131,20,20,https://messenger-fe-eight.vercel.app/,180,0,0
1768805190497,308,GET Login,200,OK,Thread Group 3 - Custom 3-13,text,true,,12444,136,20,20,https://messenger-fe-eight.vercel.app/login,180,0,0
1768805190569,244,GET Home,200,OK,Thread Group 3 - Custom 3-15,text,true,,8705,131,20,20,https://messenger-fe-eight.vercel.app/,169,0,0
1768805190165,664,GET Home,200,OK,Thread Group 3 - Custom 3-18,text,true,,8705,131,20,20,https://messenger-fe-eight.vercel.app/,361,0,0
1768805190629,223,GET Home,200,OK,Thread Group 3 - Custom 3-6,text,true,,8705,131,20,20,https://messenger-fe-eight.vercel.app/,176,0,0
1768805190628,225,GET Home,200,OK,Thread Group 3 - Custom 3-7,text,true,,8705,131,20,20,https://messenger-fe-eight.vercel.app/,180,0,0
1768805190628,258,GET Login,200,OK,Thread Group 3 - Custom 3-2,text,true,,12444,136,20,20,https://messenger-fe-eight.vercel.app/login,177,0,0
1768805190628,281,GET Login,200,OK,Thread Group 3 - Custom 3-17,text,true,,12444,136,20,20,https://messenger-fe-eight.vercel.app/login,180,0,0
1768805190641,271,GET Home,200,OK,Thread Group 3 - Custom 3-11,text,true,,8705,131,20,20,https://messenger-fe-eight.vercel.app/,164,0,0
1768805190629,283,GET Home,200,OK,Thread Group 3 - Custom 3-10,text,true,,8705,131,20,20,https://messenger-fe-eight.vercel.app/,176,0,0
1768805190651,261,GET Home,200,OK,Thread Group 3 - Custom 3-16,text,true,,8705,131,20,20,https://messenger-fe-eight.vercel.app/,157,0,0
1768805190628,284,GET Login,200,OK,Thread Group 3 - Custom 3-19,text,true,,12444,136,20,20,https://messenger-fe-eight.vercel.app/login,177,0,0
1768805190608,304,GET Login,200,OK,Thread Group 3 - Custom 3-8,text,true,,12444,136,20,20,https://messenger-fe-eight.vercel.app/login,197,0,0
1768805190628,284,GET Login,200,OK,Thread Group 3 - Custom 3-12,text,true,,12444,136,20,20,https://messenger-fe-eight.vercel.app/login,177,0,0
1768805190628,284,GET Login,200,OK,Thread Group 3 - Custom 3-1,text,true,,12444,136,20,20,https://messenger-fe-eight.vercel.app/login,180,0,0
1768805190619,293,GET Login,200,OK,Thread Group 3 - Custom 3-20,text,true,,12444,136,20,20,https://messenger-fe-eight.vercel.app/login,189,0,0
1768805190688,226,GET Home,200,OK,Thread Group 3 - Custom 3-14,text,true,,8705,131,20,20,https://messenger-fe-eight.vercel.app/,165,0,0
1768805190635,293,GET Login,200,OK,Thread Group 3 - Custom 3-5,text,true,,12444,136,20,20,https://messenger-fe-eight.vercel.app/login,173,0,0
1768805190721,246,GET Login,200,OK,Thread Group 3 - Custom 3-9,text,true,,12444,136,20,20,https://messenger-fe-eight.vercel.app/login,165,0,0
1768805190805,219,GET Home,200,OK,Thread Group 3 - Custom 3-13,text,true,,8705,131,20,20,https://messenger-fe-eight.vercel.app/,150,0,0
1768805190766,270,GET Login,200,OK,Thread Group 3 - Custom 3-4,text,true,,12444,136,20,20,https://messenger-fe-eight.vercel.app/login,175,0,0
1768805190813,287,GET Login,200,OK,Thread Group 3 - Custom 3-15,text,true,,12444,136,20,20,https://messenger-fe-eight.vercel.app/login,154,0,0
1768805190767,333,GET Login,200,OK,Thread Group 3 - Custom 3-3,text,true,,12444,136,20,20,https://messenger-fe-eight.vercel.app/login,188,0,0
1768805190886,253,GET Home,200,OK,Thread Group 3 - Custom 3-2,text,true,,8705,131,20,20,https://messenger-fe-eight.vercel.app/,150,0,0
1768805190913,228,GET Home,200,OK,Thread Group 3 - Custom 3-19,text,true,,8705,131,20,20,https://messenger-fe-eight.vercel.app/,163,0,0
1768805190913,228,GET Home,200,OK,Thread Group 3 - Custom 3-20,text,true,,8705,131,20,20,https://messenger-fe-eight.vercel.app/,163,0,0
1768805190913,228,GET Home,200,OK,Thread Group 3 - Custom 3-12,text,true,,8705,131,20,20,https://messenger-fe-eight.vercel.app/,176,0,0
1768805190853,288,GET Login,200,OK,Thread Group 3 - Custom 3-6,text,true,,12444,136,20,20,https://messenger-fe-eight.vercel.app/login,183,0,0
1768805190854,287,GET Login,200,OK,Thread Group 3 - Custom 3-7,text,true,,12444,136,20,20,https://messenger-fe-eight.vercel.app/login,182,0,0
1768805190912,229,GET Home,200,OK,Thread Group 3 - Custom 3-17,text,true,,8705,131,20,20,https://messenger-fe-eight.vercel.app/,177,0,0
1768805190912,229,GET Login,200,OK,Thread Group 3 - Custom 3-10,text,true,,12444,136,20,20,https://messenger-fe-eight.vercel.app/login,163,0,0
1768805190913,228,GET Home,200,OK,Thread Group 3 - Custom 3-8,text,true,,8705,131,20,20,https://messenger-fe-eight.vercel.app/,176,0,0
1768805190913,228,GET Home,200,OK,Thread Group 3 - Custom 3-1,text,true,,8705,131,20,20,https://messenger-fe-eight.vercel.app/,163,0,0
1768805190928,213,GET Home,200,OK,Thread Group 3 - Custom 3-5,text,true,,8705,131,20,20,https://messenger-fe-eight.vercel.app/,161,0,0
1768805190968,230,GET Home,200,OK,Thread Group 3 - Custom 3-9,text,true,,8705,131,20,20,https://messenger-fe-eight.vercel.app/,149,0,0
1768805190912,286,GET Login,200,OK,Thread Group 3 - Custom 3-11,text,true,,12444,136,20,20,https://messenger-fe-eight.vercel.app/login,177,0,0
1768805190912,286,GET Login,200,OK,Thread Group 3 - Custom 3-16,text,true,,12444,136,20,20,https://messenger-fe-eight.vercel.app/login,177,0,0
1768805190914,299,GET Login,200,OK,Thread Group 3 - Custom 3-14,text,true,,12444,136,20,20,https://messenger-fe-eight.vercel.app/login,175,0,0
1768805191036,187,GET Home,200,OK,Thread Group 3 - Custom 3-4,text,true,,8705,131,20,20,https://messenger-fe-eight.vercel.app/,162,0,0
1768805191024,281,GET Login,200,OK,Thread Group 3 - Custom 3-13,text,true,,12444,136,20,20,https://messenger-fe-eight.vercel.app/login,174,0,0
1768805191141,202,GET Home,200,OK,Thread Group 3 - Custom 3-10,text,true,,8705,131,20,20,https://messenger-fe-eight.vercel.app/,164,0,0
1768805191100,279,GET Home,200,OK,Thread Group 3 - Custom 3-15,text,true,,8705,131,20,20,https://messenger-fe-eight.vercel.app/,205,0,0
1768805191100,280,GET Home,200,OK,Thread Group 3 - Custom 3-3,text,true,,8705,131,20,20,https://messenger-fe-eight.vercel.app/,205,0,0
1768805191141,241,GET Home,200,OK,Thread Group 3 - Custom 3-6,text,true,,8705,131,20,20,https://messenger-fe-eight.vercel.app/,165,0,0
1768805191141,276,GET Login,200,OK,Thread Group 3 - Custom 3-17,text,true,,12444,136,20,20,https://messenger-fe-eight.vercel.app/login,164,0,0
1768805191141,276,GET Login,200,OK,Thread Group 3 - Custom 3-19,text,true,,12444,136,20,20,https://messenger-fe-eight.vercel.app/login,164,0,0
1768805191198,219,GET Home,200,OK,Thread Group 3 - Custom 3-11,text,true,,8705,131,20,20,https://messenger-fe-eight.vercel.app/,151,0,0
1768805191141,276,GET Login,200,OK,Thread Group 3 - Custom 3-5,text,true,,12444,136,20,20,https://messenger-fe-eight.vercel.app/login,165,0,0
1768805191141,276,GET Login,200,OK,Thread Group 3 - Custom 3-12,text,true,,12444,136,20,20,https://messenger-fe-eight.vercel.app/login,164,0,0
1768805191141,276,GET Login,200,OK,Thread Group 3 - Custom 3-20,text,true,,12444,136,20,20,https://messenger-fe-eight.vercel.app/login,164,0,0
1768805191140,277,GET Login,200,OK,Thread Group 3 - Custom 3-2,text,true,,12444,136,20,20,https://messenger-fe-eight.vercel.app/login,141,0,0
1768805191141,276,GET Login,200,OK,Thread Group 3 - Custom 3-8,text,true,,12444,136,20,20,https://messenger-fe-eight.vercel.app/login,164,0,0
1768805191141,276,GET Home,200,OK,Thread Group 3 - Custom 3-7,text,true,,8705,131,20,20,https://messenger-fe-eight.vercel.app/,164,0,0
1768805191198,221,GET Home,200,OK,Thread Group 3 - Custom 3-16,text,true,,8705,131,20,20,https://messenger-fe-eight.vercel.app/,181,0,0
1768805191141,303,GET Login,200,OK,Thread Group 3 - Custom 3-1,text,true,,12444,136,20,20,https://messenger-fe-eight.vercel.app/login,164,0,0
1768805191198,246,GET Login,200,OK,Thread Group 3 - Custom 3-9,text,true,,12444,136,20,20,https://messenger-fe-eight.vercel.app/login,151,0,0
1768805191223,252,GET Login,200,OK,Thread Group 3 - Custom 3-4,text,true,,12444,136,20,20,https://messenger-fe-eight.vercel.app/login,193,0,0
1768805191213,262,GET Home,200,OK,Thread Group 3 - Custom 3-14,text,true,,8705,131,20,20,https://messenger-fe-eight.vercel.app/,204,0,0
1768805191305,248,GET Home,200,OK,Thread Group 3 - Custom 3-13,text,true,,8705,131,20,20,https://messenger-fe-eight.vercel.app/,192,0,0
1768805191343,219,GET Login,200,OK,Thread Group 3 - Custom 3-10,text,true,,12444,136,20,20,https://messenger-fe-eight.vercel.app/login,132,0,0
1768805190830,755,GET Login,200,OK,Thread Group 3 - Custom 3-18,text,true,,12444,136,20,20,https://messenger-fe-eight.vercel.app/login,368,0,0
1768805191417,211,GET Home,200,OK,Thread Group 3 - Custom 3-19,text,true,,8705,131,20,20,https://messenger-fe-eight.vercel.app/,168,0,0
1768805191417,219,GET Home,200,OK,Thread Group 3 - Custom 3-20,text,true,,8705,131,20,20,https://messenger-fe-eight.vercel.app/,168,0,0
1768805191417,219,GET Home,200,OK,Thread Group 3 - Custom 3-12,text,true,,8705,131,20,20,https://messenger-fe-eight.vercel.app/,168,0,0
1768805191417,219,GET Home,200,OK,Thread Group 3 - Custom 3-5,text,true,,8705,131,20,20,https://messenger-fe-eight.vercel.app/,168,0,0
1768805191417,228,GET Home,200,OK,Thread Group 3 - Custom 3-8,text,true,,8705,131,20,20,https://messenger-fe-eight.vercel.app/,168,0,0
1768805191417,228,GET Home,200,OK,Thread Group 3 - Custom 3-17,text,true,,8705,131,20,20,https://messenger-fe-eight.vercel.app/,187,0,0
1768805191444,206,GET Home,200,OK,Thread Group 3 - Custom 3-9,text,true,,8705,131,20,20,https://messenger-fe-eight.vercel.app/,161,0,0
1768805191417,270,GET Home,200,OK,Thread Group 3 - Custom 3-2,text,true,,8705,131,20,20,https://messenger-fe-eight.vercel.app/,168,0,0
1768805191417,270,GET Login,200,OK,Thread Group 3 - Custom 3-7,text,true,,12444,136,20,20,https://messenger-fe-eight.vercel.app/login,167,0,0
1768805191444,243,GET Home,200,OK,Thread Group 3 - Custom 3-1,text,true,,8705,131,20,20,https://messenger-fe-eight.vercel.app/,161,0,0
1768805191475,213,GET Home,200,OK,Thread Group 3 - Custom 3-4,text,true,,8705,131,20,20,https://messenger-fe-eight.vercel.app/,141,0,0
1768805191417,271,GET Login,200,OK,Thread Group 3 - Custom 3-11,text,true,,12444,136,20,20,https://messenger-fe-eight.vercel.app/login,167,0,0
1768805191380,313,GET Login,200,OK,Thread Group 3 - Custom 3-15,text,true,,12444,136,20,20,https://messenger-fe-eight.vercel.app/login,205,0,0
1768805191380,328,GET Login,200,OK,Thread Group 3 - Custom 3-3,text,true,,12444,136,20,20,https://messenger-fe-eight.vercel.app/login,204,0,0
1768805191419,327,GET Login,200,OK,Thread Group 3 - Custom 3-16,text,true,,12444,136,20,20,https://messenger-fe-eight.vercel.app/login,197,0,0
1768805191475,288,GET Login,200,OK,Thread Group 3 - Custom 3-14,text,true,,12444,136,20,20,https://messenger-fe-eight.vercel.app/login,153,0,0
1768805191562,225,GET Home,200,OK,Thread Group 3 - Custom 3-10,text,true,,8705,131,20,20,https://messenger-fe-eight.vercel.app/,185,0,0
1768805191382,407,GET Login,200,OK,Thread Group 3 - Custom 3-6,text,true,,12444,136,20,20,https://messenger-fe-eight.vercel.app/login,202,0,0
1768805191553,257,GET Login,200,OK,Thread Group 3 - Custom 3-13,text,true,,12444,136,20,20,https://messenger-fe-eight.vercel.app/login,140,0,0
1768805191650,239,GET Login,200,OK,Thread Group 3 - Custom 3-9,text,true,,12444,136,20,20,https://messenger-fe-eight.vercel.app/login,142,0,0
1768805191628,262,GET Login,200,OK,Thread Group 3 - Custom 3-19,text,true,,12444,136,20,20,https://messenger-fe-eight.vercel.app/login,164,0,0
1768805191636,277,GET Login,200,OK,Thread Group 3 - Custom 3-20,text,true,,12444,136,20,20,https://messenger-fe-eight.vercel.app/login,156,0,0
1768805191645,268,GET Login,200,OK,Thread Group 3 - Custom 3-17,text,true,,12444,136,20,20,https://messenger-fe-eight.vercel.app/login,147,0,0
1768805191645,268,GET Login,200,OK,Thread Group 3 - Custom 3-8,text,true,,12444,136,20,20,https://messenger-fe-eight.vercel.app/login,147,0,0
1768805191637,283,GET Login,200,OK,Thread Group 3 - Custom 3-5,text,true,,12444,136,20,20,https://messenger-fe-eight.vercel.app/login,173,0,0
1768805191636,293,GET Login,200,OK,Thread Group 3 - Custom 3-12,text,true,,12444,136,20,20,https://messenger-fe-eight.vercel.app/login,180,0,0
1768805191693,275,GET Home,200,OK,Thread Group 3 - Custom 3-15,text,true,,8705,131,20,20,https://messenger-fe-eight.vercel.app/,196,0,0
1768805191688,280,GET Home,200,OK,Thread Group 3 - Custom 3-11,text,true,,8705,131,20,20,https://messenger-fe-eight.vercel.app/,197,0,0
1768805191687,281,GET Home,200,OK,Thread Group 3 - Custom 3-7,text,true,,8705,131,20,20,https://messenger-fe-eight.vercel.app/,198,0,0
1768805191688,280,GET Login,200,OK,Thread Group 3 - Custom 3-4,text,true,,12444,136,20,20,https://messenger-fe-eight.vercel.app/login,197,0,0
1768805191746,308,GET Home,200,OK,Thread Group 3 - Custom 3-16,text,true,,8705,131,20,20,https://messenger-fe-eight.vercel.app/,167,0,0
1768805191708,346,GET Home,200,OK,Thread Group 3 - Custom 3-3,text,true,,8705,131,20,20,https://messenger-fe-eight.vercel.app/,201,0,0
1768805191763,292,GET Home,200,OK,Thread Group 3 - Custom 3-14,text,true,,8705,131,20,20,https://messenger-fe-eight.vercel.app/,157,0,0
1768805191687,368,GET Login,200,OK,Thread Group 3 - Custom 3-1,text,true,,12444,136,20,20,https://messenger-fe-eight.vercel.app/login,202,0,0
1768805191792,265,GET Home,200,OK,Thread Group 3 - Custom 3-6,text,true,,8705,131,20,20,https://messenger-fe-eight.vercel.app/,155,0,0
1768805191788,270,GET Login,200,OK,Thread Group 3 - Custom 3-10,text,true,,12444,136,20,20,https://messenger-fe-eight.vercel.app/login,141,0,0
1768805191687,372,GET Login,200,OK,Thread Group 3 - Custom 3-2,text,true,,12444,136,20,20,https://messenger-fe-eight.vercel.app/login,226,0,0
1768805191811,248,GET Home,200,OK,Thread Group 3 - Custom 3-13,text,true,,8705,131,20,20,https://messenger-fe-eight.vercel.app/,244,0,0
1768805191585,486,GET Home,200,OK,Thread Group 3 - Custom 3-18,text,true,,8705,131,20,20,https://messenger-fe-eight.vercel.app/,300,0,0
1768805191889,237,GET Home,200,OK,Thread Group 3 - Custom 3-9,text,true,,8705,131,20,20,https://messenger-fe-eight.vercel.app/,170,0,0
1768805191913,214,GET Home,200,OK,Thread Group 3 - Custom 3-17,text,true,,8705,131,20,20,https://messenger-fe-eight.vercel.app/,158,0,0
1768805191930,197,GET Home,200,OK,Thread Group 3 - Custom 3-12,text,true,,8705,131,20,20,https://messenger-fe-eight.vercel.app/,140,0,0
1768805191913,214,GET Home,200,OK,Thread Group 3 - Custom 3-20,text,true,,8705,131,20,20,https://messenger-fe-eight.vercel.app/,157,0,0
1768805191920,220,GET Home,200,OK,Thread Group 3 - Custom 3-5,text,true,,8705,131,20,20,https://messenger-fe-eight.vercel.app/,165,0,0
1768805191891,286,GET Home,200,OK,Thread Group 3 - Custom 3-19,text,true,,8705,131,20,20,https://messenger-fe-eight.vercel.app/,195,0,0
1768805191913,264,GET Home,200,OK,Thread Group 3 - Custom 3-8,text,true,,8705,131,20,20,https://messenger-fe-eight.vercel.app/,157,0,0
1768805191968,270,GET Home,200,OK,Thread Group 3 - Custom 3-4,text,true,,8705,131,20,20,https://messenger-fe-eight.vercel.app/,218,0,0
1768805192058,200,GET Home,200,OK,Thread Group 3 - Custom 3-10,text,true,,8705,131,20,20,https://messenger-fe-eight.vercel.app/,161,0,0
1768805191968,345,GET Login,200,OK,Thread Group 3 - Custom 3-7,text,true,,12444,136,20,20,https://messenger-fe-eight.vercel.app/login,219,0,0
1768805192059,254,GET Home,200,OK,Thread Group 3 - Custom 3-2,text,true,,8705,131,20,20,https://messenger-fe-eight.vercel.app/,160,0,0
1768805192057,263,GET Login,200,OK,Thread Group 3 - Custom 3-6,text,true,,12444,136,20,20,https://messenger-fe-eight.vercel.app/login,162,0,0
1768805191968,352,GET Login,200,OK,Thread Group 3 - Custom 3-11,text,true,,12444,136,20,20,https://messenger-fe-eight.vercel.app/login,219,0,0
1768805192055,265,GET Home,200,OK,Thread Group 3 - Custom 3-1,text,true,,8705,131,20,20,https://messenger-fe-eight.vercel.app/,164,0,0
1768805192059,267,GET Login,200,OK,Thread Group 3 - Custom 3-13,text,true,,12444,136,20,20,https://messenger-fe-eight.vercel.app/login,160,0,0
1768805191968,391,GET Login,200,OK,Thread Group 3 - Custom 3-15,text,true,,12444,136,20,20,https://messenger-fe-eight.vercel.app/login,251,0,0
1768805192055,311,GET Login,200,OK,Thread Group 3 - Custom 3-14,text,true,,12444,136,20,20,https://messenger-fe-eight.vercel.app/login,164,0,0
1768805192055,311,GET Login,200,OK,Thread Group 3 - Custom 3-3,text,true,,12444,136,20,20,https://messenger-fe-eight.vercel.app/login,164,0,0
1768805192127,268,GET Login,200,OK,Thread Group 3 - Custom 3-17,text,true,,12444,136,20,20,https://messenger-fe-eight.vercel.app/login,147,0,0
1768805192127,268,GET Login,200,OK,Thread Group 3 - Custom 3-12,text,true,,12444,136,20,20,https://messenger-fe-eight.vercel.app/login,147,0,0
1768805192127,269,GET Login,200,OK,Thread Group 3 - Custom 3-20,text,true,,12444,136,20,20,https://messenger-fe-eight.vercel.app/login,147,0,0
1768805192126,270,GET Login,200,OK,Thread Group 3 - Custom 3-9,text,true,,12444,136,20,20,https://messenger-fe-eight.vercel.app/login,148,0,0
1768805192140,315,GET Login,200,OK,Thread Group 3 - Custom 3-5,text,true,,12444,136,20,20,https://messenger-fe-eight.vercel.app/login,176,0,0
1768805192178,301,GET Login,200,OK,Thread Group 3 - Custom 3-19,text,true,,12444,136,20,20,https://messenger-fe-eight.vercel.app/login,188,0,0
1768805192178,301,GET Login,200,OK,Thread Group 3 - Custom 3-8,text,true,,12444,136,20,20,https://messenger-fe-eight.vercel.app/login,188,0,0
1768805192239,249,GET Login,200,OK,Thread Group 3 - Custom 3-4,text,true,,12444,136,20,20,https://messenger-fe-eight.vercel.app/login,157,0,0
1768805192054,459,GET Login,200,OK,Thread Group 3 - Custom 3-16,text,true,,12444,136,20,20,https://messenger-fe-eight.vercel.app/login,165,0,0
1768805192313,249,GET Home,200,OK,Thread Group 3 - Custom 3-7,text,true,,8705,131,20,20,https://messenger-fe-eight.vercel.app/,200,0,0
1768805192320,242,GET Home,200,OK,Thread Group 3 - Custom 3-6,text,true,,8705,131,20,20,https://messenger-fe-eight.vercel.app/,193,0,0
1768805192328,243,GET Home,200,OK,Thread Group 3 - Custom 3-13,text,true,,8705,131,20,20,https://messenger-fe-eight.vercel.app/,199,0,0
1768805192320,251,GET Home,200,OK,Thread Group 3 - Custom 3-11,text,true,,8705,131,20,20,https://messenger-fe-eight.vercel.app/,195,0,0
1768805192259,359,GET Login,200,OK,Thread Group 3 - Custom 3-10,text,true,,12444,136,20,20,https://messenger-fe-eight.vercel.app/login,237,0,0
1768805192396,222,GET Home,200,OK,Thread Group 3 - Custom 3-9,text,true,,8705,131,20,20,https://messenger-fe-eight.vercel.app/,150,0,0
1768805192366,253,GET Home,200,OK,Thread Group 3 - Custom 3-14,text,true,,8705,131,20,20,https://messenger-fe-eight.vercel.app/,162,0,0
1768805192367,252,GET Home,200,OK,Thread Group 3 - Custom 3-3,text,true,,8705,131,20,20,https://messenger-fe-eight.vercel.app/,161,0,0
1768805192396,223,GET Home,200,OK,Thread Group 3 - Custom 3-20,text,true,,8705,131,20,20,https://messenger-fe-eight.vercel.app/,154,0,0
1768805192396,224,GET Home,200,OK,Thread Group 3 - Custom 3-12,text,true,,8705,131,20,20,https://messenger-fe-eight.vercel.app/,154,0,0
1768805192396,224,GET Home,200,OK,Thread Group 3 - Custom 3-17,text,true,,8705,131,20,20,https://messenger-fe-eight.vercel.app/,150,0,0
1768805192071,599,GET Login,200,OK,Thread Group 3 - Custom 3-18,text,true,,12444,136,20,20,https://messenger-fe-eight.vercel.app/login,246,0,0
1768805192320,350,GET Login,200,OK,Thread Group 3 - Custom 3-1,text,true,,12444,136,20,20,https://messenger-fe-eight.vercel.app/login,207,0,0
1768805192313,357,GET Login,200,OK,Thread Group 3 - Custom 3-2,text,true,,12444,136,20,20,https://messenger-fe-eight.vercel.app/login,214,0,0
1768805192479,228,GET Home,200,OK,Thread Group 3 - Custom 3-19,text,true,,8705,131,20,20,https://messenger-fe-eight.vercel.app/,191,0,0
1768805192488,249,GET Home,200,OK,Thread Group 3 - Custom 3-4,text,true,,8705,131,20,20,https://messenger-fe-eight.vercel.app/,183,0,0
1768805192513,234,GET Home,200,OK,Thread Group 3 - Custom 3-16,text,true,,8705,131,20,20,https://messenger-fe-eight.vercel.app/,169,0,0
1768805192479,304,GET Home,200,OK,Thread Group 3 - Custom 3-8,text,true,,8705,131,20,20,https://messenger-fe-eight.vercel.app/,190,0,0
1768805192359,477,GET Home,200,OK,Thread Group 3 - Custom 3-15,text,true,,8705,131,20,20,https://messenger-fe-eight.vercel.app/,378,0,0
1768805192563,273,GET Login,200,OK,Thread Group 3 - Custom 3-7,text,true,,12444,136,20,20,https://messenger-fe-eight.vercel.app/login,174,0,0
1768805192563,278,GET Login,200,OK,Thread Group 3 - Custom 3-6,text,true,,12444,136,20,20,https://messenger-fe-eight.vercel.app/login,174,0,0
1768805192571,271,GET Login,200,OK,Thread Group 3 - Custom 3-13,text,true,,12444,136,20,20,https://messenger-fe-eight.vercel.app/login,166,0,0
1768805192571,283,GET Login,200,OK,Thread Group 3 - Custom 3-11,text,true,,12444,136,20,20,https://messenger-fe-eight.vercel.app/login,166,0,0
1768805192619,236,GET Home,200,OK,Thread Group 3 - Custom 3-10,text,true,,8705,131,20,20,https://messenger-fe-eight.vercel.app/,194,0,0
1768805192455,411,GET Home,200,OK,Thread Group 3 - Custom 3-5,text,true,,8705,131,20,20,https://messenger-fe-eight.vercel.app/,215,0,0
1768805192670,276,GET Home,200,OK,Thread Group 3 - Custom 3-1,text,true,,8705,131,20,20,https://messenger-fe-eight.vercel.app/,172,0,0
1768805192671,275,GET Home,200,OK,Thread Group 3 - Custom 3-2,text,true,,8705,131,20,20,https://messenger-fe-eight.vercel.app/,170,0,0
1768805192620,326,GET Login,200,OK,Thread Group 3 - Custom 3-12,text,true,,12444,136,20,20,https://messenger-fe-eight.vercel.app/login,216,0,0
1768805192619,327,GET Login,200,OK,Thread Group 3 - Custom 3-9,text,true,,12444,136,20,20,https://messenger-fe-eight.vercel.app/login,217,0,0
1768805192619,327,GET Login,200,OK,Thread Group 3 - Custom 3-20,text,true,,12444,136,20,20,https://messenger-fe-eight.vercel.app/login,223,0,0
1768805192620,326,GET Login,200,OK,Thread Group 3 - Custom 3-17,text,true,,12444,136,20,20,https://messenger-fe-eight.vercel.app/login,234,0,0
1768805192619,328,GET Login,200,OK,Thread Group 3 - Custom 3-14,text,true,,12444,136,20,20,https://messenger-fe-eight.vercel.app/login,223,0,0
1768805192619,355,GET Login,200,OK,Thread Group 3 - Custom 3-3,text,true,,12444,136,20,20,https://messenger-fe-eight.vercel.app/login,223,0,0
1768805192737,237,GET Login,200,OK,Thread Group 3 - Custom 3-4,text,true,,12444,136,20,20,https://messenger-fe-eight.vercel.app/login,152,0,0
1768805192708,278,GET Login,200,OK,Thread Group 3 - Custom 3-19,text,true,,12444,136,20,20,https://messenger-fe-eight.vercel.app/login,181,0,0
1768805192783,259,GET Login,200,OK,Thread Group 3 - Custom 3-8,text,true,,12444,136,20,20,https://messenger-fe-eight.vercel.app/login,163,0,0
1768805192842,207,GET Home,200,OK,Thread Group 3 - Custom 3-13,text,true,,8705,131,20,20,https://messenger-fe-eight.vercel.app/,144,0,0
1768805192670,380,GET Home,200,OK,Thread Group 3 - Custom 3-18,text,true,,8705,131,20,20,https://messenger-fe-eight.vercel.app/,219,0,0
1768805192747,317,GET Login,200,OK,Thread Group 3 - Custom 3-16,text,true,,12444,136,20,20,https://messenger-fe-eight.vercel.app/login,199,0,0
1768805192855,209,GET Home,200,OK,Thread Group 3 - Custom 3-11,text,true,,8705,131,20,20,https://messenger-fe-eight.vercel.app/,153,0,0
1768805192841,242,GET Home,200,OK,Thread Group 3 - Custom 3-6,text,true,,8705,131,20,20,https://messenger-fe-eight.vercel.app/,144,0,0
1768805192857,236,GET Login,200,OK,Thread Group 3 - Custom 3-10,text,true,,12444,136,20,20,https://messenger-fe-eight.vercel.app/login,151,0,0
1768805192836,281,GET Home,200,OK,Thread Group 3 - Custom 3-7,text,true,,8705,131,20,20,https://messenger-fe-eight.vercel.app/,150,0,0
1768805192836,304,GET Login,200,OK,Thread Group 3 - Custom 3-15,text,true,,12444,136,20,20,https://messenger-fe-eight.vercel.app/login,163,0,0
1768805192974,192,GET Home,200,OK,Thread Group 3 - Custom 3-4,text,true,,8705,131,20,20,https://messenger-fe-eight.vercel.app/,143,0,0
1768805192986,193,GET Home,200,OK,Thread Group 3 - Custom 3-19,text,true,,8705,131,20,20,https://messenger-fe-eight.vercel.app/,132,0,0
1768805192946,242,GET Home,200,OK,Thread Group 3 - Custom 3-9,text,true,,8705,131,20,20,https://messenger-fe-eight.vercel.app/,189,0,0
1768805192946,243,GET Home,200,OK,Thread Group 3 - Custom 3-20,text,true,,8705,131,20,20,https://messenger-fe-eight.vercel.app/,190,0,0
1768805192946,243,GET Home,200,OK,Thread Group 3 - Custom 3-12,text,true,,8705,131,20,20,https://messenger-fe-eight.vercel.app/,190,0,0
1768805192946,250,GET Home,200,OK,Thread Group 3 - Custom 3-17,text,true,,8705,131,20,20,https://messenger-fe-eight.vercel.app/,172,0,0
1768805192947,266,GET Home,200,OK,Thread Group 3 - Custom 3-14,text,true,,8705,131,20,20,https://messenger-fe-eight.vercel.app/,189,0,0
1768805192974,248,GET Home,200,OK,Thread Group 3 - Custom 3-3,text,true,,8705,131,20,20,https://messenger-fe-eight.vercel.app/,180,0,0
1768805192946,345,GET Login,200,OK,Thread Group 3 - Custom 3-2,text,true,,12444,136,20,20,https://messenger-fe-eight.vercel.app/login,190,0,0
1768805192946,346,GET Login,200,OK,Thread Group 3 - Custom 3-1,text,true,,12444,136,20,20,https://messenger-fe-eight.vercel.app/login,195,0,0
1768805193094,198,GET Home,200,OK,Thread Group 3 - Custom 3-10,text,true,,8705,131,20,20,https://messenger-fe-eight.vercel.app/,144,0,0
1768805192866,426,GET Login,200,OK,Thread Group 3 - Custom 3-5,text,true,,12444,136,20,20,https://messenger-fe-eight.vercel.app/login,275,0,0
1768805193043,249,GET Home,200,OK,Thread Group 3 - Custom 3-8,text,true,,8705,131,20,20,https://messenger-fe-eight.vercel.app/,179,0,0
1768805193064,231,GET Home,200,OK,Thread Group 3 - Custom 3-16,text,true,,8705,131,20,20,https://messenger-fe-eight.vercel.app/,158,0,0
1768805193049,292,GET Login,200,OK,Thread Group 3 - Custom 3-13,text,true,,12444,136,20,20,https://messenger-fe-eight.vercel.app/login,173,0,0
1768805193064,277,GET Login,200,OK,Thread Group 3 - Custom 3-11,text,true,,12444,136,20,20,https://messenger-fe-eight.vercel.app/login,158,0,0
1768805193083,266,GET Login,200,OK,Thread Group 3 - Custom 3-6,text,true,,12444,136,20,20,https://messenger-fe-eight.vercel.app/login,208,0,0
1768805193166,223,GET Login,200,OK,Thread Group 3 - Custom 3-4,text,true,,12444,136,20,20,https://messenger-fe-eight.vercel.app/login,141,0,0
1768805193140,266,GET Home,200,OK,Thread Group 3 - Custom 3-15,text,true,,8705,131,20,20,https://messenger-fe-eight.vercel.app/,167,0,0
1768805193117,289,GET Login,200,OK,Thread Group 3 - Custom 3-7,text,true,,12444,136,20,20,https://messenger-fe-eight.vercel.app/login,178,0,0
1768805193179,242,GET Login,200,OK,Thread Group 3 - Custom 3-19,text,true,,12444,136,20,20,https://messenger-fe-eight.vercel.app/login,153,0,0
1768805193189,249,GET Login,200,OK,Thread Group 3 - Custom 3-20,text,true,,12444,136,20,20,https://messenger-fe-eight.vercel.app/login,152,0,0
1768805193188,257,GET Login,200,OK,Thread Group 3 - Custom 3-9,text,true,,12444,136,20,20,https://messenger-fe-eight.vercel.app/login,154,0,0
1768805193189,256,GET Login,200,OK,Thread Group 3 - Custom 3-12,text,true,,12444,136,20,20,https://messenger-fe-eight.vercel.app/login,153,0,0
1768805193292,299,GET Home,200,OK,Thread Group 3 - Custom 3-5,text,true,,8705,131,20,20,https://messenger-fe-eight.vercel.app/,146,0,0
1768805193292,299,GET Login,200,OK,Thread Group 3 - Custom 3-10,text,true,,12444,136,20,20,https://messenger-fe-eight.vercel.app/login,141,0,0
1768805193292,300,GET Home,200,OK,Thread Group 3 - Custom 3-1,text,true,,8705,131,20,20,https://messenger-fe-eight.vercel.app/,153,0,0
1768805193292,301,GET Home,200,OK,Thread Group 3 - Custom 3-2,text,true,,8705,131,20,20,https://messenger-fe-eight.vercel.app/,153,0,0
1768805193050,546,GET Login,200,OK,Thread Group 3 - Custom 3-18,text,true,,12444,136,20,20,https://messenger-fe-eight.vercel.app/login,242,0,0
1768805193196,405,GET Login,200,OK,Thread Group 3 - Custom 3-17,text,true,,12444,136,20,20,https://messenger-fe-eight.vercel.app/login,242,0,0
1768805193292,310,GET Login,200,OK,Thread Group 3 - Custom 3-8,text,true,,12444,136,20,20,https://messenger-fe-eight.vercel.app/login,146,0,0
1768805193296,307,GET Login,200,OK,Thread Group 3 - Custom 3-16,text,true,,12444,136,20,20,https://messenger-fe-eight.vercel.app/login,142,0,0
1768805193349,254,GET Home,200,OK,Thread Group 3 - Custom 3-6,text,true,,8705,131,20,20,https://messenger-fe-eight.vercel.app/,139,0,0
1768805193342,261,GET Home,200,OK,Thread Group 3 - Custom 3-11,text,true,,8705,131,20,20,https://messenger-fe-eight.vercel.app/,152,0,0
1768805193222,382,GET Login,200,OK,Thread Group 3 - Custom 3-3,text,true,,12444,136,20,20,https://messenger-fe-eight.vercel.app/login,224,0,0
1768805193213,391,GET Login,200,OK,Thread Group 3 - Custom 3-14,text,true,,12444,136,20,20,https://messenger-fe-eight.vercel.app/login,232,0,0
1768805193342,262,GET Home,200,OK,Thread Group 3 - Custom 3-13,text,true,,8705,131,20,20,https://messenger-fe-eight.vercel.app/,249,0,0
1768805193390,214,GET Home,200,OK,Thread Group 3 - Custom 3-4,text,true,,8705,131,20,20,https://messenger-fe-eight.vercel.app/,202,0,0
1768805193439,188,GET Home,200,OK,Thread Group 3 - Custom 3-20,text,true,,8705,131,20,20,https://messenger-fe-eight.vercel.app/,164,0,0
1768805193409,246,GET Home,200,OK,Thread Group 3 - Custom 3-7,text,true,,8705,131,20,20,https://messenger-fe-eight.vercel.app/,195,0,0
1768805193445,210,GET Home,200,OK,Thread Group 3 - Custom 3-12,text,true,,8705,131,20,20,https://messenger-fe-eight.vercel.app/,159,0,0
1768805193421,281,GET Home,200,OK,Thread Group 3 - Custom 3-19,text,true,,8705,131,20,20,https://messenger-fe-eight.vercel.app/,183,0,0
1768805193445,275,GET Home,200,OK,Thread Group 3 - Custom 3-9,text,true,,8705,131,20,20,https://messenger-fe-eight.vercel.app/,159,0,0
1768805193408,344,GET Login,200,OK,Thread Group 3 - Custom 3-15,text,true,,12444,136,20,20,https://messenger-fe-eight.vercel.app/login,196,0,0
1768805193592,258,GET Home,200,OK,Thread Group 3 - Custom 3-10,text,true,,8705,131,20,20,https://messenger-fe-eight.vercel.app/,147,0,0
1768805193602,248,GET Home,200,OK,Thread Group 3 - Custom 3-8,text,true,,8705,131,20,20,https://messenger-fe-eight.vercel.app/,157,0,0
1768805193602,250,GET Home,200,OK,Thread Group 3 - Custom 3-17,text,true,,8705,131,20,20,https://messenger-fe-eight.vercel.app/,160,0,0
1768805193603,251,GET Home,200,OK,Thread Group 3 - Custom 3-16,text,true,,8705,131,20,20,https://messenger-fe-eight.vercel.app/,159,0,0
1768805193604,250,GET Login,200,OK,Thread Group 3 - Custom 3-4,text,true,,12444,136,20,20,https://messenger-fe-eight.vercel.app/login,148,0,0
1768805193604,309,GET Home,200,OK,Thread Group 3 - Custom 3-3,text,true,,8705,131,20,20,https://messenger-fe-eight.vercel.app/,185,0,0
1768805193604,309,GET Home,200,OK,Thread Group 3 - Custom 3-14,text,true,,8705,131,20,20,https://messenger-fe-eight.vercel.app/,173,0,0
1768805193603,310,GET Login,200,OK,Thread Group 3 - Custom 3-6,text,true,,12444,136,20,20,https://messenger-fe-eight.vercel.app/login,149,0,0
1768805193592,321,GET Login,200,OK,Thread Group 3 - Custom 3-5,text,true,,12444,136,20,20,https://messenger-fe-eight.vercel.app/login,160,0,0
1768805193604,312,GET Login,200,OK,Thread Group 3 - Custom 3-11,text,true,,12444,136,20,20,https://messenger-fe-eight.vercel.app/login,173,0,0
1768805193604,312,GET Login,200,OK,Thread Group 3 - Custom 3-13,text,true,,12444,136,20,20,https://messenger-fe-eight.vercel.app/login,173,0,0
1768805193592,324,GET Login,200,OK,Thread Group 3 - Custom 3-1,text,true,,12444,136,20,20,https://messenger-fe-eight.vercel.app/login,160,0,0
1768805193593,323,GET Login,200,OK,Thread Group 3 - Custom 3-2,text,true,,12444,136,20,20,https://messenger-fe-eight.vercel.app/login,159,0,0
1768805193627,289,GET Login,200,OK,Thread Group 3 - Custom 3-20,text,true,,12444,136,20,20,https://messenger-fe-eight.vercel.app/login,185,0,0
1768805193655,261,GET Login,200,OK,Thread Group 3 - Custom 3-7,text,true,,12444,136,20,20,https://messenger-fe-eight.vercel.app/login,154,0,0
1768805193655,261,GET Login,200,OK,Thread Group 3 - Custom 3-12,text,true,,12444,136,20,20,https://messenger-fe-eight.vercel.app/login,157,0,0
1768805193597,363,GET Home,200,OK,Thread Group 3 - Custom 3-18,text,true,,8705,131,20,20,https://messenger-fe-eight.vercel.app/,215,0,0
1768805193702,302,GET Login,200,OK,Thread Group 3 - Custom 3-19,text,true,,12444,136,20,20,https://messenger-fe-eight.vercel.app/login,211,0,0
1768805193720,294,GET Login,200,OK,Thread Group 3 - Custom 3-9,text,true,,12444,136,20,20,https://messenger-fe-eight.vercel.app/login,196,0,0
1768805193753,276,GET Home,200,OK,Thread Group 3 - Custom 3-15,text,true,,8705,131,20,20,https://messenger-fe-eight.vercel.app/,177,0,0
1768805193855,254,GET Home,200,OK,Thread Group 3 - Custom 3-4,text,true,,8705,131,20,20,https://messenger-fe-eight.vercel.app/,179,0,0
1768805193850,343,GET Login,200,OK,Thread Group 3 - Custom 3-10,text,true,,12444,136,20,20,https://messenger-fe-eight.vercel.app/login,184,0,0
1768805193913,281,GET Home,200,OK,Thread Group 3 - Custom 3-6,text,true,,8705,131,20,20,https://messenger-fe-eight.vercel.app/,195,0,0
1768805193916,278,GET Home,200,OK,Thread Group 3 - Custom 3-7,text,true,,8705,131,20,20,https://messenger-fe-eight.vercel.app/,193,0,0
1768805193916,278,GET Home,200,OK,Thread Group 3 - Custom 3-12,text,true,,8705,131,20,20,https://messenger-fe-eight.vercel.app/,192,0,0
1768805193916,278,GET Home,200,OK,Thread Group 3 - Custom 3-11,text,true,,8705,131,20,20,https://messenger-fe-eight.vercel.app/,192,0,0
1768805193916,279,GET Home,200,OK,Thread Group 3 - Custom 3-13,text,true,,8705,131,20,20,https://messenger-fe-eight.vercel.app/,193,0,0
1768805193850,345,GET Login,200,OK,Thread Group 3 - Custom 3-8,text,true,,12444,136,20,20,https://messenger-fe-eight.vercel.app/login,195,0,0
1768805193913,282,GET Home,200,OK,Thread Group 3 - Custom 3-5,text,true,,8705,131,20,20,https://messenger-fe-eight.vercel.app/,196,0,0
1768805193916,279,GET Home,200,OK,Thread Group 3 - Custom 3-1,text,true,,8705,131,20,20,https://messenger-fe-eight.vercel.app/,193,0,0
1768805193852,343,GET Login,200,OK,Thread Group 3 - Custom 3-17,text,true,,12444,136,20,20,https://messenger-fe-eight.vercel.app/login,194,0,0
1768805193854,341,GET Login,200,OK,Thread Group 3 - Custom 3-16,text,true,,12444,136,20,20,https://messenger-fe-eight.vercel.app/login,192,0,0
1768805193916,279,GET Home,200,OK,Thread Group 3 - Custom 3-2,text,true,,8705,131,20,20,https://messenger-fe-eight.vercel.app/,193,0,0
1768805193913,293,GET Login,200,OK,Thread Group 3 - Custom 3-14,text,true,,12444,136,20,20,https://messenger-fe-eight.vercel.app/login,196,0,0
1768805193913,304,GET Login,200,OK,Thread Group 3 - Custom 3-3,text,true,,12444,136,20,20,https://messenger-fe-eight.vercel.app/login,196,0,0
1768805193916,310,GET Home,200,OK,Thread Group 3 - Custom 3-20,text,true,,8705,131,20,20,https://messenger-fe-eight.vercel.app/,277,0,0
1768805194014,283,GET Home,200,OK,Thread Group 3 - Custom 3-9,text,true,,8705,131,20,20,https://messenger-fe-eight.vercel.app/,181,0,0
1768805194004,293,GET Home,200,OK,Thread Group 3 - Custom 3-19,text,true,,8705,131,20,20,https://messenger-fe-eight.vercel.app/,191,0,0
1768805194109,240,GET Login,200,OK,Thread Group 3 - Custom 3-4,text,true,,12444,136,20,20,https://messenger-fe-eight.vercel.app/login,153,0,0
1768805194029,327,GET Login,200,OK,Thread Group 3 - Custom 3-15,text,true,,12444,136,20,20,https://messenger-fe-eight.vercel.app/login,168,0,0
1768805193960,409,GET Login,200,OK,Thread Group 3 - Custom 3-18,text,true,,12444,136,20,20,https://messenger-fe-eight.vercel.app/login,235,0,0
1768805194194,211,GET Home,200,OK,Thread Group 3 - Custom 3-10,text,true,,8705,131,20,20,https://messenger-fe-eight.vercel.app/,138,0,0
1768805194195,210,GET Home,200,OK,Thread Group 3 - Custom 3-16,text,true,,8705,131,20,20,https://messenger-fe-eight.vercel.app/,154,0,0
1768805194195,251,GET Home,200,OK,Thread Group 3 - Custom 3-8,text,true,,8705,131,20,20,https://messenger-fe-eight.vercel.app/,156,0,0
1768805194195,251,GET Home,200,OK,Thread Group 3 - Custom 3-17,text,true,,8705,131,20,20,https://messenger-fe-eight.vercel.app/,161,0,0
1768805194194,252,GET Login,200,OK,Thread Group 3 - Custom 3-7,text,true,,12444,136,20,20,https://messenger-fe-eight.vercel.app/login,155,0,0
1768805194195,254,GET Login,200,OK,Thread Group 3 - Custom 3-11,text,true,,12444,136,20,20,https://messenger-fe-eight.vercel.app/login,154,0,0
1768805194195,275,GET Login,200,OK,Thread Group 3 - Custom 3-13,text,true,,12444,136,20,20,https://messenger-fe-eight.vercel.app/login,154,0,0
1768805194194,277,GET Login,200,OK,Thread Group 3 - Custom 3-6,text,true,,12444,136,20,20,https://messenger-fe-eight.vercel.app/login,155,0,0
1768805194194,277,GET Login,200,OK,Thread Group 3 - Custom 3-12,text,true,,12444,136,20,20,https://messenger-fe-eight.vercel.app/login,154,0,0
1768805194210,261,GET Home,200,OK,Thread Group 3 - Custom 3-14,text,true,,8705,131,20,20,https://messenger-fe-eight.vercel.app/,139,0,0
1768805194217,254,GET Home,200,OK,Thread Group 3 - Custom 3-3,text,true,,8705,131,20,20,https://messenger-fe-eight.vercel.app/,170,0,0
1768805194195,276,GET Login,200,OK,Thread Group 3 - Custom 3-5,text,true,,12444,136,20,20,https://messenger-fe-eight.vercel.app/login,154,0,0
1768805194196,290,GET Login,200,OK,Thread Group 3 - Custom 3-2,text,true,,12444,136,20,20,https://messenger-fe-eight.vercel.app/login,155,0,0
1768805194195,291,GET Login,200,OK,Thread Group 3 - Custom 3-1,text,true,,12444,136,20,20,https://messenger-fe-eight.vercel.app/login,156,0,0
1768805194226,260,GET Login,200,OK,Thread Group 3 - Custom 3-20,text,true,,12444,136,20,20,https://messenger-fe-eight.vercel.app/login,160,0,0
1768805194349,196,GET Home,200,OK,Thread Group 3 - Custom 3-4,text,true,,8705,131,20,20,https://messenger-fe-eight.vercel.app/,145,0,0
1768805194297,248,GET Login,200,OK,Thread Group 3 - Custom 3-19,text,true,,12444,136,20,20,https://messenger-fe-eight.vercel.app/login,149,0,0
1768805194297,272,GET Login,200,OK,Thread Group 3 - Custom 3-9,text,true,,12444,136,20,20,https://messenger-fe-eight.vercel.app/login,149,0,0
1768805194356,266,GET Home,200,OK,Thread Group 3 - Custom 3-15,text,true,,8705,131,20,20,https://messenger-fe-eight.vercel.app/,168,0,0
1768805194405,233,GET Login,200,OK,Thread Group 3 - Custom 3-10,text,true,,12444,136,20,20,https://messenger-fe-eight.vercel.app/login,145,0,0
1768805194449,206,GET Home,200,OK,Thread Group 3 - Custom 3-11,text,true,,8705,131,20,20,https://messenger-fe-eight.vercel.app/,141,0,0
1768805194446,220,GET Home,200,OK,Thread Group 3 - Custom 3-7,text,true,,8705,131,20,20,https://messenger-fe-eight.vercel.app/,165,0,0
1768805194369,304,GET Home,200,OK,Thread Group 3 - Custom 3-18,text,true,,8705,131,20,20,https://messenger-fe-eight.vercel.app/,176,0,0
1768805194405,269,GET Login,200,OK,Thread Group 3 - Custom 3-16,text,true,,12444,136,20,20,https://messenger-fe-eight.vercel.app/login,165,0,0
1768805194471,220,GET Home,200,OK,Thread Group 3 - Custom 3-13,text,true,,8705,131,20,20,https://messenger-fe-eight.vercel.app/,157,0,0
1768805194446,250,GET Login,200,OK,Thread Group 3 - Custom 3-8,text,true,,12444,136,20,20,https://messenger-fe-eight.vercel.app/login,164,0,0
1768805194486,238,GET Home,200,OK,Thread Group 3 - Custom 3-2,text,true,,8705,131,20,20,https://messenger-fe-eight.vercel.app/,168,0,0
1768805194471,253,GET Home,200,OK,Thread Group 3 - Custom 3-6,text,true,,8705,131,20,20,https://messenger-fe-eight.vercel.app/,156,0,0
1768805194471,254,GET Home,200,OK,Thread Group 3 - Custom 3-5,text,true,,8705,131,20,20,https://messenger-fe-eight.vercel.app/,173,0,0
1768805194471,254,GET Home,200,OK,Thread Group 3 - Custom 3-12,text,true,,8705,131,20,20,https://messenger-fe-eight.vercel.app/,157,0,0
1768805194486,239,GET Home,200,OK,Thread Group 3 - Custom 3-1,text,true,,8705,131,20,20,https://messenger-fe-eight.vercel.app/,152,0,0
1768805194486,240,GET Home,200,OK,Thread Group 3 - Custom 3-20,text,true,,8705,131,20,20,https://messenger-fe-eight.vercel.app/,160,0,0
1768805194546,207,GET Home,200,OK,Thread Group 3 - Custom 3-19,text,true,,8705,131,20,20,https://messenger-fe-eight.vercel.app/,137,0,0
1768805194446,308,GET Login,200,OK,Thread Group 3 - Custom 3-17,text,true,,12444,136,20,20,https://messenger-fe-eight.vercel.app/login,164,0,0
1768805194471,284,GET Login,200,OK,Thread Group 3 - Custom 3-14,text,true,,12444,136,20,20,https://messenger-fe-eight.vercel.app/login,159,0,0
1768805194546,209,GET Login,200,OK,Thread Group 3 - Custom 3-4,text,true,,12444,136,20,20,https://messenger-fe-eight.vercel.app/login,128,0,0
1768805194471,300,GET Login,200,OK,Thread Group 3 - Custom 3-3,text,true,,12444,136,20,20,https://messenger-fe-eight.vercel.app/login,175,0,0
1768805194570,251,GET Home,200,OK,Thread Group 3 - Custom 3-9,text,true,,8705,131,20,20,https://messenger-fe-eight.vercel.app/,184,0,0
1768805194638,190,GET Home,200,OK,Thread Group 3 - Custom 3-10,text,true,,8705,131,20,20,https://messenger-fe-eight.vercel.app/,153,0,0
1768805194655,242,GET Login,200,OK,Thread Group 3 - Custom 3-11,text,true,,12444,136,20,20,https://messenger-fe-eight.vercel.app/login,136,0,0
1768805194674,229,GET Home,200,OK,Thread Group 3 - Custom 3-16,text,true,,8705,131,20,20,https://messenger-fe-eight.vercel.app/,167,0,0
1768805194696,221,GET Home,200,OK,Thread Group 3 - Custom 3-8,text,true,,8705,131,20,20,https://messenger-fe-eight.vercel.app/,145,0,0
1768805194666,277,GET Login,200,OK,Thread Group 3 - Custom 3-7,text,true,,12444,136,20,20,https://messenger-fe-eight.vercel.app/login,162,0,0
1768805194624,319,GET Login,200,OK,Thread Group 3 - Custom 3-15,text,true,,12444,136,20,20,https://messenger-fe-eight.vercel.app/login,167,0,0
1768805194692,251,GET Login,200,OK,Thread Group 3 - Custom 3-13,text,true,,12444,136,20,20,https://messenger-fe-eight.vercel.app/login,149,0,0
1768805194726,227,GET Login,200,OK,Thread Group 3 - Custom 3-20,text,true,,12444,136,20,20,https://messenger-fe-eight.vercel.app/login,150,0,0
1768805194725,244,GET Login,200,OK,Thread Group 3 - Custom 3-12,text,true,,12444,136,20,20,https://messenger-fe-eight.vercel.app/login,151,0,0
1768805194755,244,GET Home,200,OK,Thread Group 3 - Custom 3-4,text,true,,8705,131,20,20,https://messenger-fe-eight.vercel.app/,164,0,0
1768805194724,275,GET Login,200,OK,Thread Group 3 - Custom 3-2,text,true,,12444,136,20,20,https://messenger-fe-eight.vercel.app/login,156,0,0
1768805194725,275,GET Login,200,OK,Thread Group 3 - Custom 3-1,text,true,,12444,136,20,20,https://messenger-fe-eight.vercel.app/login,151,0,0
1768805194771,239,GET Home,200,OK,Thread Group 3 - Custom 3-3,text,true,,8705,131,20,20,https://messenger-fe-eight.vercel.app/,172,0,0
1768805194755,255,GET Home,200,OK,Thread Group 3 - Custom 3-14,text,true,,8705,131,20,20,https://messenger-fe-eight.vercel.app/,188,0,0
1768805194725,291,GET Login,200,OK,Thread Group 3 - Custom 3-5,text,true,,12444,136,20,20,https://messenger-fe-eight.vercel.app/login,172,0,0
1768805194753,280,GET Login,200,OK,Thread Group 3 - Custom 3-19,text,true,,12444,136,20,20,https://messenger-fe-eight.vercel.app/login,182,0,0
1768805194724,309,GET Login,200,OK,Thread Group 3 - Custom 3-6,text,true,,12444,136,20,20,https://messenger-fe-eight.vercel.app/login,170,0,0
1768805194754,320,GET Home,200,OK,Thread Group 3 - Custom 3-17,text,true,,8705,131,20,20,https://messenger-fe-eight.vercel.app/,209,0,0
1768805194829,245,GET Login,200,OK,Thread Group 3 - Custom 3-10,text,true,,12444,136,20,20,https://messenger-fe-eight.vercel.app/login,134,0,0
1768805194821,256,GET Login,200,OK,Thread Group 3 - Custom 3-9,text,true,,12444,136,20,20,https://messenger-fe-eight.vercel.app/login,142,0,0
1768805194674,427,GET Login,200,OK,Thread Group 3 - Custom 3-18,text,true,,12444,136,20,20,https://messenger-fe-eight.vercel.app/login,216,0,0
1768805194897,210,GET Home,200,OK,Thread Group 3 - Custom 3-11,text,true,,8705,131,20,20,https://messenger-fe-eight.vercel.app/,177,0,0
1768805194943,200,GET Home,200,OK,Thread Group 3 - Custom 3-7,text,true,,8705,131,20,20,https://messenger-fe-eight.vercel.app/,158,0,0
1768805194917,242,GET Login,200,OK,Thread Group 3 - Custom 3-8,text,true,,12444,136,20,20,https://messenger-fe-eight.vercel.app/login,157,0,0
1768805194903,270,GET Login,200,OK,Thread Group 3 - Custom 3-16,text,true,,12444,136,20,20,https://messenger-fe-eight.vercel.app/login,173,0,0
1768805194969,204,GET Home,200,OK,Thread Group 3 - Custom 3-12,text,true,,8705,131,20,20,https://messenger-fe-eight.vercel.app/,154,0,0
1768805194943,243,GET Home,200,OK,Thread Group 3 - Custom 3-15,text,true,,8705,131,20,20,https://messenger-fe-eight.vercel.app/,158,0,0
1768805194943,269,GET Home,200,OK,Thread Group 3 - Custom 3-13,text,true,,8705,131,20,20,https://messenger-fe-eight.vercel.app/,157,0,0
1768805194954,283,GET Home,200,OK,Thread Group 3 - Custom 3-20,text,true,,8705,131,20,20,https://messenger-fe-eight.vercel.app/,167,0,0
1768805195000,237,GET Home,200,OK,Thread Group 3 - Custom 3-1,text,true,,8705,131,20,20,https://messenger-fe-eight.vercel.app/,158,0,0
1768805194999,238,GET Home,200,OK,Thread Group 3 - Custom 3-2,text,true,,8705,131,20,20,https://messenger-fe-eight.vercel.app/,160,0,0
1768805194999,238,GET Login,200,OK,Thread Group 3 - Custom 3-4,text,true,,12444,136,20,20,https://messenger-fe-eight.vercel.app/login,141,0,0
1768805195016,221,GET Home,200,OK,Thread Group 3 - Custom 3-5,text,true,,8705,131,20,20,https://messenger-fe-eight.vercel.app/,149,0,0
1768805195033,222,GET Home,200,OK,Thread Group 3 - Custom 3-19,text,true,,8705,131,20,20,https://messenger-fe-eight.vercel.app/,167,0,0
1768805195011,271,GET Login,200,OK,Thread Group 3 - Custom 3-3,text,true,,12444,136,20,20,https://messenger-fe-eight.vercel.app/login,148,0,0
1768805195011,276,GET Login,200,OK,Thread Group 3 - Custom 3-14,text,true,,12444,136,20,20,https://messenger-fe-eight.vercel.app/login,148,0,0
1768805195033,256,GET Home,200,OK,Thread Group 3 - Custom 3-6,text,true,,8705,131,20,20,https://messenger-fe-eight.vercel.app/,183,0,0
1768805195074,231,GET Home,200,OK,Thread Group 3 - Custom 3-10,text,true,,8705,131,20,20,https://messenger-fe-eight.vercel.app/,181,0,0
1768805195077,247,GET Home,200,OK,Thread Group 3 - Custom 3-9,text,true,,8705,131,20,20,https://messenger-fe-eight.vercel.app/,178,0,0
1768805195159,213,GET Home,200,OK,Thread Group 3 - Custom 3-8,text,true,,8705,131,20,20,https://messenger-fe-eight.vercel.app/,146,0,0
1768805195173,249,GET Home,200,OK,Thread Group 3 - Custom 3-16,text,true,,8705,131,20,20,https://messenger-fe-eight.vercel.app/,156,0,0
1768805195143,280,GET Login,200,OK,Thread Group 3 - Custom 3-7,text,true,,12444,136,20,20,https://messenger-fe-eight.vercel.app/login,161,0,0
1768805195074,349,GET Login,200,OK,Thread Group 3 - Custom 3-17,text,true,,12444,136,20,20,https://messenger-fe-eight.vercel.app/login,199,0,0
1768805195173,263,GET Login,200,OK,Thread Group 3 - Custom 3-12,text,true,,12444,136,20,20,https://messenger-fe-eight.vercel.app/login,151,0,0
1768805195101,335,GET Home,200,OK,Thread Group 3 - Custom 3-18,text,true,,8705,131,20,20,https://messenger-fe-eight.vercel.app/,213,0,0
1768805195107,329,GET Login,200,OK,Thread Group 3 - Custom 3-11,text,true,,12444,136,20,20,https://messenger-fe-eight.vercel.app/login,213,0,0
1768805195212,251,GET Login,200,OK,Thread Group 3 - Custom 3-13,text,true,,12444,136,20,20,https://messenger-fe-eight.vercel.app/login,160,0,0
1768805195237,234,GET Home,200,OK,Thread Group 3 - Custom 3-4,text,true,,8705,131,20,20,https://messenger-fe-eight.vercel.app/,185,0,0
1768805195186,294,GET Login,200,OK,Thread Group 3 - Custom 3-15,text,true,,12444,136,20,20,https://messenger-fe-eight.vercel.app/login,162,0,0
1768805195287,217,GET Home,200,OK,Thread Group 3 - Custom 3-14,text,true,,8705,131,20,20,https://messenger-fe-eight.vercel.app/,157,0,0
1768805195237,283,GET Login,200,OK,Thread Group 3 - Custom 3-2,text,true,,12444,136,20,20,https://messenger-fe-eight.vercel.app/login,186,0,0
1768805195237,283,GET Login,200,OK,Thread Group 3 - Custom 3-20,text,true,,12444,136,20,20,https://messenger-fe-eight.vercel.app/login,185,0,0
1768805195282,238,GET Home,200,OK,Thread Group 3 - Custom 3-3,text,true,,8705,131,20,20,https://messenger-fe-eight.vercel.app/,154,0,0
1768805195255,265,GET Login,200,OK,Thread Group 3 - Custom 3-19,text,true,,12444,136,20,20,https://messenger-fe-eight.vercel.app/login,181,0,0
1768805195306,214,GET Login,200,OK,Thread Group 3 - Custom 3-10,text,true,,12444,136,20,20,https://messenger-fe-eight.vercel.app/login,138,0,0
1768805195237,288,GET Login,200,OK,Thread Group 3 - Custom 3-5,text,true,,12444,136,20,20,https://messenger-fe-eight.vercel.app/login,186,0,0
1768805195237,301,GET Login,200,OK,Thread Group 3 - Custom 3-1,text,true,,12444,136,20,20,https://messenger-fe-eight.vercel.app/login,186,0,0
1768805195289,269,GET Login,200,OK,Thread Group 3 - Custom 3-6,text,true,,12444,136,20,20,https://messenger-fe-eight.vercel.app/login,155,0,0
1768805195324,246,GET Login,200,OK,Thread Group 3 - Custom 3-9,text,true,,12444,136,20,20,https://messenger-fe-eight.vercel.app/login,140,0,0
1768805195436,199,GET Home,200,OK,Thread Group 3 - Custom 3-12,text,true,,8705,131,20,20,https://messenger-fe-eight.vercel.app/,142,0,0
1768805195423,212,GET Home,200,OK,Thread Group 3 - Custom 3-7,text,true,,8705,131,20,20,https://messenger-fe-eight.vercel.app/,155,0,0
1768805195372,285,GET Login,200,OK,Thread Group 3 - Custom 3-8,text,true,,12444,136,20,20,https://messenger-fe-eight.vercel.app/login,197,0,0
1768805195422,247,GET Login,200,OK,Thread Group 3 - Custom 3-16,text,true,,12444,136,20,20,https://messenger-fe-eight.vercel.app/login,147,0,0
1768805195423,246,GET Home,200,OK,Thread Group 3 - Custom 3-17,text,true,,8705,131,20,20,https://messenger-fe-eight.vercel.app/,166,0,0
1768805195463,206,GET Home,200,OK,Thread Group 3 - Custom 3-13,text,true,,8705,131,20,20,https://messenger-fe-eight.vercel.app/,149,0,0
1768805195436,268,GET Home,200,OK,Thread Group 3 - Custom 3-11,text,true,,8705,131,20,20,https://messenger-fe-eight.vercel.app/,162,0,0
1768805195471,233,GET Login,200,OK,Thread Group 3 - Custom 3-4,text,true,,12444,136,20,20,https://messenger-fe-eight.vercel.app/login,133,0,0
1768805195520,184,GET Home,200,OK,Thread Group 3 - Custom 3-10,text,true,,8705,131,20,20,https://messenger-fe-eight.vercel.app/,131,0,0
1768805195520,203,GET Home,200,OK,Thread Group 3 - Custom 3-19,text,true,,8705,131,20,20,https://messenger-fe-eight.vercel.app/,132,0,0
1768805195520,203,GET Home,200,OK,Thread Group 3 - Custom 3-20,text,true,,8705,131,20,20,https://messenger-fe-eight.vercel.app/,132,0,0
1768805195480,243,GET Home,200,OK,Thread Group 3 - Custom 3-15,text,true,,8705,131,20,20,https://messenger-fe-eight.vercel.app/,171,0,0
1768805195520,216,GET Home,200,OK,Thread Group 3 - Custom 3-2,text,true,,8705,131,20,20,https://messenger-fe-eight.vercel.app/,150,0,0
1768805195525,225,GET Home,200,OK,Thread Group 3 - Custom 3-5,text,true,,8705,131,20,20,https://messenger-fe-eight.vercel.app/,151,0,0
1768805195538,241,GET Home,200,OK,Thread Group 3 - Custom 3-1,text,true,,8705,131,20,20,https://messenger-fe-eight.vercel.app/,166,0,0
1768805195520,259,GET Login,200,OK,Thread Group 3 - Custom 3-3,text,true,,12444,136,20,20,https://messenger-fe-eight.vercel.app/login,149,0,0
1768805195505,274,GET Login,200,OK,Thread Group 3 - Custom 3-14,text,true,,12444,136,20,20,https://messenger-fe-eight.vercel.app/login,164,0,0
1768805195436,343,GET Login,200,OK,Thread Group 3 - Custom 3-18,text,true,,12444,136,20,20,https://messenger-fe-eight.vercel.app/login,168,0,0
1768805195570,229,GET Home,200,OK,Thread Group 3 - Custom 3-9,text,true,,8705,131,20,20,https://messenger-fe-eight.vercel.app/,166,0,0
1768805195558,280,GET Home,200,OK,Thread Group 3 - Custom 3-6,text,true,,8705,131,20,20,https://messenger-fe-eight.vercel.app/,192,0,0
1768805195635,242,GET Login,200,OK,Thread Group 3 - Custom 3-12,text,true,,12444,136,20,20,https://messenger-fe-eight.vercel.app/login,144,0,0
1768805195635,244,GET Login,200,OK,Thread Group 3 - Custom 3-7,text,true,,12444,136,20,20,https://messenger-fe-eight.vercel.app/login,144,0,0
1768805195704,199,GET Home,200,OK,Thread Group 3 - Custom 3-4,text,true,,8705,131,20,20,https://messenger-fe-eight.vercel.app/,156,0,0
1768805195669,236,GET Home,200,OK,Thread Group 3 - Custom 3-16,text,true,,8705,131,20,20,https://messenger-fe-eight.vercel.app/,191,0,0
1768805195657,268,GET Home,200,OK,Thread Group 3 - Custom 3-8,text,true,,8705,131,20,20,https://messenger-fe-eight.vercel.app/,205,0,0
1768805195704,237,GET Login,200,OK,Thread Group 3 - Custom 3-10,text,true,,12444,136,20,20,https://messenger-fe-eight.vercel.app/login,158,0,0
1768805195669,274,GET Login,200,OK,Thread Group 3 - Custom 3-13,text,true,,12444,136,20,20,https://messenger-fe-eight.vercel.app/login,176,0,0
1768805195704,257,GET Login,200,OK,Thread Group 3 - Custom 3-11,text,true,,12444,136,20,20,https://messenger-fe-eight.vercel.app/login,158,0,0
1768805195723,268,GET Login,200,OK,Thread Group 3 - Custom 3-20,text,true,,12444,136,20,20,https://messenger-fe-eight.vercel.app/login,156,0,0
1768805195723,305,GET Login,200,OK,Thread Group 3 - Custom 3-19,text,true,,12444,136,20,20,https://messenger-fe-eight.vercel.app/login,156,0,0
1768805195669,360,GET Login,200,OK,Thread Group 3 - Custom 3-17,text,true,,12444,136,20,20,https://messenger-fe-eight.vercel.app/login,193,0,0
1768805195736,293,GET Login,200,OK,Thread Group 3 - Custom 3-2,text,true,,12444,136,20,20,https://messenger-fe-eight.vercel.app/login,143,0,0
1768805195780,249,GET Home,200,OK,Thread Group 3 - Custom 3-14,text,true,,8705,131,20,20,https://messenger-fe-eight.vercel.app/,163,0,0
1768805195779,250,GET Home,200,OK,Thread Group 3 - Custom 3-3,text,true,,8705,131,20,20,https://messenger-fe-eight.vercel.app/,162,0,0
1768805195723,312,GET Login,200,OK,Thread Group 3 - Custom 3-15,text,true,,12444,136,20,20,https://messenger-fe-eight.vercel.app/login,179,0,0
1768805195750,306,GET Login,200,OK,Thread Group 3 - Custom 3-5,text,true,,12444,136,20,20,https://messenger-fe-eight.vercel.app/login,191,0,0
1768805195800,256,GET Login,200,OK,Thread Group 3 - Custom 3-9,text,true,,12444,136,20,20,https://messenger-fe-eight.vercel.app/login,154,0,0
1768805195779,298,GET Login,200,OK,Thread Group 3 - Custom 3-1,text,true,,12444,136,20,20,https://messenger-fe-eight.vercel.app/login,164,0,0
1768805195780,297,GET Home,200,OK,Thread Group 3 - Custom 3-18,text,true,,8705,131,20,20,https://messenger-fe-eight.vercel.app/,182,0,0
1768805195879,198,GET Home,200,OK,Thread Group 3 - Custom 3-7,text,true,,8705,131,20,20,https://messenger-fe-eight.vercel.app/,150,0,0
1768805195839,275,GET Login,200,OK,Thread Group 3 - Custom 3-6,text,true,,12444,136,20,20,https://messenger-fe-eight.vercel.app/login,190,0,0
1768805195903,226,GET Login,200,OK,Thread Group 3 - Custom 3-4,text,true,,12444,136,20,20,https://messenger-fe-eight.vercel.app/login,132,0,0
1768805195877,257,GET Home,200,OK,Thread Group 3 - Custom 3-12,text,true,,8705,131,20,20,https://messenger-fe-eight.vercel.app/,152,0,0
1768805195942,209,GET Home,200,OK,Thread Group 3 - Custom 3-10,text,true,,8705,131,20,20,https://messenger-fe-eight.vercel.app/,135,0,0
1768805195943,209,GET Home,200,OK,Thread Group 3 - Custom 3-13,text,true,,8705,131,20,20,https://messenger-fe-eight.vercel.app/,134,0,0
1768805195925,251,GET Login,200,OK,Thread Group 3 - Custom 3-8,text,true,,12444,136,20,20,https://messenger-fe-eight.vercel.app/login,162,0,0
1768805195905,271,GET Login,200,OK,Thread Group 3 - Custom 3-16,text,true,,12444,136,20,20,https://messenger-fe-eight.vercel.app/login,172,0,0
1768805195961,275,GET Home,200,OK,Thread Group 3 - Custom 3-11,text,true,,8705,131,20,20,https://messenger-fe-eight.vercel.app/,215,0,0
1768805196029,208,GET Home,200,OK,Thread Group 3 - Custom 3-19,text,true,,8705,131,20,20,https://messenger-fe-eight.vercel.app/,147,0,0
1768805196029,212,GET Home,200,OK,Thread Group 3 - Custom 3-2,text,true,,8705,131,20,20,https://messenger-fe-eight.vercel.app/,147,0,0
1768805195992,267,GET Home,200,OK,Thread Group 3 - Custom 3-20,text,true,,8705,131,20,20,https://messenger-fe-eight.vercel.app/,184,0,0
1768805196035,227,GET Home,200,OK,Thread Group 3 - Custom 3-15,text,true,,8705,131,20,20,https://messenger-fe-eight.vercel.app/,148,0,0
1768805196029,258,GET Home,200,OK,Thread Group 3 - Custom 3-17,text,true,,8705,131,20,20,https://messenger-fe-eight.vercel.app/,158,0,0
1768805196029,305,GET Login,200,OK,Thread Group 3 - Custom 3-14,text,true,,12444,136,20,20,https://messenger-fe-eight.vercel.app/login,154,0,0
1768805196029,305,GET Login,200,OK,Thread Group 3 - Custom 3-3,text,true,,12444,136,20,20,https://messenger-fe-eight.vercel.app/login,154,0,0
1768805196129,205,GET Home,200,OK,Thread Group 3 - Custom 3-4,text,true,,8705,131,20,20,https://messenger-fe-eight.vercel.app/,131,0,0
1768805196115,225,GET Home,200,OK,Thread Group 3 - Custom 3-6,text,true,,8705,131,20,20,https://messenger-fe-eight.vercel.app/,147,0,0
1768805196056,284,GET Home,200,OK,Thread Group 3 - Custom 3-9,text,true,,8705,131,20,20,https://messenger-fe-eight.vercel.app/,204,0,0
1768805196077,263,GET Home,200,OK,Thread Group 3 - Custom 3-1,text,true,,8705,131,20,20,https://messenger-fe-eight.vercel.app/,211,0,0
1768805196056,284,GET Home,200,OK,Thread Group 3 - Custom 3-5,text,true,,8705,131,20,20,https://messenger-fe-eight.vercel.app/,232,0,0
1768805196077,289,GET Login,200,OK,Thread Group 3 - Custom 3-7,text,true,,12444,136,20,20,https://messenger-fe-eight.vercel.app/login,185,0,0
1768805196151,241,GET Login,200,OK,Thread Group 3 - Custom 3-10,text,true,,12444,136,20,20,https://messenger-fe-eight.vercel.app/login,183,0,0
1768805196134,274,GET Login,200,OK,Thread Group 3 - Custom 3-12,text,true,,12444,136,20,20,https://messenger-fe-eight.vercel.app/login,200,0,0
1768805196152,259,GET Login,200,OK,Thread Group 3 - Custom 3-13,text,true,,12444,136,20,20,https://messenger-fe-eight.vercel.app/login,182,0,0
1768805196176,235,GET Home,200,OK,Thread Group 3 - Custom 3-8,text,true,,8705,131,20,20,https://messenger-fe-eight.vercel.app/,167,0,0
1768805196176,287,GET Home,200,OK,Thread Group 3 - Custom 3-16,text,true,,8705,131,20,20,https://messenger-fe-eight.vercel.app/,167,0,0
1768805196077,387,GET Login,200,OK,Thread Group 3 - Custom 3-18,text,true,,12444,136,20,20,https://messenger-fe-eight.vercel.app/login,257,0,0
1768805196237,241,GET Login,200,OK,Thread Group 3 - Custom 3-19,text,true,,12444,136,20,20,https://messenger-fe-eight.vercel.app/login,136,0,0
1768805196241,252,GET Login,200,OK,Thread Group 3 - Custom 3-2,text,true,,12444,136,20,20,https://messenger-fe-eight.vercel.app/login,142,0,0
1768805196237,256,GET Login,200,OK,Thread Group 3 - Custom 3-11,text,true,,12444,136,20,20,https://messenger-fe-eight.vercel.app/login,145,0,0
1768805196259,260,GET Login,200,OK,Thread Group 3 - Custom 3-20,text,true,,12444,136,20,20,https://messenger-fe-eight.vercel.app/login,152,0,0
1768805196262,313,GET Login,200,OK,Thread Group 3 - Custom 3-15,text,true,,12444,136,20,20,https://messenger-fe-eight.vercel.app/login,201,0,0
1768805196334,241,GET Login,200,OK,Thread Group 3 - Custom 3-4,text,true,,12444,136,20,20,https://messenger-fe-eight.vercel.app/login,144,0,0
1768805196366,210,GET Home,200,OK,Thread Group 3 - Custom 3-7,text,true,,8705,131,20,20,https://messenger-fe-eight.vercel.app/,153,0,0
1768805196287,290,GET Login,200,OK,Thread Group 3 - Custom 3-17,text,true,,12444,136,20,20,https://messenger-fe-eight.vercel.app/login,176,0,0
1768805196392,185,GET Home,200,OK,Thread Group 3 - Custom 3-10,text,true,,8705,131,20,20,https://messenger-fe-eight.vercel.app/,142,0,0
1768805196334,299,GET Home,200,OK,Thread Group 3 - Custom 3-3,text,true,,8705,131,20,20,https://messenger-fe-eight.vercel.app/,151,0,0
1768805196334,299,GET Home,200,OK,Thread Group 3 - Custom 3-14,text,true,,8705,131,20,20,https://messenger-fe-eight.vercel.app/,151,0,0
1768805196340,293,GET Login,200,OK,Thread Group 3 - Custom 3-9,text,true,,12444,136,20,20,https://messenger-fe-eight.vercel.app/login,179,0,0
1768805196340,294,GET Login,200,OK,Thread Group 3 - Custom 3-6,text,true,,12444,136,20,20,https://messenger-fe-eight.vercel.app/login,179,0,0
1768805196340,294,GET Login,200,OK,Thread Group 3 - Custom 3-1,text,true,,12444,136,20,20,https://messenger-fe-eight.vercel.app/login,179,0,0
1768805196340,302,GET Login,200,OK,Thread Group 3 - Custom 3-5,text,true,,12444,136,20,20,https://messenger-fe-eight.vercel.app/login,179,0,0
1768805196411,269,GET Home,200,OK,Thread Group 3 - Custom 3-13,text,true,,8705,131,20,20,https://messenger-fe-eight.vercel.app/,164,0,0
1768805196411,269,GET Login,200,OK,Thread Group 3 - Custom 3-8,text,true,,12444,136,20,20,https://messenger-fe-eight.vercel.app/login,164,0,0
1768805196409,272,GET Home,200,OK,Thread Group 3 - Custom 3-12,text,true,,8705,131,20,20,https://messenger-fe-eight.vercel.app/,168,0,0
1768805196493,236,GET Home,200,OK,Thread Group 3 - Custom 3-11,text,true,,8705,131,20,20,https://messenger-fe-eight.vercel.app/,169,0,0
1768805196519,245,GET Home,200,OK,Thread Group 3 - Custom 3-20,text,true,,8705,131,20,20,https://messenger-fe-eight.vercel.app/,132,0,0
1768805196493,273,GET Home,200,OK,Thread Group 3 - Custom 3-2,text,true,,8705,131,20,20,https://messenger-fe-eight.vercel.app/,160,0,0
1768805196478,288,GET Home,200,OK,Thread Group 3 - Custom 3-19,text,true,,8705,131,20,20,https://messenger-fe-eight.vercel.app/,173,0,0
1768805196576,213,GET Home,200,OK,Thread Group 3 - Custom 3-4,text,true,,8705,131,20,20,https://messenger-fe-eight.vercel.app/,153,0,0
1768805196463,326,GET Login,200,OK,Thread Group 3 - Custom 3-16,text,true,,12444,136,20,20,https://messenger-fe-eight.vercel.app/login,199,0,0
1768805196465,324,GET Home,200,OK,Thread Group 3 - Custom 3-18,text,true,,8705,131,20,20,https://messenger-fe-eight.vercel.app/,219,0,0
1768805196577,220,GET Login,200,OK,Thread Group 3 - Custom 3-10,text,true,,12444,136,20,20,https://messenger-fe-eight.vercel.app/login,152,0,0
1768805196577,222,GET Home,200,OK,Thread Group 3 - Custom 3-17,text,true,,8705,131,20,20,https://messenger-fe-eight.vercel.app/,152,0,0
1768805196576,224,GET Home,200,OK,Thread Group 3 - Custom 3-15,text,true,,8705,131,20,20,https://messenger-fe-eight.vercel.app/,153,0,0
1768805196577,235,GET Login,200,OK,Thread Group 3 - Custom 3-7,text,true,,12444,136,20,20,https://messenger-fe-eight.vercel.app/login,152,0,0
1768805196633,226,GET Home,200,OK,Thread Group 3 - Custom 3-9,text,true,,8705,131,20,20,https://messenger-fe-eight.vercel.app/,173,0,0
1768805196634,239,GET Home,200,OK,Thread Group 3 - Custom 3-6,text,true,,8705,131,20,20,https://messenger-fe-eight.vercel.app/,172,0,0
1768805196642,260,GET Home,200,OK,Thread Group 3 - Custom 3-5,text,true,,8705,131,20,20,https://messenger-fe-eight.vercel.app/,164,0,0
1768805196680,223,GET Home,200,OK,Thread Group 3 - Custom 3-8,text,true,,8705,131,20,20,https://messenger-fe-eight.vercel.app/,158,0,0
1768805196633,305,GET Login,200,OK,Thread Group 3 - Custom 3-14,text,true,,12444,136,20,20,https://messenger-fe-eight.vercel.app/login,171,0,0
1768805196634,304,GET Home,200,OK,Thread Group 3 - Custom 3-1,text,true,,8705,131,20,20,https://messenger-fe-eight.vercel.app/,165,0,0
1768805196633,305,GET Login,200,OK,Thread Group 3 - Custom 3-3,text,true,,12444,136,20,20,https://messenger-fe-eight.vercel.app/login,173,0,0
1768805196680,258,GET Login,200,OK,Thread Group 3 - Custom 3-13,text,true,,12444,136,20,20,https://messenger-fe-eight.vercel.app/login,158,0,0
1768805196682,256,GET Login,200,OK,Thread Group 3 - Custom 3-12,text,true,,12444,136,20,20,https://messenger-fe-eight.vercel.app/login,149,0,0
1768805196789,247,GET Home,200,OK,Thread Group 3 - Custom 3-16,text,true,,8705,131,20,20,https://messenger-fe-eight.vercel.app/,197,0,0
1768805196789,265,GET Login,200,OK,Thread Group 3 - Custom 3-4,text,true,,12444,136,20,20,https://messenger-fe-eight.vercel.app/login,181,0,0
1768805196730,336,GET Login,200,OK,Thread Group 3 - Custom 3-11,text,true,,12444,136,20,20,https://messenger-fe-eight.vercel.app/login,222,0,0
1768805196797,295,GET Home,200,OK,Thread Group 3 - Custom 3-10,text,true,,8705,131,20,20,https://messenger-fe-eight.vercel.app/,172,0,0
1768805196766,326,GET Login,200,OK,Thread Group 3 - Custom 3-20,text,true,,12444,136,20,20,https://messenger-fe-eight.vercel.app/login,196,0,0
1768805196766,327,GET Login,200,OK,Thread Group 3 - Custom 3-2,text,true,,12444,136,20,20,https://messenger-fe-eight.vercel.app/login,204,0,0
1768805196813,291,GET Home,200,OK,Thread Group 3 - Custom 3-7,text,true,,8705,131,20,20,https://messenger-fe-eight.vercel.app/,173,0,0
1768805196799,311,GET Login,200,OK,Thread Group 3 - Custom 3-17,text,true,,12444,136,20,20,https://messenger-fe-eight.vercel.app/login,187,0,0
1768805196800,326,GET Login,200,OK,Thread Group 3 - Custom 3-15,text,true,,12444,136,20,20,https://messenger-fe-eight.vercel.app/login,186,0,0
1768805196789,373,GET Login,200,OK,Thread Group 3 - Custom 3-18,text,true,,12444,136,20,20,https://messenger-fe-eight.vercel.app/login,215,0,0
1768805196766,404,GET Login,200,OK,Thread Group 3 - Custom 3-19,text,true,,12444,136,20,20,https://messenger-fe-eight.vercel.app/login,238,0,0
1768805196938,250,GET Home,200,OK,Thread Group 3 - Custom 3-13,text,true,,8705,131,20,20,https://messenger-fe-eight.vercel.app/,194,0,0
1768805196938,277,GET Home,200,OK,Thread Group 3 - Custom 3-3,text,true,,8705,131,20,20,https://messenger-fe-eight.vercel.app/,203,0,0
1768805196903,336,GET Login,200,OK,Thread Group 3 - Custom 3-8,text,true,,12444,136,20,20,https://messenger-fe-eight.vercel.app/login,226,0,0
1768805196938,301,GET Home,200,OK,Thread Group 3 - Custom 3-12,text,true,,8705,131,20,20,https://messenger-fe-eight.vercel.app/,194,0,0
1768805196860,379,GET Login,200,OK,Thread Group 3 - Custom 3-9,text,true,,12444,136,20,20,https://messenger-fe-eight.vercel.app/login,269,0,0
1768805196873,378,GET Login,200,OK,Thread Group 3 - Custom 3-6,text,true,,12444,136,20,20,https://messenger-fe-eight.vercel.app/login,259,0,0
1768805196902,366,GET Login,200,OK,Thread Group 3 - Custom 3-5,text,true,,12444,136,20,20,https://messenger-fe-eight.vercel.app/login,238,0,0
1768805196938,330,GET Home,200,OK,Thread Group 3 - Custom 3-14,text,true,,8705,131,20,20,https://messenger-fe-eight.vercel.app/,250,0,0
1768805197067,217,GET Home,200,OK,Thread Group 3 - Custom 3-11,text,true,,8705,131,20,20,https://messenger-fe-eight.vercel.app/,148,0,0
1768805197037,247,GET Login,200,OK,Thread Group 3 - Custom 3-16,text,true,,12444,136,20,20,https://messenger-fe-eight.vercel.app/login,134,0,0
1768805197092,192,GET Home,200,OK,Thread Group 3 - Custom 3-20,text,true,,8705,131,20,20,https://messenger-fe-eight.vercel.app/,146,0,0
1768805196938,381,GET Login,200,OK,Thread Group 3 - Custom 3-1,text,true,,12444,136,20,20,https://messenger-fe-eight.vercel.app/login,194,0,0
1768805197054,286,GET Home,200,OK,Thread Group 3 - Custom 3-4,text,true,,8705,131,20,20,https://messenger-fe-eight.vercel.app/,183,0,0
1768805197093,247,GET Home,200,OK,Thread Group 3 - Custom 3-2,text,true,,8705,131,20,20,https://messenger-fe-eight.vercel.app/,145,0,0
1768805197126,253,GET Home,200,OK,Thread Group 3 - Custom 3-15,text,true,,8705,131,20,20,https://messenger-fe-eight.vercel.app/,173,0,0
1768805197110,270,GET Home,200,OK,Thread Group 3 - Custom 3-17,text,true,,8705,131,20,20,https://messenger-fe-eight.vercel.app/,189,0,0
1768805197092,304,GET Login,200,OK,Thread Group 3 - Custom 3-10,text,true,,12444,136,20,20,https://messenger-fe-eight.vercel.app/login,146,0,0
1768805197104,304,GET Login,200,OK,Thread Group 3 - Custom 3-7,text,true,,12444,136,20,20,https://messenger-fe-eight.vercel.app/login,215,0,0
1768805197162,263,GET Home,200,OK,Thread Group 3 - Custom 3-18,text,true,,8705,131,20,20,https://messenger-fe-eight.vercel.app/,178,0,0
1768805197170,266,GET Home,200,OK,Thread Group 3 - Custom 3-19,text,true,,8705,131,20,20,https://messenger-fe-eight.vercel.app/,170,0,0
1768805197239,212,GET Home,200,OK,Thread Group 3 - Custom 3-9,text,true,,8705,131,20,20,https://messenger-fe-eight.vercel.app/,156,0,0
1768805197239,212,GET Home,200,OK,Thread Group 3 - Custom 3-8,text,true,,8705,131,20,20,https://messenger-fe-eight.vercel.app/,156,0,0
1768805197188,271,GET Login,200,OK,Thread Group 3 - Custom 3-13,text,true,,12444,136,20,20,https://messenger-fe-eight.vercel.app/login,189,0,0
1768805197251,223,GET Home,200,OK,Thread Group 3 - Custom 3-6,text,true,,8705,131,20,20,https://messenger-fe-eight.vercel.app/,162,0,0
1768805197215,270,GET Login,200,OK,Thread Group 3 - Custom 3-3,text,true,,12444,136,20,20,https://messenger-fe-eight.vercel.app/login,165,0,0
1768805197239,278,GET Login,200,OK,Thread Group 3 - Custom 3-12,text,true,,12444,136,20,20,https://messenger-fe-eight.vercel.app/login,156,0,0
1768805197284,233,GET Home,200,OK,Thread Group 3 - Custom 3-16,text,true,,8705,131,20,20,https://messenger-fe-eight.vercel.app/,141,0,0
1768805197268,250,GET Home,200,OK,Thread Group 3 - Custom 3-5,text,true,,8705,131,20,20,https://messenger-fe-eight.vercel.app/,166,0,0
1768805197284,239,GET Login,200,OK,Thread Group 3 - Custom 3-20,text,true,,12444,136,20,20,https://messenger-fe-eight.vercel.app/login,134,0,0
1768805197284,273,GET Login,200,OK,Thread Group 3 - Custom 3-11,text,true,,12444,136,20,20,https://messenger-fe-eight.vercel.app/login,152,0,0
1768805197268,294,GET Login,200,OK,Thread Group 3 - Custom 3-14,text,true,,12444,136,20,20,https://messenger-fe-eight.vercel.app/login,157,0,0
1768805197319,243,GET Home,200,OK,Thread Group 3 - Custom 3-1,text,true,,8705,131,20,20,https://messenger-fe-eight.vercel.app/,173,0,0
1768805197340,237,GET Login,200,OK,Thread Group 3 - Custom 3-4,text,true,,12444,136,20,20,https://messenger-fe-eight.vercel.app/login,145,0,0
1768805197396,198,GET Home,200,OK,Thread Group 3 - Custom 3-10,text,true,,8705,131,20,20,https://messenger-fe-eight.vercel.app/,160,0,0
1768805197340,257,GET Login,200,OK,Thread Group 3 - Custom 3-2,text,true,,12444,136,20,20,https://messenger-fe-eight.vercel.app/login,151,0,0
1768805197408,254,GET Home,200,OK,Thread Group 3 - Custom 3-7,text,true,,8705,131,20,20,https://messenger-fe-eight.vercel.app/,154,0,0
1768805197459,208,GET Home,200,OK,Thread Group 3 - Custom 3-13,text,true,,8705,131,20,20,https://messenger-fe-eight.vercel.app/,147,0,0
1768805197380,288,GET Login,200,OK,Thread Group 3 - Custom 3-17,text,true,,12444,136,20,20,https://messenger-fe-eight.vercel.app/login,176,0,0
1768805197379,305,GET Login,200,OK,Thread Group 3 - Custom 3-15,text,true,,12444,136,20,20,https://messenger-fe-eight.vercel.app/login,183,0,0
1768805197451,236,GET Login,200,OK,Thread Group 3 - Custom 3-9,text,true,,12444,136,20,20,https://messenger-fe-eight.vercel.app/login,143,0,0
1768805197451,236,GET Login,200,OK,Thread Group 3 - Custom 3-8,text,true,,12444,136,20,20,https://messenger-fe-eight.vercel.app/login,143,0,0
1768805197485,228,GET Home,200,OK,Thread Group 3 - Custom 3-3,text,true,,8705,131,20,20,https://messenger-fe-eight.vercel.app/,156,0,0
1768805197475,283,GET Login,200,OK,Thread Group 3 - Custom 3-6,text,true,,12444,136,20,20,https://messenger-fe-eight.vercel.app/login,166,0,0
1768805197425,345,GET Login,200,OK,Thread Group 3 - Custom 3-18,text,true,,12444,136,20,20,https://messenger-fe-eight.vercel.app/login,171,0,0
1768805197523,247,GET Home,200,OK,Thread Group 3 - Custom 3-20,text,true,,8705,131,20,20,https://messenger-fe-eight.vercel.app/,190,0,0
1768805197518,252,GET Home,200,OK,Thread Group 3 - Custom 3-12,text,true,,8705,131,20,20,https://messenger-fe-eight.vercel.app/,195,0,0
1768805197577,193,GET Home,200,OK,Thread Group 3 - Custom 3-4,text,true,,8705,131,20,20,https://messenger-fe-eight.vercel.app/,140,0,0
1768805197436,361,GET Login,200,OK,Thread Group 3 - Custom 3-19,text,true,,12444,136,20,20,https://messenger-fe-eight.vercel.app/login,205,0,0
1768805197558,240,GET Home,200,OK,Thread Group 3 - Custom 3-11,text,true,,8705,131,20,20,https://messenger-fe-eight.vercel.app/,169,0,0
1768805197562,259,GET Home,200,OK,Thread Group 3 - Custom 3-14,text,true,,8705,131,20,20,https://messenger-fe-eight.vercel.app/,165,0,0
1768805197518,307,GET Login,200,OK,Thread Group 3 - Custom 3-16,text,true,,12444,136,20,20,https://messenger-fe-eight.vercel.app/login,195,0,0
1768805197597,230,GET Home,200,OK,Thread Group 3 - Custom 3-2,text,true,,8705,131,20,20,https://messenger-fe-eight.vercel.app/,160,0,0
1768805197594,233,GET Login,200,OK,Thread Group 3 - Custom 3-10,text,true,,12444,136,20,20,https://messenger-fe-eight.vercel.app/login,163,0,0
1768805197562,266,GET Login,200,OK,Thread Group 3 - Custom 3-1,text,true,,12444,136,20,20,https://messenger-fe-eight.vercel.app/login,165,0,0
1768805197518,310,GET Login,200,OK,Thread Group 3 - Custom 3-5,text,true,,12444,136,20,20,https://messenger-fe-eight.vercel.app/login,195,0,0
1768805197687,198,GET Home,200,OK,Thread Group 3 - Custom 3-9,text,true,,8705,131,20,20,https://messenger-fe-eight.vercel.app/,141,0,0
1768805197662,232,GET Login,200,OK,Thread Group 3 - Custom 3-7,text,true,,12444,136,20,20,https://messenger-fe-eight.vercel.app/login,163,0,0
1768805197685,222,GET Home,200,OK,Thread Group 3 - Custom 3-15,text,true,,8705,131,20,20,https://messenger-fe-eight.vercel.app/,146,0,0
1768805197668,242,GET Home,200,OK,Thread Group 3 - Custom 3-17,text,true,,8705,131,20,20,https://messenger-fe-eight.vercel.app/,188,0,0
1768805197668,251,GET Login,200,OK,Thread Group 3 - Custom 3-13,text,true,,12444,136,20,20,https://messenger-fe-eight.vercel.app/login,157,0,0
1768805197713,278,GET Login,200,OK,Thread Group 3 - Custom 3-3,text,true,,12444,136,20,20,https://messenger-fe-eight.vercel.app/login,160,0,0
1768805197759,232,GET Home,200,OK,Thread Group 3 - Custom 3-6,text,true,,8705,131,20,20,https://messenger-fe-eight.vercel.app/,160,0,0
1768805197687,304,GET Home,200,OK,Thread Group 3 - Custom 3-8,text,true,,8705,131,20,20,https://messenger-fe-eight.vercel.app/,139,0,0
1768805197770,249,GET Login,200,OK,Thread Group 3 - Custom 3-4,text,true,,12444,136,20,20,https://messenger-fe-eight.vercel.app/login,150,0,0
1768805197770,249,GET Login,200,OK,Thread Group 3 - Custom 3-20,text,true,,12444,136,20,20,https://messenger-fe-eight.vercel.app/login,150,0,0
1768805197770,255,GET Login,200,OK,Thread Group 3 - Custom 3-12,text,true,,12444,136,20,20,https://messenger-fe-eight.vercel.app/login,174,0,0
1768805197770,268,GET Home,200,OK,Thread Group 3 - Custom 3-18,text,true,,8705,131,20,20,https://messenger-fe-eight.vercel.app/,176,0,0
1768805197799,263,GET Login,200,OK,Thread Group 3 - Custom 3-11,text,true,,12444,136,20,20,https://messenger-fe-eight.vercel.app/login,152,0,0
1768805197827,240,GET Home,200,OK,Thread Group 3 - Custom 3-10,text,true,,8705,131,20,20,https://messenger-fe-eight.vercel.app/,183,0,0
1768805197826,241,GET Home,200,OK,Thread Group 3 - Custom 3-16,text,true,,8705,131,20,20,https://messenger-fe-eight.vercel.app/,184,0,0
1768805197798,280,GET Home,200,OK,Thread Group 3 - Custom 3-19,text,true,,8705,131,20,20,https://messenger-fe-eight.vercel.app/,193,0,0
1768805197894,185,GET Home,200,OK,Thread Group 3 - Custom 3-7,text,true,,8705,131,20,20,https://messenger-fe-eight.vercel.app/,139,0,0
1768805197828,272,GET Home,200,OK,Thread Group 3 - Custom 3-5,text,true,,8705,131,20,20,https://messenger-fe-eight.vercel.app/,191,0,0
1768805197919,211,GET Home,200,OK,Thread Group 3 - Custom 3-13,text,true,,8705,131,20,20,https://messenger-fe-eight.vercel.app/,148,0,0
1768805197822,350,GET Login,200,OK,Thread Group 3 - Custom 3-14,text,true,,12444,136,20,20,https://messenger-fe-eight.vercel.app/login,197,0,0
1768805197828,344,GET Home,200,OK,Thread Group 3 - Custom 3-1,text,true,,8705,131,20,20,https://messenger-fe-eight.vercel.app/,182,0,0
1768805197885,287,GET Login,200,OK,Thread Group 3 - Custom 3-9,text,true,,12444,136,20,20,https://messenger-fe-eight.vercel.app/login,135,0,0
1768805197827,362,GET Login,200,OK,Thread Group 3 - Custom 3-2,text,true,,12444,136,20,20,https://messenger-fe-eight.vercel.app/login,258,0,0
1768805197911,278,GET Login,200,OK,Thread Group 3 - Custom 3-17,text,true,,12444,136,20,20,https://messenger-fe-eight.vercel.app/login,151,0,0
1768805197908,294,GET Login,200,OK,Thread Group 3 - Custom 3-15,text,true,,12444,136,20,20,https://messenger-fe-eight.vercel.app/login,159,0,0
1768805198062,194,GET Home,200,OK,Thread Group 3 - Custom 3-11,text,true,,8705,131,20,20,https://messenger-fe-eight.vercel.app/,140,0,0
1768805197991,284,GET Home,200,OK,Thread Group 3 - Custom 3-3,text,true,,8705,131,20,20,https://messenger-fe-eight.vercel.app/,208,0,0
1768805198025,251,GET Home,200,OK,Thread Group 3 - Custom 3-12,text,true,,8705,131,20,20,https://messenger-fe-eight.vercel.app/,177,0,0
1768805198020,256,GET Home,200,OK,Thread Group 3 - Custom 3-4,text,true,,8705,131,20,20,https://messenger-fe-eight.vercel.app/,176,0,0
1768805198020,261,GET Home,200,OK,Thread Group 3 - Custom 3-20,text,true,,8705,131,20,20,https://messenger-fe-eight.vercel.app/,169,0,0
1768805198067,214,GET Login,200,OK,Thread Group 3 - Custom 3-10,text,true,,12444,136,20,20,https://messenger-fe-eight.vercel.app/login,135,0,0
1768805197991,311,GET Login,200,OK,Thread Group 3 - Custom 3-8,text,true,,12444,136,20,20,https://messenger-fe-eight.vercel.app/login,211,0,0
1768805197991,320,GET Login,200,OK,Thread Group 3 - Custom 3-6,text,true,,12444,136,20,20,https://messenger-fe-eight.vercel.app/login,211,0,0
1768805198067,249,GET Login,200,OK,Thread Group 3 - Custom 3-16,text,true,,12444,136,20,20,https://messenger-fe-eight.vercel.app/login,146,0,0
1768805198079,237,GET Login,200,OK,Thread Group 3 - Custom 3-7,text,true,,12444,136,20,20,https://messenger-fe-eight.vercel.app/login,151,0,0
1768805198101,261,GET Login,200,OK,Thread Group 3 - Custom 3-5,text,true,,12444,136,20,20,https://messenger-fe-eight.vercel.app/login,155,0,0
1768805198038,349,GET Login,200,OK,Thread Group 3 - Custom 3-18,text,true,,12444,136,20,20,https://messenger-fe-eight.vercel.app/login,192,0,0
1768805198172,215,GET Home,200,OK,Thread Group 3 - Custom 3-9,text,true,,8705,131,20,20,https://messenger-fe-eight.vercel.app/,152,0,0
1768805198189,199,GET Home,200,OK,Thread Group 3 - Custom 3-2,text,true,,8705,131,20,20,https://messenger-fe-eight.vercel.app/,153,0,0
1768805198078,310,GET Login,200,OK,Thread Group 3 - Custom 3-19,text,true,,12444,136,20,20,https://messenger-fe-eight.vercel.app/login,177,0,0
1768805198131,269,GET Login,200,OK,Thread Group 3 - Custom 3-13,text,true,,12444,136,20,20,https://messenger-fe-eight.vercel.app/login,180,0,0
1768805198190,212,GET Home,200,OK,Thread Group 3 - Custom 3-17,text,true,,8705,131,20,20,https://messenger-fe-eight.vercel.app/,153,0,0
1768805198172,238,GET Home,200,OK,Thread Group 3 - Custom 3-14,text,true,,8705,131,20,20,https://messenger-fe-eight.vercel.app/,171,0,0
1768805198202,212,GET Home,200,OK,Thread Group 3 - Custom 3-15,text,true,,8705,131,20,20,https://messenger-fe-eight.vercel.app/,141,0,0
1768805198172,267,GET Login,200,OK,Thread Group 3 - Custom 3-1,text,true,,12444,136,20,20,https://messenger-fe-eight.vercel.app/login,170,0,0
1768805198281,203,GET Home,200,OK,Thread Group 3 - Custom 3-10,text,true,,8705,131,20,20,https://messenger-fe-eight.vercel.app/,130,0,0
1768805198303,207,GET Home,200,OK,Thread Group 3 - Custom 3-8,text,true,,8705,131,20,20,https://messenger-fe-eight.vercel.app/,139,0,0
1768805198311,200,GET Home,200,OK,Thread Group 3 - Custom 3-6,text,true,,8705,131,20,20,https://messenger-fe-eight.vercel.app/,133,0,0
1768805198281,230,GET Login,200,OK,Thread Group 3 - Custom 3-20,text,true,,12444,136,20,20,https://messenger-fe-eight.vercel.app/login,133,0,0
1768805198316,195,GET Home,200,OK,Thread Group 3 - Custom 3-7,text,true,,8705,131,20,20,https://messenger-fe-eight.vercel.app/,168,0,0
1768805198275,236,GET Login,200,OK,Thread Group 3 - Custom 3-3,text,true,,12444,136,20,20,https://messenger-fe-eight.vercel.app/login,127,0,0
1768805198316,204,GET Home,200,OK,Thread Group 3 - Custom 3-16,text,true,,8705,131,20,20,https://messenger-fe-eight.vercel.app/,168,0,0
1768805198256,265,GET Login,200,OK,Thread Group 3 - Custom 3-11,text,true,,12444,136,20,20,https://messenger-fe-eight.vercel.app/login,168,0,0
1768805198276,279,GET Login,200,OK,Thread Group 3 - Custom 3-12,text,true,,12444,136,20,20,https://messenger-fe-eight.vercel.app/login,148,0,0
1768805198362,215,GET Home,200,OK,Thread Group 3 - Custom 3-5,text,true,,8705,131,20,20,https://messenger-fe-eight.vercel.app/,147,0,0
1768805198400,188,GET Home,200,OK,Thread Group 3 - Custom 3-13,text,true,,8705,131,20,20,https://messenger-fe-eight.vercel.app/,157,0,0
1768805198387,242,GET Login,200,OK,Thread Group 3 - Custom 3-9,text,true,,12444,136,20,20,https://messenger-fe-eight.vercel.app/login,133,0,0
1768805198388,242,GET Login,200,OK,Thread Group 3 - Custom 3-2,text,true,,12444,136,20,20,https://messenger-fe-eight.vercel.app/login,132,0,0
1768805198387,243,GET Home,200,OK,Thread Group 3 - Custom 3-18,text,true,,8705,131,20,20,https://messenger-fe-eight.vercel.app/,170,0,0
1768805198276,370,GET Login,200,OK,Thread Group 3 - Custom 3-4,text,true,,12444,136,20,20,https://messenger-fe-eight.vercel.app/login,138,0,0
1768805198402,258,GET Login,200,OK,Thread Group 3 - Custom 3-17,text,true,,12444,136,20,20,https://messenger-fe-eight.vercel.app/login,153,0,0
1768805198440,220,GET Home,200,OK,Thread Group 3 - Custom 3-1,text,true,,8705,131,20,20,https://messenger-fe-eight.vercel.app/,148,0,0
1768805198388,273,GET Home,200,OK,Thread Group 3 - Custom 3-19,text,true,,8705,131,20,20,https://messenger-fe-eight.vercel.app/,167,0,0
1768805198414,282,GET Login,200,OK,Thread Group 3 - Custom 3-15,text,true,,12444,136,20,20,https://messenger-fe-eight.vercel.app/login,168,0,0
1768805198410,286,GET Login,200,OK,Thread Group 3 - Custom 3-14,text,true,,12444,136,20,20,https://messenger-fe-eight.vercel.app/login,168,0,0
1768805198484,255,GET Login,200,OK,Thread Group 3 - Custom 3-10,text,true,,12444,136,20,20,https://messenger-fe-eight.vercel.app/login,162,0,0
1768805198511,230,GET Home,200,OK,Thread Group 3 - Custom 3-20,text,true,,8705,131,20,20,https://messenger-fe-eight.vercel.app/,174,0,0
1768805198521,254,GET Home,200,OK,Thread Group 3 - Custom 3-11,text,true,,8705,131,20,20,https://messenger-fe-eight.vercel.app/,170,0,0
1768805198556,219,GET Home,200,OK,Thread Group 3 - Custom 3-12,text,true,,8705,131,20,20,https://messenger-fe-eight.vercel.app/,135,0,0
1768805198511,265,GET Login,200,OK,Thread Group 3 - Custom 3-7,text,true,,12444,136,20,20,https://messenger-fe-eight.vercel.app/login,174,0,0
1768805198511,269,GET Login,200,OK,Thread Group 3 - Custom 3-8,text,true,,12444,136,20,20,https://messenger-fe-eight.vercel.app/login,174,0,0
1768805198521,266,GET Login,200,OK,Thread Group 3 - Custom 3-16,text,true,,12444,136,20,20,https://messenger-fe-eight.vercel.app/login,164,0,0
1768805198511,281,GET Login,200,OK,Thread Group 3 - Custom 3-6,text,true,,12444,136,20,20,https://messenger-fe-eight.vercel.app/login,180,0,0
1768805198511,311,GET Home,200,OK,Thread Group 3 - Custom 3-3,text,true,,8705,131,20,20,https://messenger-fe-eight.vercel.app/,174,0,0
1768805198588,256,GET Login,200,OK,Thread Group 3 - Custom 3-13,text,true,,12444,136,20,20,https://messenger-fe-eight.vercel.app/login,185,0,0
1768805198660,273,GET Home,200,OK,Thread Group 3 - Custom 3-17,text,true,,8705,131,20,20,https://messenger-fe-eight.vercel.app/,200,0,0
1768805198630,312,GET Home,200,OK,Thread Group 3 - Custom 3-2,text,true,,8705,131,20,20,https://messenger-fe-eight.vercel.app/,230,0,0
1768805198646,296,GET Home,200,OK,Thread Group 3 - Custom 3-4,text,true,,8705,131,20,20,https://messenger-fe-eight.vercel.app/,239,0,0
1768805198696,255,GET Home,200,OK,Thread Group 3 - Custom 3-14,text,true,,8705,131,20,20,https://messenger-fe-eight.vercel.app/,175,0,0
1768805198696,255,GET Home,200,OK,Thread Group 3 - Custom 3-15,text,true,,8705,131,20,20,https://messenger-fe-eight.vercel.app/,175,0,0
1768805198578,373,GET Login,200,OK,Thread Group 3 - Custom 3-5,text,true,,12444,136,20,20,https://messenger-fe-eight.vercel.app/login,269,0,0
1768805198660,312,GET Login,200,OK,Thread Group 3 - Custom 3-1,text,true,,12444,136,20,20,https://messenger-fe-eight.vercel.app/login,200,0,0
1768805198788,195,GET Home,200,OK,Thread Group 3 - Custom 3-16,text,true,,8705,131,20,20,https://messenger-fe-eight.vercel.app/,136,0,0
1768805198740,244,GET Home,200,OK,Thread Group 3 - Custom 3-10,text,true,,8705,131,20,20,https://messenger-fe-eight.vercel.app/,159,0,0
1768805198780,205,GET Home,200,OK,Thread Group 3 - Custom 3-8,text,true,,8705,131,20,20,https://messenger-fe-eight.vercel.app/,143,0,0
1768805198776,209,GET Home,200,OK,Thread Group 3 - Custom 3-7,text,true,,8705,131,20,20,https://messenger-fe-eight.vercel.app/,133,0,0
1768805198793,192,GET Home,200,OK,Thread Group 3 - Custom 3-6,text,true,,8705,131,20,20,https://messenger-fe-eight.vercel.app/,140,0,0
1768805198741,257,GET Login,200,OK,Thread Group 3 - Custom 3-20,text,true,,12444,136,20,20,https://messenger-fe-eight.vercel.app/login,160,0,0
1768805198775,249,GET Login,200,OK,Thread Group 3 - Custom 3-11,text,true,,12444,136,20,20,https://messenger-fe-eight.vercel.app/login,149,0,0
1768805198661,364,GET Login,200,OK,Thread Group 3 - Custom 3-19,text,true,,12444,136,20,20,https://messenger-fe-eight.vercel.app/login,217,0,0
1768805198775,302,GET Login,200,OK,Thread Group 3 - Custom 3-12,text,true,,12444,136,20,20,https://messenger-fe-eight.vercel.app/login,158,0,0
1768805198630,448,GET Login,200,OK,Thread Group 3 - Custom 3-18,text,true,,12444,136,20,20,https://messenger-fe-eight.vercel.app/login,271,0,0
1768805198844,234,GET Home,200,OK,Thread Group 3 - Custom 3-13,text,true,,8705,131,20,20,https://messenger-fe-eight.vercel.app/,154,0,0
1768805198822,264,GET Login,200,OK,Thread Group 3 - Custom 3-3,text,true,,12444,136,20,20,https://messenger-fe-eight.vercel.app/login,150,0,0
1768805198630,459,GET Home,200,OK,Thread Group 3 - Custom 3-9,text,true,,8705,131,20,20,https://messenger-fe-eight.vercel.app/,447,0,0
1768805198951,228,GET Home,200,OK,Thread Group 3 - Custom 3-5,text,true,,8705,131,20,20,https://messenger-fe-eight.vercel.app/,170,0,0
1768805198933,267,GET Login,200,OK,Thread Group 3 - Custom 3-17,text,true,,12444,136,20,20,https://messenger-fe-eight.vercel.app/login,156,0,0
1768805198999,201,GET Home,200,OK,Thread Group 3 - Custom 3-20,text,true,,8705,131,20,20,https://messenger-fe-eight.vercel.app/,145,0,0
1768805198942,266,GET Login,200,OK,Thread Group 3 - Custom 3-2,text,true,,12444,136,20,20,https://messenger-fe-eight.vercel.app/login,163,0,0
1768805198942,267,GET Login,200,OK,Thread Group 3 - Custom 3-4,text,true,,12444,136,20,20,https://messenger-fe-eight.vercel.app/login,170,0,0
1768805199025,191,GET Home,200,OK,Thread Group 3 - Custom 3-11,text,true,,8705,131,20,20,https://messenger-fe-eight.vercel.app/,132,0,0
1768805198972,256,GET Home,200,OK,Thread Group 3 - Custom 3-1,text,true,,8705,131,20,20,https://messenger-fe-eight.vercel.app/,185,0,0
1768805198984,244,GET Login,200,OK,Thread Group 3 - Custom 3-10,text,true,,12444,136,20,20,https://messenger-fe-eight.vercel.app/login,154,0,0
1768805198951,282,GET Login,200,OK,Thread Group 3 - Custom 3-15,text,true,,12444,136,20,20,https://messenger-fe-eight.vercel.app/login,172,0,0
1768805198985,248,GET Login,200,OK,Thread Group 3 - Custom 3-7,text,true,,12444,136,20,20,https://messenger-fe-eight.vercel.app/login,159,0,0
1768805198951,293,GET Login,200,OK,Thread Group 3 - Custom 3-14,text,true,,12444,136,20,20,https://messenger-fe-eight.vercel.app/login,172,0,0
1768805198985,269,GET Login,200,OK,Thread Group 3 - Custom 3-8,text,true,,12444,136,20,20,https://messenger-fe-eight.vercel.app/login,164,0,0
1768805198985,273,GET Login,200,OK,Thread Group 3 - Custom 3-6,text,true,,12444,136,20,20,https://messenger-fe-eight.vercel.app/login,164,0,0
1768805199025,237,GET Home,200,OK,Thread Group 3 - Custom 3-19,text,true,,8705,131,20,20,https://messenger-fe-eight.vercel.app/,154,0,0
1768805198984,278,GET Login,200,OK,Thread Group 3 - Custom 3-16,text,true,,12444,136,20,20,https://messenger-fe-eight.vercel.app/login,179,0,0
1768805199078,208,GET Home,200,OK,Thread Group 3 - Custom 3-12,text,true,,8705,131,20,20,https://messenger-fe-eight.vercel.app/,150,0,0
1768805199086,228,GET Home,200,OK,Thread Group 3 - Custom 3-3,text,true,,8705,131,20,20,https://messenger-fe-eight.vercel.app/,169,0,0
1768805199078,236,GET Login,200,OK,Thread Group 3 - Custom 3-13,text,true,,12444,136,20,20,https://messenger-fe-eight.vercel.app/login,144,0,0
1768805199078,250,GET Home,200,OK,Thread Group 3 - Custom 3-18,text,true,,8705,131,20,20,https://messenger-fe-eight.vercel.app/,165,0,0
1768805199208,191,GET Home,200,OK,Thread Group 3 - Custom 3-2,text,true,,8705,131,20,20,https://messenger-fe-eight.vercel.app/,124,0,0
1768805199209,190,GET Home,200,OK,Thread Group 3 - Custom 3-4,text,true,,8705,131,20,20,https://messenger-fe-eight.vercel.app/,144,0,0
1768805199200,206,GET Home,200,OK,Thread Group 3 - Custom 3-17,text,true,,8705,131,20,20,https://messenger-fe-eight.vercel.app/,138,0,0
1768805199200,226,GET Login,200,OK,Thread Group 3 - Custom 3-20,text,true,,12444,136,20,20,https://messenger-fe-eight.vercel.app/login,138,0,0
1768805199228,207,GET Home,200,OK,Thread Group 3 - Custom 3-10,text,true,,8705,131,20,20,https://messenger-fe-eight.vercel.app/,158,0,0
1768805199179,256,GET Login,200,OK,Thread Group 3 - Custom 3-5,text,true,,12444,136,20,20,https://messenger-fe-eight.vercel.app/login,141,0,0
1768805199255,191,GET Home,200,OK,Thread Group 3 - Custom 3-8,text,true,,8705,131,20,20,https://messenger-fe-eight.vercel.app/,144,0,0
1768805199089,403,GET Login,200,OK,Thread Group 3 - Custom 3-9,text,true,,12444,136,20,20,https://messenger-fe-eight.vercel.app/login,165,0,0
1768805199233,260,GET Home,200,OK,Thread Group 3 - Custom 3-7,text,true,,8705,131,20,20,https://messenger-fe-eight.vercel.app/,154,0,0
1768805199262,231,GET Home,200,OK,Thread Group 3 - Custom 3-16,text,true,,8705,131,20,20,https://messenger-fe-eight.vercel.app/,147,0,0
1768805199216,277,GET Login,200,OK,Thread Group 3 - Custom 3-11,text,true,,12444,136,20,20,https://messenger-fe-eight.vercel.app/login,170,0,0
1768805199233,260,GET Home,200,OK,Thread Group 3 - Custom 3-15,text,true,,8705,131,20,20,https://messenger-fe-eight.vercel.app/,166,0,0
1768805199244,250,GET Home,200,OK,Thread Group 3 - Custom 3-14,text,true,,8705,131,20,20,https://messenger-fe-eight.vercel.app/,156,0,0
1768805199258,236,GET Home,200,OK,Thread Group 3 - Custom 3-6,text,true,,8705,131,20,20,https://messenger-fe-eight.vercel.app/,139,0,0
1768805199228,266,GET Login,200,OK,Thread Group 3 - Custom 3-1,text,true,,12444,136,20,20,https://messenger-fe-eight.vercel.app/login,158,0,0
1768805199286,277,GET Login,200,OK,Thread Group 3 - Custom 3-12,text,true,,12444,136,20,20,https://messenger-fe-eight.vercel.app/login,160,0,0
1768805199262,302,GET Login,200,OK,Thread Group 3 - Custom 3-19,text,true,,12444,136,20,20,https://messenger-fe-eight.vercel.app/login,159,0,0
1768805199315,249,GET Login,200,OK,Thread Group 3 - Custom 3-3,text,true,,12444,136,20,20,https://messenger-fe-eight.vercel.app/login,178,0,0
1768805199329,291,GET Login,200,OK,Thread Group 3 - Custom 3-18,text,true,,12444,136,20,20,https://messenger-fe-eight.vercel.app/login,165,0,0
1768805199426,200,GET Home,200,OK,Thread Group 3 - Custom 3-20,text,true,,8705,131,20,20,https://messenger-fe-eight.vercel.app/,151,0,0
1768805199400,226,GET Login,200,OK,Thread Group 3 - Custom 3-2,text,true,,12444,136,20,20,https://messenger-fe-eight.vercel.app/login,160,0,0
1768805199400,233,GET Login,200,OK,Thread Group 3 - Custom 3-4,text,true,,12444,136,20,20,https://messenger-fe-eight.vercel.app/login,162,0,0
1768805199408,229,GET Login,200,OK,Thread Group 3 - Custom 3-17,text,true,,12444,136,20,20,https://messenger-fe-eight.vercel.app/login,152,0,0
1768805199435,209,GET Home,200,OK,Thread Group 3 - Custom 3-5,text,true,,8705,131,20,20,https://messenger-fe-eight.vercel.app/,149,0,0
1768805199435,242,GET Login,200,OK,Thread Group 3 - Custom 3-10,text,true,,12444,136,20,20,https://messenger-fe-eight.vercel.app/login,142,0,0
1768805199315,363,GET Home,200,OK,Thread Group 3 - Custom 3-13,text,true,,8705,131,20,20,https://messenger-fe-eight.vercel.app/,177,0,0
1768805199493,194,GET Home,200,OK,Thread Group 3 - Custom 3-9,text,true,,8705,131,20,20,https://messenger-fe-eight.vercel.app/,139,0,0
1768805199494,236,GET Home,200,OK,Thread Group 3 - Custom 3-1,text,true,,8705,131,20,20,https://messenger-fe-eight.vercel.app/,139,0,0
1768805199493,237,GET Home,200,OK,Thread Group 3 - Custom 3-11,text,true,,8705,131,20,20,https://messenger-fe-eight.vercel.app/,140,0,0
1768805199446,284,GET Login,200,OK,Thread Group 3 - Custom 3-8,text,true,,12444,136,20,20,https://messenger-fe-eight.vercel.app/login,174,0,0
1768805199493,239,GET Login,200,OK,Thread Group 3 - Custom 3-7,text,true,,12444,136,20,20,https://messenger-fe-eight.vercel.app/login,139,0,0
1768805199493,239,GET Login,200,OK,Thread Group 3 - Custom 3-16,text,true,,12444,136,20,20,https://messenger-fe-eight.vercel.app/login,139,0,0
1768805199494,252,GET Login,200,OK,Thread Group 3 - Custom 3-6,text,true,,12444,136,20,20,https://messenger-fe-eight.vercel.app/login,139,0,0
1768805199493,257,GET Login,200,OK,Thread Group 3 - Custom 3-15,text,true,,12444,136,20,20,https://messenger-fe-eight.vercel.app/login,144,0,0
1768805199494,273,GET Login,200,OK,Thread Group 3 - Custom 3-14,text,true,,12444,136,20,20,https://messenger-fe-eight.vercel.app/login,149,0,0
1768805199564,224,GET Home,200,OK,Thread Group 3 - Custom 3-12,text,true,,8705,131,20,20,https://messenger-fe-eight.vercel.app/,167,0,0
1768805199564,259,GET Home,200,OK,Thread Group 3 - Custom 3-19,text,true,,8705,131,20,20,https://messenger-fe-eight.vercel.app/,168,0,0
1768805199633,190,GET Home,200,OK,Thread Group 3 - Custom 3-4,text,true,,8705,131,20,20,https://messenger-fe-eight.vercel.app/,127,0,0
1768805199565,258,GET Home,200,OK,Thread Group 3 - Custom 3-3,text,true,,8705,131,20,20,https://messenger-fe-eight.vercel.app/,165,0,0
1768805199627,197,GET Home,200,OK,Thread Group 3 - Custom 3-2,text,true,,8705,131,20,20,https://messenger-fe-eight.vercel.app/,147,0,0
1768805199620,211,GET Home,200,OK,Thread Group 3 - Custom 3-18,text,true,,8705,131,20,20,https://messenger-fe-eight.vercel.app/,134,0,0
1768805199637,195,GET Home,200,OK,Thread Group 3 - Custom 3-17,text,true,,8705,131,20,20,https://messenger-fe-eight.vercel.app/,123,0,0
1768805199626,226,GET Login,200,OK,Thread Group 3 - Custom 3-20,text,true,,12444,136,20,20,https://messenger-fe-eight.vercel.app/login,134,0,0
1768805199678,232,GET Home,200,OK,Thread Group 3 - Custom 3-10,text,true,,8705,131,20,20,https://messenger-fe-eight.vercel.app/,189,0,0
1768805199644,272,GET Login,200,OK,Thread Group 3 - Custom 3-5,text,true,,12444,136,20,20,https://messenger-fe-eight.vercel.app/login,160,0,0
1768805199733,201,GET Home,200,OK,Thread Group 3 - Custom 3-16,text,true,,8705,131,20,20,https://messenger-fe-eight.vercel.app/,139,0,0
1768805199731,203,GET Home,200,OK,Thread Group 3 - Custom 3-8,text,true,,8705,131,20,20,https://messenger-fe-eight.vercel.app/,141,0,0
1768805199733,201,GET Home,200,OK,Thread Group 3 - Custom 3-7,text,true,,8705,131,20,20,https://messenger-fe-eight.vercel.app/,139,0,0
1768805199678,277,GET Login,200,OK,Thread Group 3 - Custom 3-13,text,true,,12444,136,20,20,https://messenger-fe-eight.vercel.app/login,184,0,0
1768805199751,205,GET Home,200,OK,Thread Group 3 - Custom 3-15,text,true,,8705,131,20,20,https://messenger-fe-eight.vercel.app/,142,0,0
1768805199747,210,GET Home,200,OK,Thread Group 3 - Custom 3-6,text,true,,8705,131,20,20,https://messenger-fe-eight.vercel.app/,131,0,0
1768805199687,283,GET Login,200,OK,Thread Group 3 - Custom 3-9,text,true,,12444,136,20,20,https://messenger-fe-eight.vercel.app/login,191,0,0
1768805199730,245,GET Login,200,OK,Thread Group 3 - Custom 3-1,text,true,,12444,136,20,20,https://messenger-fe-eight.vercel.app/login,148,0,0
1768805199730,256,GET Login,200,OK,Thread Group 3 - Custom 3-11,text,true,,12444,136,20,20,https://messenger-fe-eight.vercel.app/login,155,0,0
1768805199767,219,GET Home,200,OK,Thread Group 3 - Custom 3-14,text,true,,8705,131,20,20,https://messenger-fe-eight.vercel.app/,149,0,0
1768805199788,275,GET Login,200,OK,Thread Group 3 - Custom 3-12,text,true,,12444,136,20,20,https://messenger-fe-eight.vercel.app/login,160,0,0
1768805199823,243,GET Login,200,OK,Thread Group 3 - Custom 3-4,text,true,,12444,136,20,20,https://messenger-fe-eight.vercel.app/login,152,0,0
1768805199832,234,GET Login,200,OK,Thread Group 3 - Custom 3-17,text,true,,12444,136,20,20,https://messenger-fe-eight.vercel.app/login,143,0,0
1768805199852,221,GET Home,200,OK,Thread Group 3 - Custom 3-20,text,true,,8705,131,20,20,https://messenger-fe-eight.vercel.app/,154,0,0
1768805199824,249,GET Login,200,OK,Thread Group 3 - Custom 3-2,text,true,,12444,136,20,20,https://messenger-fe-eight.vercel.app/login,154,0,0
1768805199824,258,GET Login,200,OK,Thread Group 3 - Custom 3-3,text,true,,12444,136,20,20,https://messenger-fe-eight.vercel.app/login,151,0,0
1768805199831,288,GET Login,200,OK,Thread Group 3 - Custom 3-18,text,true,,12444,136,20,20,https://messenger-fe-eight.vercel.app/login,147,0,0
1768805199823,297,GET Login,200,OK,Thread Group 3 - Custom 3-19,text,true,,12444,136,20,20,https://messenger-fe-eight.vercel.app/login,163,0,0
1768805199910,218,GET Login,200,OK,Thread Group 3 - Custom 3-10,text,true,,12444,136,20,20,https://messenger-fe-eight.vercel.app/login,140,0,0
1768805199917,246,GET Home,200,OK,Thread Group 3 - Custom 3-5,text,true,,8705,131,20,20,https://messenger-fe-eight.vercel.app/,149,0,0
1768805199934,229,GET Login,200,OK,Thread Group 3 - Custom 3-16,text,true,,12444,136,20,20,https://messenger-fe-eight.vercel.app/login,132,0,0
1768805199934,229,GET Login,200,OK,Thread Group 3 - Custom 3-7,text,true,,12444,136,20,20,https://messenger-fe-eight.vercel.app/login,132,0,0
1768805199955,211,GET Home,200,OK,Thread Group 3 - Custom 3-13,text,true,,8705,131,20,20,https://messenger-fe-eight.vercel.app/,165,0,0
1768805199934,232,GET Login,200,OK,Thread Group 3 - Custom 3-8,text,true,,12444,136,20,20,https://messenger-fe-eight.vercel.app/login,132,0,0
1768805199971,203,GET Home,200,OK,Thread Group 3 - Custom 3-9,text,true,,8705,131,20,20,https://messenger-fe-eight.vercel.app/,149,0,0
1768805199975,199,GET Home,200,OK,Thread Group 3 - Custom 3-1,text,true,,8705,131,20,20,https://messenger-fe-eight.vercel.app/,148,0,0
1768805199957,259,GET Login,200,OK,Thread Group 3 - Custom 3-6,text,true,,12444,136,20,20,https://messenger-fe-eight.vercel.app/login,163,0,0
1768805199956,277,GET Login,200,OK,Thread Group 3 - Custom 3-15,text,true,,12444,136,20,20,https://messenger-fe-eight.vercel.app/login,167,0,0
1768805199986,292,GET Home,200,OK,Thread Group 3 - Custom 3-11,text,true,,8705,131,20,20,https://messenger-fe-eight.vercel.app/,177,0,0
1768805200066,218,GET Home,200,OK,Thread Group 3 - Custom 3-4,text,true,,8705,131,20,20,https://messenger-fe-eight.vercel.app/,148,0,0
1768805200066,218,GET Home,200,OK,Thread Group 3 - Custom 3-17,text,true,,8705,131,20,20,https://messenger-fe-eight.vercel.app/,150,0,0
1768805199986,301,GET Login,200,OK,Thread Group 3 - Custom 3-14,text,true,,12444,136,20,20,https://messenger-fe-eight.vercel.app/login,180,0,0
1768805200063,245,GET Home,200,OK,Thread Group 3 - Custom 3-12,text,true,,8705,131,20,20,https://messenger-fe-eight.vercel.app/,157,0,0
1768805200073,265,GET Home,200,OK,Thread Group 3 - Custom 3-2,text,true,,8705,131,20,20,https://messenger-fe-eight.vercel.app/,211,0,0
1768805200082,256,GET Home,200,OK,Thread Group 3 - Custom 3-3,text,true,,8705,131,20,20,https://messenger-fe-eight.vercel.app/,202,0,0
1768805200119,241,GET Home,200,OK,Thread Group 3 - Custom 3-18,text,true,,8705,131,20,20,https://messenger-fe-eight.vercel.app/,167,0,0
1768805200163,198,GET Home,200,OK,Thread Group 3 - Custom 3-7,text,true,,8705,131,20,20,https://messenger-fe-eight.vercel.app/,146,0,0
1768805200163,198,GET Home,200,OK,Thread Group 3 - Custom 3-16,text,true,,8705,131,20,20,https://messenger-fe-eight.vercel.app/,153,0,0
1768805200073,288,GET Login,200,OK,Thread Group 3 - Custom 3-20,text,true,,12444,136,20,20,https://messenger-fe-eight.vercel.app/login,211,0,0
1768805200120,260,GET Home,200,OK,Thread Group 3 - Custom 3-19,text,true,,8705,131,20,20,https://messenger-fe-eight.vercel.app/,188,0,0
1768805200166,247,GET Home,200,OK,Thread Group 3 - Custom 3-8,text,true,,8705,131,20,20,https://messenger-fe-eight.vercel.app/,143,0,0
1768805200129,290,GET Home,200,OK,Thread Group 3 - Custom 3-10,text,true,,8705,131,20,20,https://messenger-fe-eight.vercel.app/,187,0,0
1768805200166,253,GET Login,200,OK,Thread Group 3 - Custom 3-13,text,true,,12444,136,20,20,https://messenger-fe-eight.vercel.app/login,143,0,0
1768805200219,200,GET Home,200,OK,Thread Group 3 - Custom 3-6,text,true,,8705,131,20,20,https://messenger-fe-eight.vercel.app/,142,0,0
1768805200163,257,GET Login,200,OK,Thread Group 3 - Custom 3-5,text,true,,12444,136,20,20,https://messenger-fe-eight.vercel.app/login,153,0,0
1768805200174,268,GET Login,200,OK,Thread Group 3 - Custom 3-1,text,true,,12444,136,20,20,https://messenger-fe-eight.vercel.app/login,170,0,0
1768805200174,276,GET Login,200,OK,Thread Group 3 - Custom 3-9,text,true,,12444,136,20,20,https://messenger-fe-eight.vercel.app/login,186,0,0
1768805200234,235,GET Home,200,OK,Thread Group 3 - Custom 3-15,text,true,,8705,131,20,20,https://messenger-fe-eight.vercel.app/,173,0,0
1768805200287,249,GET Home,200,OK,Thread Group 3 - Custom 3-14,text,true,,8705,131,20,20,https://messenger-fe-eight.vercel.app/,183,0,0
1768805200284,262,GET Login,200,OK,Thread Group 3 - Custom 3-4,text,true,,12444,136,20,20,https://messenger-fe-eight.vercel.app/login,185,0,0
1768805200284,268,GET Login,200,OK,Thread Group 3 - Custom 3-17,text,true,,12444,136,20,20,https://messenger-fe-eight.vercel.app/login,185,0,0
1768805200279,279,GET Login,200,OK,Thread Group 3 - Custom 3-11,text,true,,12444,136,20,20,https://messenger-fe-eight.vercel.app/login,190,0,0
1768805200362,212,GET Home,200,OK,Thread Group 3 - Custom 3-20,text,true,,8705,131,20,20,https://messenger-fe-eight.vercel.app/,159,0,0
1768805200338,236,GET Login,200,OK,Thread Group 3 - Custom 3-2,text,true,,12444,136,20,20,https://messenger-fe-eight.vercel.app/login,156,0,0
1768805200308,266,GET Login,200,OK,Thread Group 3 - Custom 3-12,text,true,,12444,136,20,20,https://messenger-fe-eight.vercel.app/login,161,0,0
1768805200338,255,GET Login,200,OK,Thread Group 3 - Custom 3-3,text,true,,12444,136,20,20,https://messenger-fe-eight.vercel.app/login,156,0,0
1768805200361,293,GET Login,200,OK,Thread Group 3 - Custom 3-16,text,true,,12444,136,20,20,https://messenger-fe-eight.vercel.app/login,160,0,0
1768805200361,293,GET Login,200,OK,Thread Group 3 - Custom 3-7,text,true,,12444,136,20,20,https://messenger-fe-eight.vercel.app/login,160,0,0
1768805200420,234,GET Home,200,OK,Thread Group 3 - Custom 3-5,text,true,,8705,131,20,20,https://messenger-fe-eight.vercel.app/,144,0,0
1768805200419,237,GET Home,200,OK,Thread Group 3 - Custom 3-13,text,true,,8705,131,20,20,https://messenger-fe-eight.vercel.app/,141,0,0
1768805200419,237,GET Login,200,OK,Thread Group 3 - Custom 3-10,text,true,,12444,136,20,20,https://messenger-fe-eight.vercel.app/login,139,0,0
1768805200360,296,GET Login,200,OK,Thread Group 3 - Custom 3-18,text,true,,12444,136,20,20,https://messenger-fe-eight.vercel.app/login,168,0,0
1768805200442,214,GET Home,200,OK,Thread Group 3 - Custom 3-1,text,true,,8705,131,20,20,https://messenger-fe-eight.vercel.app/,151,0,0
1768805200413,243,GET Login,200,OK,Thread Group 3 - Custom 3-8,text,true,,12444,136,20,20,https://messenger-fe-eight.vercel.app/login,151,0,0
1768805200380,289,GET Login,200,OK,Thread Group 3 - Custom 3-19,text,true,,12444,136,20,20,https://messenger-fe-eight.vercel.app/login,156,0,0
1768805200419,250,GET Login,200,OK,Thread Group 3 - Custom 3-6,text,true,,12444,136,20,20,https://messenger-fe-eight.vercel.app/login,145,0,0
1768805200450,268,GET Home,200,OK,Thread Group 3 - Custom 3-9,text,true,,8705,131,20,20,https://messenger-fe-eight.vercel.app/,206,0,0
1768805200546,184,GET Home,200,OK,Thread Group 3 - Custom 3-4,text,true,,8705,131,20,20,https://messenger-fe-eight.vercel.app/,136,0,0
1768805200552,216,GET Home,200,OK,Thread Group 3 - Custom 3-17,text,true,,8705,131,20,20,https://messenger-fe-eight.vercel.app/,149,0,0
1768805200559,209,GET Home,200,OK,Thread Group 3 - Custom 3-11,text,true,,8705,131,20,20,https://messenger-fe-eight.vercel.app/,141,0,0
1768805200470,305,GET Login,200,OK,Thread Group 3 - Custom 3-15,text,true,,12444,136,20,20,https://messenger-fe-eight.vercel.app/login,199,0,0
1768805200593,193,GET Home,200,OK,Thread Group 3 - Custom 3-3,text,true,,8705,131,20,20,https://messenger-fe-eight.vercel.app/,138,0,0
1768805200574,225,GET Home,200,OK,Thread Group 3 - Custom 3-2,text,true,,8705,131,20,20,https://messenger-fe-eight.vercel.app/,156,0,0
1768805200574,231,GET Home,200,OK,Thread Group 3 - Custom 3-12,text,true,,8705,131,20,20,https://messenger-fe-eight.vercel.app/,159,0,0
1768805200536,269,GET Login,200,OK,Thread Group 3 - Custom 3-14,text,true,,12444,136,20,20,https://messenger-fe-eight.vercel.app/login,151,0,0
1768805200574,242,GET Login,200,OK,Thread Group 3 - Custom 3-20,text,true,,12444,136,20,20,https://messenger-fe-eight.vercel.app/login,156,0,0
1768805200656,185,GET Home,200,OK,Thread Group 3 - Custom 3-10,text,true,,8705,131,20,20,https://messenger-fe-eight.vercel.app/,130,0,0
1768805200654,187,GET Home,200,OK,Thread Group 3 - Custom 3-16,text,true,,8705,131,20,20,https://messenger-fe-eight.vercel.app/,132,0,0
1768805200654,187,GET Home,200,OK,Thread Group 3 - Custom 3-7,text,true,,8705,131,20,20,https://messenger-fe-eight.vercel.app/,132,0,0
1768805200656,188,GET Home,200,OK,Thread Group 3 - Custom 3-8,text,true,,8705,131,20,20,https://messenger-fe-eight.vercel.app/,143,0,0
1768805200656,202,GET Home,200,OK,Thread Group 3 - Custom 3-18,text,true,,8705,131,20,20,https://messenger-fe-eight.vercel.app/,143,0,0
1768805200656,237,GET Login,200,OK,Thread Group 3 - Custom 3-13,text,true,,12444,136,20,20,https://messenger-fe-eight.vercel.app/login,130,0,0
1768805200669,224,GET Home,200,OK,Thread Group 3 - Custom 3-6,text,true,,8705,131,20,20,https://messenger-fe-eight.vercel.app/,136,0,0
1768805200656,237,GET Login,200,OK,Thread Group 3 - Custom 3-1,text,true,,12444,136,20,20,https://messenger-fe-eight.vercel.app/login,130,0,0
1768805200669,229,GET Home,200,OK,Thread Group 3 - Custom 3-19,text,true,,8705,131,20,20,https://messenger-fe-eight.vercel.app/,159,0,0
1768805200654,275,GET Login,200,OK,Thread Group 3 - Custom 3-5,text,true,,12444,136,20,20,https://messenger-fe-eight.vercel.app/login,145,0,0
1768805200731,228,GET Login,200,OK,Thread Group 3 - Custom 3-4,text,true,,12444,136,20,20,https://messenger-fe-eight.vercel.app/login,144,0,0
1768805200718,255,GET Login,200,OK,Thread Group 3 - Custom 3-9,text,true,,12444,136,20,20,https://messenger-fe-eight.vercel.app/login,156,0,0
1768805200768,231,GET Login,200,OK,Thread Group 3 - Custom 3-17,text,true,,12444,136,20,20,https://messenger-fe-eight.vercel.app/login,161,0,0
1768805200816,214,GET Home,200,OK,Thread Group 3 - Custom 3-20,text,true,,8705,131,20,20,https://messenger-fe-eight.vercel.app/,140,0,0
1768805200775,255,GET Home,200,OK,Thread Group 3 - Custom 3-15,text,true,,8705,131,20,20,https://messenger-fe-eight.vercel.app/,155,0,0
1768805200768,262,GET Login,200,OK,Thread Group 3 - Custom 3-11,text,true,,12444,136,20,20,https://messenger-fe-eight.vercel.app/login,162,0,0
1768805200805,263,GET Home,200,OK,Thread Group 3 - Custom 3-14,text,true,,8705,131,20,20,https://messenger-fe-eight.vercel.app/,151,0,0
1768805200799,270,GET Login,200,OK,Thread Group 3 - Custom 3-2,text,true,,12444,136,20,20,https://messenger-fe-eight.vercel.app/login,150,0,0
1768805200787,282,GET Login,200,OK,Thread Group 3 - Custom 3-3,text,true,,12444,136,20,20,https://messenger-fe-eight.vercel.app/login,162,0,0
1768805200805,264,GET Login,200,OK,Thread Group 3 - Custom 3-12,text,true,,12444,136,20,20,https://messenger-fe-eight.vercel.app/login,151,0,0
1768805200841,233,GET Login,200,OK,Thread Group 3 - Custom 3-10,text,true,,12444,136,20,20,https://messenger-fe-eight.vercel.app/login,141,0,0
1768805200841,233,GET Login,200,OK,Thread Group 3 - Custom 3-7,text,true,,12444,136,20,20,https://messenger-fe-eight.vercel.app/login,141,0,0
1768805200844,235,GET Login,200,OK,Thread Group 3 - Custom 3-8,text,true,,12444,136,20,20,https://messenger-fe-eight.vercel.app/login,138,0,0
1768805200841,238,GET Login,200,OK,Thread Group 3 - Custom 3-16,text,true,,12444,136,20,20,https://messenger-fe-eight.vercel.app/login,154,0,0
1768805200893,203,GET Home,200,OK,Thread Group 3 - Custom 3-1,text,true,,8705,131,20,20,https://messenger-fe-eight.vercel.app/,152,0,0
1768805200893,289,GET Home,200,OK,Thread Group 3 - Custom 3-13,text,true,,8705,131,20,20,https://messenger-fe-eight.vercel.app/,143,0,0
1768805200858,323,GET Login,200,OK,Thread Group 3 - Custom 3-18,text,true,,12444,136,20,20,https://messenger-fe-eight.vercel.app/login,172,0,0
1768805200930,252,GET Home,200,OK,Thread Group 3 - Custom 3-5,text,true,,8705,131,20,20,https://messenger-fe-eight.vercel.app/,183,0,0
1768805200973,230,GET Home,200,OK,Thread Group 3 - Custom 3-9,text,true,,8705,131,20,20,https://messenger-fe-eight.vercel.app/,209,0,0
1768805200898,311,GET Login,200,OK,Thread Group 3 - Custom 3-19,text,true,,12444,136,20,20,https://messenger-fe-eight.vercel.app/login,171,0,0
1768805201030,227,GET Home,200,OK,Thread Group 3 - Custom 3-11,text,true,,8705,131,20,20,https://messenger-fe-eight.vercel.app/,173,0,0
1768805201074,183,GET Home,200,OK,Thread Group 3 - Custom 3-10,text,true,,8705,131,20,20,https://messenger-fe-eight.vercel.app/,134,0,0
1768805201069,188,GET Home,200,OK,Thread Group 3 - Custom 3-2,text,true,,8705,131,20,20,https://messenger-fe-eight.vercel.app/,139,0,0
1768805201079,185,GET Home,200,OK,Thread Group 3 - Custom 3-8,text,true,,8705,131,20,20,https://messenger-fe-eight.vercel.app/,150,0,0
1768805201079,189,GET Home,200,OK,Thread Group 3 - Custom 3-16,text,true,,8705,131,20,20,https://messenger-fe-eight.vercel.app/,150,0,0
1768805201069,199,GET Home,200,OK,Thread Group 3 - Custom 3-3,text,true,,8705,131,20,20,https://messenger-fe-eight.vercel.app/,159,0,0
1768805201069,216,GET Home,200,OK,Thread Group 3 - Custom 3-12,text,true,,8705,131,20,20,https://messenger-fe-eight.vercel.app/,160,0,0
1768805201031,254,GET Login,200,OK,Thread Group 3 - Custom 3-20,text,true,,12444,136,20,20,https://messenger-fe-eight.vercel.app/login,171,0,0
1768805201074,236,GET Home,200,OK,Thread Group 3 - Custom 3-7,text,true,,8705,131,20,20,https://messenger-fe-eight.vercel.app/,129,0,0
1768805201030,280,GET Login,200,OK,Thread Group 3 - Custom 3-15,text,true,,12444,136,20,20,https://messenger-fe-eight.vercel.app/login,172,0,0
1768805201000,311,GET Home,200,OK,Thread Group 3 - Custom 3-17,text,true,,8705,131,20,20,https://messenger-fe-eight.vercel.app/,311,0,0
1768805200893,452,GET Login,200,OK,Thread Group 3 - Custom 3-6,text,true,,12444,136,20,20,https://messenger-fe-eight.vercel.app/login,142,0,0
1768805201096,249,GET Login,200,OK,Thread Group 3 - Custom 3-1,text,true,,12444,136,20,20,https://messenger-fe-eight.vercel.app/login,143,0,0
1768805201069,276,GET Login,200,OK,Thread Group 3 - Custom 3-14,text,true,,12444,136,20,20,https://messenger-fe-eight.vercel.app/login,160,0,0
1768805200959,386,GET Home,200,OK,Thread Group 3 - Custom 3-4,text,true,,8705,131,20,20,https://messenger-fe-eight.vercel.app/,154,0,0
1768805201182,246,GET Home,200,OK,Thread Group 3 - Custom 3-18,text,true,,8705,131,20,20,https://messenger-fe-eight.vercel.app/,173,0,0
1768805201182,258,GET Login,200,OK,Thread Group 3 - Custom 3-13,text,true,,12444,136,20,20,https://messenger-fe-eight.vercel.app/login,163,0,0
1768805201209,240,GET Home,200,OK,Thread Group 3 - Custom 3-19,text,true,,8705,131,20,20,https://messenger-fe-eight.vercel.app/,162,0,0
1768805201203,250,GET Login,200,OK,Thread Group 3 - Custom 3-9,text,true,,12444,136,20,20,https://messenger-fe-eight.vercel.app/login,151,0,0
1768805201182,282,GET Login,200,OK,Thread Group 3 - Custom 3-5,text,true,,12444,136,20,20,https://messenger-fe-eight.vercel.app/login,174,0,0
1768805201285,192,GET Home,200,OK,Thread Group 3 - Custom 3-20,text,true,,8705,131,20,20,https://messenger-fe-eight.vercel.app/,150,0,0
1768805201257,250,GET Login,200,OK,Thread Group 3 - Custom 3-2,text,true,,12444,136,20,20,https://messenger-fe-eight.vercel.app/login,146,0,0
1768805201268,239,GET Login,200,OK,Thread Group 3 - Custom 3-16,text,true,,12444,136,20,20,https://messenger-fe-eight.vercel.app/login,145,0,0
1768805201264,243,GET Login,200,OK,Thread Group 3 - Custom 3-8,text,true,,12444,136,20,20,https://messenger-fe-eight.vercel.app/login,157,0,0
1768805201257,250,GET Login,200,OK,Thread Group 3 - Custom 3-10,text,true,,12444,136,20,20,https://messenger-fe-eight.vercel.app/login,162,0,0
1768805201257,250,GET Login,200,OK,Thread Group 3 - Custom 3-11,text,true,,12444,136,20,20,https://messenger-fe-eight.vercel.app/login,164,0,0
1768805201268,239,GET Login,200,OK,Thread Group 3 - Custom 3-3,text,true,,12444,136,20,20,https://messenger-fe-eight.vercel.app/login,153,0,0
1768805201310,214,GET Login,200,OK,Thread Group 3 - Custom 3-7,text,true,,12444,136,20,20,https://messenger-fe-eight.vercel.app/login,129,0,0
1768805201310,214,GET Home,200,OK,Thread Group 3 - Custom 3-15,text,true,,8705,131,20,20,https://messenger-fe-eight.vercel.app/,154,0,0
1768805201285,245,GET Login,200,OK,Thread Group 3 - Custom 3-12,text,true,,12444,136,20,20,https://messenger-fe-eight.vercel.app/login,154,0,0
1768805201311,229,GET Login,200,OK,Thread Group 3 - Custom 3-17,text,true,,12444,136,20,20,https://messenger-fe-eight.vercel.app/login,142,0,0
1768805201345,195,GET Home,200,OK,Thread Group 3 - Custom 3-1,text,true,,8705,131,20,20,https://messenger-fe-eight.vercel.app/,144,0,0
1768805201345,203,GET Home,200,OK,Thread Group 3 - Custom 3-6,text,true,,8705,131,20,20,https://messenger-fe-eight.vercel.app/,144,0,0
1768805201345,217,GET Home,200,OK,Thread Group 3 - Custom 3-14,text,true,,8705,131,20,20,https://messenger-fe-eight.vercel.app/,162,0,0
1768805201345,241,GET Login,200,OK,Thread Group 3 - Custom 3-4,text,true,,12444,136,20,20,https://messenger-fe-eight.vercel.app/login,144,0,0
1768805201440,198,GET Home,200,OK,Thread Group 3 - Custom 3-13,text,true,,8705,131,20,20,https://messenger-fe-eight.vercel.app/,146,0,0
1768805201453,202,GET Home,200,OK,Thread Group 3 - Custom 3-9,text,true,,8705,131,20,20,https://messenger-fe-eight.vercel.app/,153,0,0
1768805201464,209,GET Home,200,OK,Thread Group 3 - Custom 3-5,text,true,,8705,131,20,20,https://messenger-fe-eight.vercel.app/,145,0,0
1768805201429,271,GET Login,200,OK,Thread Group 3 - Custom 3-18,text,true,,12444,136,20,20,https://messenger-fe-eight.vercel.app/login,157,0,0
1768805201507,193,GET Home,200,OK,Thread Group 3 - Custom 3-8,text,true,,8705,131,20,20,https://messenger-fe-eight.vercel.app/,140,0,0
1768805201507,201,GET Home,200,OK,Thread Group 3 - Custom 3-16,text,true,,8705,131,20,20,https://messenger-fe-eight.vercel.app/,140,0,0
1768805201507,205,GET Home,200,OK,Thread Group 3 - Custom 3-2,text,true,,8705,131,20,20,https://messenger-fe-eight.vercel.app/,140,0,0
1768805201477,242,GET Login,200,OK,Thread Group 3 - Custom 3-20,text,true,,12444,136,20,20,https://messenger-fe-eight.vercel.app/login,144,0,0
1768805201449,270,GET Login,200,OK,Thread Group 3 - Custom 3-19,text,true,,12444,136,20,20,https://messenger-fe-eight.vercel.app/login,158,0,0
1768805201508,211,GET Home,200,OK,Thread Group 3 - Custom 3-11,text,true,,8705,131,20,20,https://messenger-fe-eight.vercel.app/,156,0,0
1768805201508,211,GET Home,200,OK,Thread Group 3 - Custom 3-3,text,true,,8705,131,20,20,https://messenger-fe-eight.vercel.app/,156,0,0
1768805201540,194,GET Home,200,OK,Thread Group 3 - Custom 3-17,text,true,,8705,131,20,20,https://messenger-fe-eight.vercel.app/,146,0,0
1768805201524,211,GET Home,200,OK,Thread Group 3 - Custom 3-7,text,true,,8705,131,20,20,https://messenger-fe-eight.vercel.app/,162,0,0
1768805201507,239,GET Home,200,OK,Thread Group 3 - Custom 3-10,text,true,,8705,131,20,20,https://messenger-fe-eight.vercel.app/,148,0,0
1768805201530,224,GET Home,200,OK,Thread Group 3 - Custom 3-12,text,true,,8705,131,20,20,https://messenger-fe-eight.vercel.app/,170,0,0
1768805201587,199,GET Home,200,OK,Thread Group 3 - Custom 3-4,text,true,,8705,131,20,20,https://messenger-fe-eight.vercel.app/,147,0,0
1768805201549,245,GET Login,200,OK,Thread Group 3 - Custom 3-6,text,true,,12444,136,20,20,https://messenger-fe-eight.vercel.app/login,151,0,0
1768805201524,281,GET Login,200,OK,Thread Group 3 - Custom 3-15,text,true,,12444,136,20,20,https://messenger-fe-eight.vercel.app/login,176,0,0
1768805201540,269,GET Login,200,OK,Thread Group 3 - Custom 3-1,text,true,,12444,136,20,20,https://messenger-fe-eight.vercel.app/login,179,0,0
1768805201562,247,GET Login,200,OK,Thread Group 3 - Custom 3-14,text,true,,12444,136,20,20,https://messenger-fe-eight.vercel.app/login,138,0,0
1768805201639,257,GET Login,200,OK,Thread Group 3 - Custom 3-13,text,true,,12444,136,20,20,https://messenger-fe-eight.vercel.app/login,170,0,0
1768805201700,217,GET Home,200,OK,Thread Group 3 - Custom 3-18,text,true,,8705,131,20,20,https://messenger-fe-eight.vercel.app/,153,0,0
1768805201655,268,GET Login,200,OK,Thread Group 3 - Custom 3-9,text,true,,12444,136,20,20,https://messenger-fe-eight.vercel.app/login,161,0,0
1768805201673,257,GET Login,200,OK,Thread Group 3 - Custom 3-5,text,true,,12444,136,20,20,https://messenger-fe-eight.vercel.app/login,143,0,0
1768805201700,241,GET Login,200,OK,Thread Group 3 - Custom 3-8,text,true,,12444,136,20,20,https://messenger-fe-eight.vercel.app/login,150,0,0
1768805201708,236,GET Login,200,OK,Thread Group 3 - Custom 3-16,text,true,,12444,136,20,20,https://messenger-fe-eight.vercel.app/login,153,0,0
1768805201712,232,GET Login,200,OK,Thread Group 3 - Custom 3-2,text,true,,12444,136,20,20,https://messenger-fe-eight.vercel.app/login,149,0,0
1768805201719,232,GET Login,200,OK,Thread Group 3 - Custom 3-11,text,true,,12444,136,20,20,https://messenger-fe-eight.vercel.app/login,146,0,0
1768805201734,223,GET Login,200,OK,Thread Group 3 - Custom 3-17,text,true,,12444,136,20,20,https://messenger-fe-eight.vercel.app/login,147,0,0
1768805201719,238,GET Home,200,OK,Thread Group 3 - Custom 3-20,text,true,,8705,131,20,20,https://messenger-fe-eight.vercel.app/,138,0,0
1768805201719,238,GET Home,200,OK,Thread Group 3 - Custom 3-19,text,true,,8705,131,20,20,https://messenger-fe-eight.vercel.app/,148,0,0
1768805201736,221,GET Login,200,OK,Thread Group 3 - Custom 3-7,text,true,,12444,136,20,20,https://messenger-fe-eight.vercel.app/login,131,0,0
1768805201719,238,GET Login,200,OK,Thread Group 3 - Custom 3-3,text,true,,12444,136,20,20,https://messenger-fe-eight.vercel.app/login,146,0,0
1768805201746,227,GET Login,200,OK,Thread Group 3 - Custom 3-10,text,true,,12444,136,20,20,https://messenger-fe-eight.vercel.app/login,137,0,0
1768805201795,208,GET Home,200,OK,Thread Group 3 - Custom 3-6,text,true,,8705,131,20,20,https://messenger-fe-eight.vercel.app/,156,0,0
1768805201754,255,GET Login,200,OK,Thread Group 3 - Custom 3-12,text,true,,12444,136,20,20,https://messenger-fe-eight.vercel.app/login,163,0,0
1768805201810,204,GET Home,200,OK,Thread Group 3 - Custom 3-14,text,true,,8705,131,20,20,https://messenger-fe-eight.vercel.app/,141,0,0
1768805201786,245,GET Login,200,OK,Thread Group 3 - Custom 3-4,text,true,,12444,136,20,20,https://messenger-fe-eight.vercel.app/login,158,0,0
1768805201806,244,GET Home,200,OK,Thread Group 3 - Custom 3-15,text,true,,8705,131,20,20,https://messenger-fe-eight.vercel.app/,138,0,0
1768805201810,240,GET Home,200,OK,Thread Group 3 - Custom 3-1,text,true,,8705,131,20,20,https://messenger-fe-eight.vercel.app/,134,0,0
1768805201896,188,GET Home,200,OK,Thread Group 3 - Custom 3-13,text,true,,8705,131,20,20,https://messenger-fe-eight.vercel.app/,139,0,0
1768805201957,188,GET Home,200,OK,Thread Group 3 - Custom 3-7,text,true,,8705,131,20,20,https://messenger-fe-eight.vercel.app/,134,0,0
1768805201945,206,GET Home,200,OK,Thread Group 3 - Custom 3-2,text,true,,8705,131,20,20,https://messenger-fe-eight.vercel.app/,140,0,0
1768805201973,178,GET Home,200,OK,Thread Group 3 - Custom 3-10,text,true,,8705,131,20,20,https://messenger-fe-eight.vercel.app/,112,0,0
1768805201957,194,GET Home,200,OK,Thread Group 3 - Custom 3-17,text,true,,8705,131,20,20,https://messenger-fe-eight.vercel.app/,128,0,0
1768805201930,235,GET Home,200,OK,Thread Group 3 - Custom 3-5,text,true,,8705,131,20,20,https://messenger-fe-eight.vercel.app/,183,0,0
1768805201941,232,GET Home,200,OK,Thread Group 3 - Custom 3-8,text,true,,8705,131,20,20,https://messenger-fe-eight.vercel.app/,150,0,0
1768805201945,228,GET Home,200,OK,Thread Group 3 - Custom 3-16,text,true,,8705,131,20,20,https://messenger-fe-eight.vercel.app/,145,0,0
1768805201923,250,GET Home,200,OK,Thread Group 3 - Custom 3-9,text,true,,8705,131,20,20,https://messenger-fe-eight.vercel.app/,168,0,0
1768805201951,222,GET Home,200,OK,Thread Group 3 - Custom 3-11,text,true,,8705,131,20,20,https://messenger-fe-eight.vercel.app/,134,0,0
1768805201957,216,GET Home,200,OK,Thread Group 3 - Custom 3-3,text,true,,8705,131,20,20,https://messenger-fe-eight.vercel.app/,134,0,0
1768805201957,233,GET Login,200,OK,Thread Group 3 - Custom 3-20,text,true,,12444,136,20,20,https://messenger-fe-eight.vercel.app/login,139,0,0
1768805201918,290,GET Login,200,OK,Thread Group 3 - Custom 3-18,text,true,,12444,136,20,20,https://messenger-fe-eight.vercel.app/login,185,0,0
1768805202031,186,GET Home,200,OK,Thread Group 3 - Custom 3-4,text,true,,8705,131,20,20,https://messenger-fe-eight.vercel.app/,134,0,0
1768805201957,260,GET Login,200,OK,Thread Group 3 - Custom 3-19,text,true,,12444,136,20,20,https://messenger-fe-eight.vercel.app/login,156,0,0
1768805202009,218,GET Home,200,OK,Thread Group 3 - Custom 3-12,text,true,,8705,131,20,20,https://messenger-fe-eight.vercel.app/,142,0,0
1768805202003,251,GET Login,200,OK,Thread Group 3 - Custom 3-6,text,true,,12444,136,20,20,https://messenger-fe-eight.vercel.app/login,142,0,0
1768805202014,262,GET Login,200,OK,Thread Group 3 - Custom 3-14,text,true,,12444,136,20,20,https://messenger-fe-eight.vercel.app/login,151,0,0
1768805202050,231,GET Login,200,OK,Thread Group 3 - Custom 3-1,text,true,,12444,136,20,20,https://messenger-fe-eight.vercel.app/login,139,0,0
1768805202050,253,GET Login,200,OK,Thread Group 3 - Custom 3-15,text,true,,12444,136,20,20,https://messenger-fe-eight.vercel.app/login,140,0,0
1768805202084,221,GET Login,200,OK,Thread Group 3 - Custom 3-13,text,true,,12444,136,20,20,https://messenger-fe-eight.vercel.app/login,134,0,0
1768805202145,226,GET Login,200,OK,Thread Group 3 - Custom 3-7,text,true,,12444,136,20,20,https://messenger-fe-eight.vercel.app/login,135,0,0
1768805202151,220,GET Login,200,OK,Thread Group 3 - Custom 3-10,text,true,,12444,136,20,20,https://messenger-fe-eight.vercel.app/login,130,0,0
1768805202151,221,GET Login,200,OK,Thread Group 3 - Custom 3-17,text,true,,12444,136,20,20,https://messenger-fe-eight.vercel.app/login,130,0,0
1768805202190,196,GET Home,200,OK,Thread Group 3 - Custom 3-20,text,true,,8705,131,20,20,https://messenger-fe-eight.vercel.app/,134,0,0
1768805202151,235,GET Login,200,OK,Thread Group 3 - Custom 3-2,text,true,,12444,136,20,20,https://messenger-fe-eight.vercel.app/login,141,0,0
1768805202173,237,GET Login,200,OK,Thread Group 3 - Custom 3-8,text,true,,12444,136,20,20,https://messenger-fe-eight.vercel.app/login,151,0,0
1768805202173,238,GET Login,200,OK,Thread Group 3 - Custom 3-16,text,true,,12444,136,20,20,https://messenger-fe-eight.vercel.app/login,145,0,0
1768805202165,256,GET Login,200,OK,Thread Group 3 - Custom 3-5,text,true,,12444,136,20,20,https://messenger-fe-eight.vercel.app/login,140,0,0
1768805202173,249,GET Login,200,OK,Thread Group 3 - Custom 3-3,text,true,,12444,136,20,20,https://messenger-fe-eight.vercel.app/login,145,0,0
1768805202173,249,GET Login,200,OK,Thread Group 3 - Custom 3-11,text,true,,12444,136,20,20,https://messenger-fe-eight.vercel.app/login,151,0,0
1768805202208,219,GET Home,200,OK,Thread Group 3 - Custom 3-18,text,true,,8705,131,20,20,https://messenger-fe-eight.vercel.app/,144,0,0
1768805202173,254,GET Login,200,OK,Thread Group 3 - Custom 3-9,text,true,,12444,136,20,20,https://messenger-fe-eight.vercel.app/login,152,0,0
1768805202218,239,GET Home,200,OK,Thread Group 3 - Custom 3-19,text,true,,8705,131,20,20,https://messenger-fe-eight.vercel.app/,154,0,0
1768805202255,202,GET Home,200,OK,Thread Group 3 - Custom 3-6,text,true,,8705,131,20,20,https://messenger-fe-eight.vercel.app/,143,0,0
1768805202218,239,GET Login,200,OK,Thread Group 3 - Custom 3-4,text,true,,12444,136,20,20,https://messenger-fe-eight.vercel.app/login,141,0,0
1768805202276,215,GET Home,200,OK,Thread Group 3 - Custom 3-14,text,true,,8705,131,20,20,https://messenger-fe-eight.vercel.app/,151,0,0
1768805202228,264,GET Login,200,OK,Thread Group 3 - Custom 3-12,text,true,,12444,136,20,20,https://messenger-fe-eight.vercel.app/login,161,0,0
1768805202282,225,GET Home,200,OK,Thread Group 3 - Custom 3-1,text,true,,8705,131,20,20,https://messenger-fe-eight.vercel.app/,145,0,0
1768805202305,216,GET Home,200,OK,Thread Group 3 - Custom 3-13,text,true,,8705,131,20,20,https://messenger-fe-eight.vercel.app/,159,0,0
1768805202371,192,GET Home,200,OK,Thread Group 3 - Custom 3-10,text,true,,8705,131,20,20,https://messenger-fe-eight.vercel.app/,136,0,0
1768805202372,191,GET Home,200,OK,Thread Group 3 - Custom 3-17,text,true,,8705,131,20,20,https://messenger-fe-eight.vercel.app/,136,0,0
1768805202371,197,GET Home,200,OK,Thread Group 3 - Custom 3-7,text,true,,8705,131,20,20,https://messenger-fe-eight.vercel.app/,137,0,0
1768805202303,266,GET Home,200,OK,Thread Group 3 - Custom 3-15,text,true,,8705,131,20,20,https://messenger-fe-eight.vercel.app/,205,0,0
1768805202411,186,GET Home,200,OK,Thread Group 3 - Custom 3-8,text,true,,8705,131,20,20,https://messenger-fe-eight.vercel.app/,138,0,0
1768805202411,190,GET Home,200,OK,Thread Group 3 - Custom 3-16,text,true,,8705,131,20,20,https://messenger-fe-eight.vercel.app/,138,0,0
1768805202386,222,GET Home,200,OK,Thread Group 3 - Custom 3-2,text,true,,8705,131,20,20,https://messenger-fe-eight.vercel.app/,148,0,0
1768805202386,228,GET Login,200,OK,Thread Group 3 - Custom 3-20,text,true,,12444,136,20,20,https://messenger-fe-eight.vercel.app/login,148,0,0
1768805202422,207,GET Home,200,OK,Thread Group 3 - Custom 3-3,text,true,,8705,131,20,20,https://messenger-fe-eight.vercel.app/,147,0,0
1768805202427,205,GET Home,200,OK,Thread Group 3 - Custom 3-9,text,true,,8705,131,20,20,https://messenger-fe-eight.vercel.app/,142,0,0
1768805202422,211,GET Home,200,OK,Thread Group 3 - Custom 3-11,text,true,,8705,131,20,20,https://messenger-fe-eight.vercel.app/,147,0,0
1768805202421,217,GET Home,200,OK,Thread Group 3 - Custom 3-5,text,true,,8705,131,20,20,https://messenger-fe-eight.vercel.app/,151,0,0
1768805202457,193,GET Home,200,OK,Thread Group 3 - Custom 3-4,text,true,,8705,131,20,20,https://messenger-fe-eight.vercel.app/,138,0,0
1768805202427,266,GET Login,200,OK,Thread Group 3 - Custom 3-18,text,true,,12444,136,20,20,https://messenger-fe-eight.vercel.app/login,145,0,0
1768805202492,201,GET Home,200,OK,Thread Group 3 - Custom 3-12,text,true,,8705,131,20,20,https://messenger-fe-eight.vercel.app/,149,0,0
1768805202457,237,GET Login,200,OK,Thread Group 3 - Custom 3-6,text,true,,12444,136,20,20,https://messenger-fe-eight.vercel.app/login,140,0,0
1768805202457,258,GET Login,200,OK,Thread Group 3 - Custom 3-19,text,true,,12444,136,20,20,https://messenger-fe-eight.vercel.app/login,145,0,0
1768805202508,235,GET Login,200,OK,Thread Group 3 - Custom 3-1,text,true,,12444,136,20,20,https://messenger-fe-eight.vercel.app/login,142,0,0
1768805202491,256,GET Login,200,OK,Thread Group 3 - Custom 3-14,text,true,,12444,136,20,20,https://messenger-fe-eight.vercel.app/login,142,0,0
1768805202521,227,GET Login,200,OK,Thread Group 3 - Custom 3-13,text,true,,12444,136,20,20,https://messenger-fe-eight.vercel.app/login,144,0,0
1768805202563,232,GET Login,200,OK,Thread Group 3 - Custom 3-10,text,true,,12444,136,20,20,https://messenger-fe-eight.vercel.app/login,146,0,0
1768805202568,248,GET Login,200,OK,Thread Group 3 - Custom 3-7,text,true,,12444,136,20,20,https://messenger-fe-eight.vercel.app/login,147,0,0
1768805202563,253,GET Login,200,OK,Thread Group 3 - Custom 3-17,text,true,,12444,136,20,20,https://messenger-fe-eight.vercel.app/login,149,0,0
1768805202597,289,GET Login,200,OK,Thread Group 3 - Custom 3-8,text,true,,12444,136,20,20,https://messenger-fe-eight.vercel.app/login,139,0,0
1768805202615,271,GET Home,200,OK,Thread Group 3 - Custom 3-20,text,true,,8705,131,20,20,https://messenger-fe-eight.vercel.app/,138,0,0
1768805202601,285,GET Login,200,OK,Thread Group 3 - Custom 3-16,text,true,,12444,136,20,20,https://messenger-fe-eight.vercel.app/login,146,0,0
1768805202629,257,GET Login,200,OK,Thread Group 3 - Custom 3-3,text,true,,12444,136,20,20,https://messenger-fe-eight.vercel.app/login,129,0,0
1768805202608,278,GET Login,200,OK,Thread Group 3 - Custom 3-2,text,true,,12444,136,20,20,https://messenger-fe-eight.vercel.app/login,150,0,0
1768805202650,237,GET Login,200,OK,Thread Group 3 - Custom 3-4,text,true,,12444,136,20,20,https://messenger-fe-eight.vercel.app/login,128,0,0
1768805202633,254,GET Login,200,OK,Thread Group 3 - Custom 3-9,text,true,,12444,136,20,20,https://messenger-fe-eight.vercel.app/login,145,0,0
1768805202633,267,GET Login,200,OK,Thread Group 3 - Custom 3-11,text,true,,12444,136,20,20,https://messenger-fe-eight.vercel.app/login,154,0,0
1768805202638,263,GET Login,200,OK,Thread Group 3 - Custom 3-5,text,true,,12444,136,20,20,https://messenger-fe-eight.vercel.app/login,157,0,0
1768805202694,215,GET Home,200,OK,Thread Group 3 - Custom 3-6,text,true,,8705,131,20,20,https://messenger-fe-eight.vercel.app/,192,0,0
1768805202693,254,GET Home,200,OK,Thread Group 3 - Custom 3-18,text,true,,8705,131,20,20,https://messenger-fe-eight.vercel.app/,193,0,0
1768805202716,231,GET Home,200,OK,Thread Group 3 - Custom 3-19,text,true,,8705,131,20,20,https://messenger-fe-eight.vercel.app/,170,0,0
1768805202693,254,GET Login,200,OK,Thread Group 3 - Custom 3-12,text,true,,12444,136,20,20,https://messenger-fe-eight.vercel.app/login,193,0,0
1768805202748,235,GET Home,200,OK,Thread Group 3 - Custom 3-13,text,true,,8705,131,20,20,https://messenger-fe-eight.vercel.app/,156,0,0
1768805202745,238,GET Home,200,OK,Thread Group 3 - Custom 3-1,text,true,,8705,131,20,20,https://messenger-fe-eight.vercel.app/,159,0,0
1768805202796,199,GET Home,200,OK,Thread Group 3 - Custom 3-10,text,true,,8705,131,20,20,https://messenger-fe-eight.vercel.app/,151,0,0
1768805202747,259,GET Home,200,OK,Thread Group 3 - Custom 3-14,text,true,,8705,131,20,20,https://messenger-fe-eight.vercel.app/,200,0,0
1768805202816,286,GET Home,200,OK,Thread Group 3 - Custom 3-7,text,true,,8705,131,20,20,https://messenger-fe-eight.vercel.app/,221,0,0
1768805202886,218,GET Home,200,OK,Thread Group 3 - Custom 3-3,text,true,,8705,131,20,20,https://messenger-fe-eight.vercel.app/,167,0,0
1768805202816,291,GET Home,200,OK,Thread Group 3 - Custom 3-17,text,true,,8705,131,20,20,https://messenger-fe-eight.vercel.app/,220,0,0
1768805202887,220,GET Home,200,OK,Thread Group 3 - Custom 3-9,text,true,,8705,131,20,20,https://messenger-fe-eight.vercel.app/,165,0,0
1768805202886,221,GET Home,200,OK,Thread Group 3 - Custom 3-2,text,true,,8705,131,20,20,https://messenger-fe-eight.vercel.app/,166,0,0
1768805202886,221,GET Home,200,OK,Thread Group 3 - Custom 3-8,text,true,,8705,131,20,20,https://messenger-fe-eight.vercel.app/,151,0,0
1768805202887,221,GET Home,200,OK,Thread Group 3 - Custom 3-4,text,true,,8705,131,20,20,https://messenger-fe-eight.vercel.app/,166,0,0
1768805202886,222,GET Home,200,OK,Thread Group 3 - Custom 3-16,text,true,,8705,131,20,20,https://messenger-fe-eight.vercel.app/,163,0,0
1768805202886,287,GET Login,200,OK,Thread Group 3 - Custom 3-20,text,true,,12444,136,20,20,https://messenger-fe-eight.vercel.app/login,196,0,0
1768805202947,247,GET Home,200,OK,Thread Group 3 - Custom 3-12,text,true,,8705,131,20,20,https://messenger-fe-eight.vercel.app/,179,0,0
1768805202900,294,GET Home,200,OK,Thread Group 3 - Custom 3-11,text,true,,8705,131,20,20,https://messenger-fe-eight.vercel.app/,226,0,0
1768805202901,293,GET Home,200,OK,Thread Group 3 - Custom 3-5,text,true,,8705,131,20,20,https://messenger-fe-eight.vercel.app/,241,0,0
1768805202996,220,GET Login,200,OK,Thread Group 3 - Custom 3-10,text,true,,12444,136,20,20,https://messenger-fe-eight.vercel.app/login,125,0,0
1768805202984,232,GET Login,200,OK,Thread Group 3 - Custom 3-13,text,true,,12444,136,20,20,https://messenger-fe-eight.vercel.app/login,142,0,0
1768805202984,233,GET Login,200,OK,Thread Group 3 - Custom 3-1,text,true,,12444,136,20,20,https://messenger-fe-eight.vercel.app/login,142,0,0
1768805202909,318,GET Login,200,OK,Thread Group 3 - Custom 3-6,text,true,,12444,136,20,20,https://messenger-fe-eight.vercel.app/login,217,0,0
1768805202569,667,GET Login,200,OK,Thread Group 3 - Custom 3-15,text,true,,12444,136,20,20,https://messenger-fe-eight.vercel.app/login,557,0,0
1768805202947,298,GET Login,200,OK,Thread Group 3 - Custom 3-19,text,true,,12444,136,20,20,https://messenger-fe-eight.vercel.app/login,179,0,0
1768805202947,298,GET Login,200,OK,Thread Group 3 - Custom 3-18,text,true,,12444,136,20,20,https://messenger-fe-eight.vercel.app/login,195,0,0
1768805203006,256,GET Login,200,OK,Thread Group 3 - Custom 3-14,text,true,,12444,136,20,20,https://messenger-fe-eight.vercel.app/login,162,0,0
1768805203103,219,GET Login,200,OK,Thread Group 3 - Custom 3-7,text,true,,12444,136,20,20,https://messenger-fe-eight.vercel.app/login,133,0,0
1768805203108,237,GET Login,200,OK,Thread Group 3 - Custom 3-4,text,true,,12444,136,20,20,https://messenger-fe-eight.vercel.app/login,137,0,0
1768805203107,239,GET Login,200,OK,Thread Group 3 - Custom 3-17,text,true,,12444,136,20,20,https://messenger-fe-eight.vercel.app/login,144,0,0
1768805203108,238,GET Login,200,OK,Thread Group 3 - Custom 3-8,text,true,,12444,136,20,20,https://messenger-fe-eight.vercel.app/login,146,0,0
1768805203107,239,GET Login,200,OK,Thread Group 3 - Custom 3-9,text,true,,12444,136,20,20,https://messenger-fe-eight.vercel.app/login,144,0,0
1768805203105,252,GET Login,200,OK,Thread Group 3 - Custom 3-3,text,true,,12444,136,20,20,https://messenger-fe-eight.vercel.app/login,149,0,0
1768805203108,249,GET Login,200,OK,Thread Group 3 - Custom 3-2,text,true,,12444,136,20,20,https://messenger-fe-eight.vercel.app/login,154,0,0
1768805203227,186,GET Home,200,OK,Thread Group 3 - Custom 3-6,text,true,,8705,131,20,20,https://messenger-fe-eight.vercel.app/,135,0,0
1768805203218,195,GET Home,200,OK,Thread Group 3 - Custom 3-1,text,true,,8705,131,20,20,https://messenger-fe-eight.vercel.app/,144,0,0
1768805203194,234,GET Login,200,OK,Thread Group 3 - Custom 3-12,text,true,,12444,136,20,20,https://messenger-fe-eight.vercel.app/login,139,0,0
1768805203194,240,GET Login,200,OK,Thread Group 3 - Custom 3-11,text,true,,12444,136,20,20,https://messenger-fe-eight.vercel.app/login,139,0,0
1768805203195,255,GET Login,200,OK,Thread Group 3 - Custom 3-5,text,true,,12444,136,20,20,https://messenger-fe-eight.vercel.app/login,151,0,0
1768805203217,237,GET Home,200,OK,Thread Group 3 - Custom 3-10,text,true,,8705,131,20,20,https://messenger-fe-eight.vercel.app/,140,0,0
1768805203174,280,GET Home,200,OK,Thread Group 3 - Custom 3-20,text,true,,8705,131,20,20,https://messenger-fe-eight.vercel.app/,207,0,0
1768805203245,210,GET Home,200,OK,Thread Group 3 - Custom 3-18,text,true,,8705,131,20,20,https://messenger-fe-eight.vercel.app/,158,0,0
1768805203108,347,GET Login,200,OK,Thread Group 3 - Custom 3-16,text,true,,12444,136,20,20,https://messenger-fe-eight.vercel.app/login,137,0,0
1768805203236,232,GET Home,200,OK,Thread Group 3 - Custom 3-15,text,true,,8705,131,20,20,https://messenger-fe-eight.vercel.app/,146,0,0
1768805203245,224,GET Home,200,OK,Thread Group 3 - Custom 3-19,text,true,,8705,131,20,20,https://messenger-fe-eight.vercel.app/,158,0,0
1768805203322,178,GET Home,200,OK,Thread Group 3 - Custom 3-7,text,true,,8705,131,20,20,https://messenger-fe-eight.vercel.app/,133,0,0
1768805203262,249,GET Home,200,OK,Thread Group 3 - Custom 3-14,text,true,,8705,131,20,20,https://messenger-fe-eight.vercel.app/,141,0,0
1768805203217,294,GET Home,200,OK,Thread Group 3 - Custom 3-13,text,true,,8705,131,20,20,https://messenger-fe-eight.vercel.app/,241,0,0
1768805203346,191,GET Home,200,OK,Thread Group 3 - Custom 3-17,text,true,,8705,131,20,20,https://messenger-fe-eight.vercel.app/,145,0,0
1768805203346,204,GET Home,200,OK,Thread Group 3 - Custom 3-8,text,true,,8705,131,20,20,https://messenger-fe-eight.vercel.app/,145,0,0
1768805203345,205,GET Home,200,OK,Thread Group 3 - Custom 3-4,text,true,,8705,131,20,20,https://messenger-fe-eight.vercel.app/,146,0,0
1768805203347,204,GET Home,200,OK,Thread Group 3 - Custom 3-9,text,true,,8705,131,20,20,https://messenger-fe-eight.vercel.app/,147,0,0
1768805203357,209,GET Home,200,OK,Thread Group 3 - Custom 3-2,text,true,,8705,131,20,20,https://messenger-fe-eight.vercel.app/,143,0,0
1768805203357,209,GET Home,200,OK,Thread Group 3 - Custom 3-3,text,true,,8705,131,20,20,https://messenger-fe-eight.vercel.app/,154,0,0
1768805203428,194,GET Home,200,OK,Thread Group 3 - Custom 3-12,text,true,,8705,131,20,20,https://messenger-fe-eight.vercel.app/,142,0,0
1768805203414,228,GET Login,200,OK,Thread Group 3 - Custom 3-6,text,true,,12444,136,20,20,https://messenger-fe-eight.vercel.app/login,136,0,0
1768805203414,244,GET Login,200,OK,Thread Group 3 - Custom 3-1,text,true,,12444,136,20,20,https://messenger-fe-eight.vercel.app/login,156,0,0
1768805203455,229,GET Home,200,OK,Thread Group 3 - Custom 3-16,text,true,,8705,131,20,20,https://messenger-fe-eight.vercel.app/,136,0,0
1768805203455,229,GET Login,200,OK,Thread Group 3 - Custom 3-10,text,true,,12444,136,20,20,https://messenger-fe-eight.vercel.app/login,136,0,0
1768805203451,234,GET Home,200,OK,Thread Group 3 - Custom 3-5,text,true,,8705,131,20,20,https://messenger-fe-eight.vercel.app/,140,0,0
1768805203455,230,GET Login,200,OK,Thread Group 3 - Custom 3-20,text,true,,12444,136,20,20,https://messenger-fe-eight.vercel.app/login,136,0,0
1768805203455,248,GET Login,200,OK,Thread Group 3 - Custom 3-18,text,true,,12444,136,20,20,https://messenger-fe-eight.vercel.app/login,145,0,0
1768805203434,284,GET Home,200,OK,Thread Group 3 - Custom 3-11,text,true,,8705,131,20,20,https://messenger-fe-eight.vercel.app/,224,0,0
1768805203468,265,GET Login,200,OK,Thread Group 3 - Custom 3-15,text,true,,12444,136,20,20,https://messenger-fe-eight.vercel.app/login,160,0,0
1768805203500,241,GET Login,200,OK,Thread Group 3 - Custom 3-7,text,true,,12444,136,20,20,https://messenger-fe-eight.vercel.app/login,164,0,0
1768805203469,275,GET Login,200,OK,Thread Group 3 - Custom 3-19,text,true,,12444,136,20,20,https://messenger-fe-eight.vercel.app/login,155,0,0
1768805203511,250,GET Login,200,OK,Thread Group 3 - Custom 3-13,text,true,,12444,136,20,20,https://messenger-fe-eight.vercel.app/login,153,0,0
1768805203511,277,GET Login,200,OK,Thread Group 3 - Custom 3-14,text,true,,12444,136,20,20,https://messenger-fe-eight.vercel.app/login,155,0,0
1768805203566,247,GET Login,200,OK,Thread Group 3 - Custom 3-3,text,true,,12444,136,20,20,https://messenger-fe-eight.vercel.app/login,167,0,0
1768805203622,363,GET Login,200,OK,Thread Group 3 - Custom 3-12,text,true,,12444,136,20,20,https://messenger-fe-eight.vercel.app/login,139,0,0
1768805203566,419,GET Login,200,OK,Thread Group 3 - Custom 3-2,text,true,,12444,136,20,20,https://messenger-fe-eight.vercel.app/login,152,0,0
1768805203551,435,GET Login,200,OK,Thread Group 3 - Custom 3-8,text,true,,12444,136,20,20,https://messenger-fe-eight.vercel.app/login,166,0,0
1768805203551,435,GET Login,200,OK,Thread Group 3 - Custom 3-4,text,true,,12444,136,20,20,https://messenger-fe-eight.vercel.app/login,182,0,0
1768805203538,448,GET Login,200,OK,Thread Group 3 - Custom 3-17,text,true,,12444,136,20,20,https://messenger-fe-eight.vercel.app/login,179,0,0
1768805203551,435,GET Login,200,OK,Thread Group 3 - Custom 3-9,text,true,,12444,136,20,20,https://messenger-fe-eight.vercel.app/login,182,0,0
1768805203684,353,GET Home,200,OK,Thread Group 3 - Custom 3-10,text,true,,8705,131,20,20,https://messenger-fe-eight.vercel.app/,311,0,0
1768805203814,231,GET Home,200,OK,Thread Group 3 - Custom 3-3,text,true,,8705,131,20,20,https://messenger-fe-eight.vercel.app/,182,0,0
1768805203658,388,GET Home,200,OK,Thread Group 3 - Custom 3-1,text,true,,8705,131,20,20,https://messenger-fe-eight.vercel.app/,337,0,0
1768805203642,404,GET Home,200,OK,Thread Group 3 - Custom 3-6,text,true,,8705,131,20,20,https://messenger-fe-eight.vercel.app/,354,0,0
1768805203733,313,GET Home,200,OK,Thread Group 3 - Custom 3-15,text,true,,8705,131,20,20,https://messenger-fe-eight.vercel.app/,264,0,0
1768805203788,305,GET Home,200,OK,Thread Group 3 - Custom 3-14,text,true,,8705,131,20,20,https://messenger-fe-eight.vercel.app/,209,0,0
1768805203703,391,GET Home,200,OK,Thread Group 3 - Custom 3-18,text,true,,8705,131,20,20,https://messenger-fe-eight.vercel.app/,294,0,0
1768805203684,411,GET Login,200,OK,Thread Group 3 - Custom 3-16,text,true,,12444,136,20,20,https://messenger-fe-eight.vercel.app/login,312,0,0
1768805203761,334,GET Home,200,OK,Thread Group 3 - Custom 3-13,text,true,,8705,131,20,20,https://messenger-fe-eight.vercel.app/,234,0,0
1768805203685,410,GET Home,200,OK,Thread Group 3 - Custom 3-20,text,true,,8705,131,20,20,https://messenger-fe-eight.vercel.app/,310,0,0
1768805203741,354,GET Home,200,OK,Thread Group 3 - Custom 3-7,text,true,,8705,131,20,20,https://messenger-fe-eight.vercel.app/,254,0,0
1768805203685,410,GET Login,200,OK,Thread Group 3 - Custom 3-5,text,true,,12444,136,20,20,https://messenger-fe-eight.vercel.app/login,311,0,0
1768805203718,378,GET Login,200,OK,Thread Group 3 - Custom 3-11,text,true,,12444,136,20,20,https://messenger-fe-eight.vercel.app/login,278,0,0
1768805203745,352,GET Home,200,OK,Thread Group 3 - Custom 3-19,text,true,,8705,131,20,20,https://messenger-fe-eight.vercel.app/,279,0,0
1768805203986,206,GET Home,200,OK,Thread Group 3 - Custom 3-17,text,true,,8705,131,20,20,https://messenger-fe-eight.vercel.app/,138,0,0
1768805203986,206,GET Home,200,OK,Thread Group 3 - Custom 3-8,text,true,,8705,131,20,20,https://messenger-fe-eight.vercel.app/,138,0,0
1768805203985,207,GET Home,200,OK,Thread Group 3 - Custom 3-12,text,true,,8705,131,20,20,https://messenger-fe-eight.vercel.app/,150,0,0
1768805203986,207,GET Home,200,OK,Thread Group 3 - Custom 3-9,text,true,,8705,131,20,20,https://messenger-fe-eight.vercel.app/,150,0,0
1768805203985,208,GET Home,200,OK,Thread Group 3 - Custom 3-2,text,true,,8705,131,20,20,https://messenger-fe-eight.vercel.app/,139,0,0
1768805203986,292,GET Home,200,OK,Thread Group 3 - Custom 3-4,text,true,,8705,131,20,20,https://messenger-fe-eight.vercel.app/,197,0,0
1768805204038,240,GET Login,200,OK,Thread Group 3 - Custom 3-10,text,true,,12444,136,20,20,https://messenger-fe-eight.vercel.app/login,154,0,0
1768805204046,240,GET Login,200,OK,Thread Group 3 - Custom 3-1,text,true,,12444,136,20,20,https://messenger-fe-eight.vercel.app/login,146,0,0
1768805204045,241,GET Login,200,OK,Thread Group 3 - Custom 3-3,text,true,,12444,136,20,20,https://messenger-fe-eight.vercel.app/login,147,0,0
1768805204046,240,GET Login,200,OK,Thread Group 3 - Custom 3-6,text,true,,12444,136,20,20,https://messenger-fe-eight.vercel.app/login,146,0,0
1768805204047,240,GET Login,200,OK,Thread Group 3 - Custom 3-15,text,true,,12444,136,20,20,https://messenger-fe-eight.vercel.app/login,145,0,0
1768805204095,208,GET Home,200,OK,Thread Group 3 - Custom 3-16,text,true,,8705,131,20,20,https://messenger-fe-eight.vercel.app/,149,0,0
1768805204095,226,GET Home,200,OK,Thread Group 3 - Custom 3-5,text,true,,8705,131,20,20,https://messenger-fe-eight.vercel.app/,149,0,0
1768805204095,226,GET Login,200,OK,Thread Group 3 - Custom 3-7,text,true,,12444,136,20,20,https://messenger-fe-eight.vercel.app/login,144,0,0
1768805204096,226,GET Home,200,OK,Thread Group 3 - Custom 3-11,text,true,,8705,131,20,20,https://messenger-fe-eight.vercel.app/,143,0,0
1768805204095,227,GET Login,200,OK,Thread Group 3 - Custom 3-13,text,true,,12444,136,20,20,https://messenger-fe-eight.vercel.app/login,144,0,0
1768805204095,247,GET Login,200,OK,Thread Group 3 - Custom 3-20,text,true,,12444,136,20,20,https://messenger-fe-eight.vercel.app/login,163,0,0
1768805204094,252,GET Login,200,OK,Thread Group 3 - Custom 3-14,text,true,,12444,136,20,20,https://messenger-fe-eight.vercel.app/login,150,0,0
1768805204097,278,GET Login,200,OK,Thread Group 3 - Custom 3-19,text,true,,12444,136,20,20,https://messenger-fe-eight.vercel.app/login,153,0,0
1768805204094,281,GET Login,200,OK,Thread Group 3 - Custom 3-18,text,true,,12444,136,20,20,https://messenger-fe-eight.vercel.app/login,184,0,0
1768805204193,238,GET Login,200,OK,Thread Group 3 - Custom 3-2,text,true,,12444,136,20,20,https://messenger-fe-eight.vercel.app/login,148,0,0
1768805204193,238,GET Login,200,OK,Thread Group 3 - Custom 3-17,text,true,,12444,136,20,20,https://messenger-fe-eight.vercel.app/login,148,0,0
1768805204193,248,GET Login,200,OK,Thread Group 3 - Custom 3-8,text,true,,12444,136,20,20,https://messenger-fe-eight.vercel.app/login,148,0,0
1768805204193,248,GET Login,200,OK,Thread Group 3 - Custom 3-12,text,true,,12444,136,20,20,https://messenger-fe-eight.vercel.app/login,148,0,0
1768805204193,261,GET Login,200,OK,Thread Group 3 - Custom 3-9,text,true,,12444,136,20,20,https://messenger-fe-eight.vercel.app/login,153,0,0
1768805204278,342,GET Home,200,OK,Thread Group 3 - Custom 3-10,text,true,,8705,131,20,20,https://messenger-fe-eight.vercel.app/,163,0,0
1768805204287,335,GET Home,200,OK,Thread Group 3 - Custom 3-6,text,true,,8705,131,20,20,https://messenger-fe-eight.vercel.app/,197,0,0
1768805204287,337,GET Home,200,OK,Thread Group 3 - Custom 3-1,text,true,,8705,131,20,20,https://messenger-fe-eight.vercel.app/,197,0,0
1768805204322,302,GET Home,200,OK,Thread Group 3 - Custom 3-13,text,true,,8705,131,20,20,https://messenger-fe-eight.vercel.app/,162,0,0
1768805204287,337,GET Home,200,OK,Thread Group 3 - Custom 3-15,text,true,,8705,131,20,20,https://messenger-fe-eight.vercel.app/,167,0,0
1768805204287,339,GET Home,200,OK,Thread Group 3 - Custom 3-3,text,true,,8705,131,20,20,https://messenger-fe-eight.vercel.app/,167,0,0
1768805204303,323,GET Login,200,OK,Thread Group 3 - Custom 3-16,text,true,,12444,136,20,20,https://messenger-fe-eight.vercel.app/login,181,0,0
1768805204347,279,GET Home,200,OK,Thread Group 3 - Custom 3-14,text,true,,8705,131,20,20,https://messenger-fe-eight.vercel.app/,272,0,0
1768805204321,305,GET Home,200,OK,Thread Group 3 - Custom 3-7,text,true,,8705,131,20,20,https://messenger-fe-eight.vercel.app/,163,0,0
1768805204322,304,GET Login,200,OK,Thread Group 3 - Custom 3-11,text,true,,12444,136,20,20,https://messenger-fe-eight.vercel.app/login,297,0,0
1768805204321,305,GET Login,200,OK,Thread Group 3 - Custom 3-5,text,true,,12444,136,20,20,https://messenger-fe-eight.vercel.app/login,299,0,0
1768805204431,203,GET Home,200,OK,Thread Group 3 - Custom 3-2,text,true,,8705,131,20,20,https://messenger-fe-eight.vercel.app/,195,0,0
1768805204441,194,GET Home,200,OK,Thread Group 3 - Custom 3-8,text,true,,8705,131,20,20,https://messenger-fe-eight.vercel.app/,185,0,0
1768805204375,270,GET Home,200,OK,Thread Group 3 - Custom 3-18,text,true,,8705,131,20,20,https://messenger-fe-eight.vercel.app/,251,0,0
1768805204441,204,GET Home,200,OK,Thread Group 3 - Custom 3-12,text,true,,8705,131,20,20,https://messenger-fe-eight.vercel.app/,185,0,0
1768805204278,368,GET Login,200,OK,Thread Group 3 - Custom 3-4,text,true,,12444,136,20,20,https://messenger-fe-eight.vercel.app/login,341,0,0
1768805204375,401,GET Home,200,OK,Thread Group 3 - Custom 3-19,text,true,,8705,131,20,20,https://messenger-fe-eight.vercel.app/,251,0,0
1768805204454,322,GET Home,200,OK,Thread Group 3 - Custom 3-9,text,true,,8705,131,20,20,https://messenger-fe-eight.vercel.app/,173,0,0
1768805204342,434,GET Home,200,OK,Thread Group 3 - Custom 3-20,text,true,,8705,131,20,20,https://messenger-fe-eight.vercel.app/,282,0,0
1768805204431,355,GET Home,200,OK,Thread Group 3 - Custom 3-17,text,true,,8705,131,20,20,https://messenger-fe-eight.vercel.app/,195,0,0
1768805204626,378,GET Home,200,OK,Thread Group 3 - Custom 3-16,text,true,,8705,131,20,20,https://messenger-fe-eight.vercel.app/,193,0,0
1768805204626,378,GET Home,200,OK,Thread Group 3 - Custom 3-11,text,true,,8705,131,20,20,https://messenger-fe-eight.vercel.app/,193,0,0
1768805204627,378,GET Home,200,OK,Thread Group 3 - Custom 3-5,text,true,,8705,131,20,20,https://messenger-fe-eight.vercel.app/,192,0,0
1768805204624,382,GET Login,200,OK,Thread Group 3 - Custom 3-13,text,true,,12444,136,20,20,https://messenger-fe-eight.vercel.app/login,195,0,0
1768805204620,386,GET Login,200,OK,Thread Group 3 - Custom 3-10,text,true,,12444,136,20,20,https://messenger-fe-eight.vercel.app/login,199,0,0
1768805204635,373,GET Login,200,OK,Thread Group 3 - Custom 3-2,text,true,,12444,136,20,20,https://messenger-fe-eight.vercel.app/login,184,0,0
1768805204636,372,GET Login,200,OK,Thread Group 3 - Custom 3-8,text,true,,12444,136,20,20,https://messenger-fe-eight.vercel.app/login,183,0,0
1768805204626,382,GET Login,200,OK,Thread Group 3 - Custom 3-14,text,true,,12444,136,20,20,https://messenger-fe-eight.vercel.app/login,193,0,0
1768805204624,384,GET Login,200,OK,Thread Group 3 - Custom 3-6,text,true,,12444,136,20,20,https://messenger-fe-eight.vercel.app/login,195,0,0
1768805204646,362,GET Login,200,OK,Thread Group 3 - Custom 3-12,text,true,,12444,136,20,20,https://messenger-fe-eight.vercel.app/login,173,0,0
1768805204624,384,GET Login,200,OK,Thread Group 3 - Custom 3-15,text,true,,12444,136,20,20,https://messenger-fe-eight.vercel.app/login,195,0,0
1768805204646,362,GET Login,200,OK,Thread Group 3 - Custom 3-18,text,true,,12444,136,20,20,https://messenger-fe-eight.vercel.app/login,173,0,0
1768805204624,384,GET Login,200,OK,Thread Group 3 - Custom 3-1,text,true,,12444,136,20,20,https://messenger-fe-eight.vercel.app/login,202,0,0
1768805204626,382,GET Login,200,OK,Thread Group 3 - Custom 3-3,text,true,,12444,136,20,20,https://messenger-fe-eight.vercel.app/login,193,0,0
1768805204626,382,GET Login,200,OK,Thread Group 3 - Custom 3-7,text,true,,12444,136,20,20,https://messenger-fe-eight.vercel.app/login,193,0,0
1768805204646,362,GET Home,200,OK,Thread Group 3 - Custom 3-4,text,true,,8705,131,20,20,https://messenger-fe-eight.vercel.app/,188,0,0
1768805204776,290,GET Login,200,OK,Thread Group 3 - Custom 3-9,text,true,,12444,136,20,20,https://messenger-fe-eight.vercel.app/login,232,0,0
1768805204776,295,GET Login,200,OK,Thread Group 3 - Custom 3-19,text,true,,12444,136,20,20,https://messenger-fe-eight.vercel.app/login,232,0,0
1768805204786,331,GET Login,200,OK,Thread Group 3 - Custom 3-17,text,true,,12444,136,20,20,https://messenger-fe-eight.vercel.app/login,222,0,0
1768805205008,396,GET Home,200,OK,Thread Group 3 - Custom 3-7,text,true,,8705,131,20,20,https://messenger-fe-eight.vercel.app/,149,0,0
1768805205006,400,GET Home,200,OK,Thread Group 3 - Custom 3-13,text,true,,8705,131,20,20,https://messenger-fe-eight.vercel.app/,151,0,0
1768805205006,400,GET Home,200,OK,Thread Group 3 - Custom 3-10,text,true,,8705,131,20,20,https://messenger-fe-eight.vercel.app/,151,0,0
1768805205008,398,GET Home,200,OK,Thread Group 3 - Custom 3-8,text,true,,8705,131,20,20,https://messenger-fe-eight.vercel.app/,150,0,0
1768805205008,398,GET Home,200,OK,Thread Group 3 - Custom 3-2,text,true,,8705,131,20,20,https://messenger-fe-eight.vercel.app/,150,0,0
1768805205008,398,GET Home,200,OK,Thread Group 3 - Custom 3-6,text,true,,8705,131,20,20,https://messenger-fe-eight.vercel.app/,150,0,0
1768805205008,399,GET Home,200,OK,Thread Group 3 - Custom 3-12,text,true,,8705,131,20,20,https://messenger-fe-eight.vercel.app/,164,0,0
1768805205008,399,GET Home,200,OK,Thread Group 3 - Custom 3-3,text,true,,8705,131,20,20,https://messenger-fe-eight.vercel.app/,164,0,0
1768805205008,399,GET Home,200,OK,Thread Group 3 - Custom 3-1,text,true,,8705,131,20,20,https://messenger-fe-eight.vercel.app/,150,0,0
1768805205008,399,GET Home,200,OK,Thread Group 3 - Custom 3-15,text,true,,8705,131,20,20,https://messenger-fe-eight.vercel.app/,150,0,0
1768805205008,399,GET Home,200,OK,Thread Group 3 - Custom 3-18,text,true,,8705,131,20,20,https://messenger-fe-eight.vercel.app/,150,0,0
1768805205008,399,GET Home,200,OK,Thread Group 3 - Custom 3-14,text,true,,8705,131,20,20,https://messenger-fe-eight.vercel.app/,150,0,0
1768805205005,402,GET Login,200,OK,Thread Group 3 - Custom 3-11,text,true,,12444,136,20,20,https://messenger-fe-eight.vercel.app/login,153,0,0
1768805205004,403,GET Login,200,OK,Thread Group 3 - Custom 3-16,text,true,,12444,136,20,20,https://messenger-fe-eight.vercel.app/login,173,0,0
1768805205005,402,GET Login,200,OK,Thread Group 3 - Custom 3-5,text,true,,12444,136,20,20,https://messenger-fe-eight.vercel.app/login,173,0,0
1768805204776,631,GET Login,200,OK,Thread Group 3 - Custom 3-20,text,true,,12444,136,20,20,https://messenger-fe-eight.vercel.app/login,269,0,0
1768805205071,336,GET Home,200,OK,Thread Group 3 - Custom 3-19,text,true,,8705,131,20,20,https://messenger-fe-eight.vercel.app/,335,0,0
1768805205066,341,GET Home,200,OK,Thread Group 3 - Custom 3-9,text,true,,8705,131,20,20,https://messenger-fe-eight.vercel.app/,340,0,0
1768805205008,399,GET Login,200,OK,Thread Group 3 - Custom 3-4,text,true,,12444,136,20,20,https://messenger-fe-eight.vercel.app/login,396,0,0
1768805205118,289,GET Home,200,OK,Thread Group 3 - Custom 3-17,text,true,,8705,131,20,20,https://messenger-fe-eight.vercel.app/,289,0,0
1768805205407,277,GET Home,200,OK,Thread Group 3 - Custom 3-5,text,true,,8705,131,20,20,https://messenger-fe-eight.vercel.app/,225,0,0
1768805205406,322,GET Login,200,OK,Thread Group 3 - Custom 3-6,text,true,,12444,136,20,20,https://messenger-fe-eight.vercel.app/login,226,0,0
1768805205407,322,GET Login,200,OK,Thread Group 3 - Custom 3-12,text,true,,12444,136,20,20,https://messenger-fe-eight.vercel.app/login,225,0,0
1768805205407,322,GET Login,200,OK,Thread Group 3 - Custom 3-14,text,true,,12444,136,20,20,https://messenger-fe-eight.vercel.app/login,225,0,0
1768805205407,322,GET Login,200,OK,Thread Group 3 - Custom 3-9,text,true,,12444,136,20,20,https://messenger-fe-eight.vercel.app/login,239,0,0
1768805205407,322,GET Login,200,OK,Thread Group 3 - Custom 3-3,text,true,,12444,136,20,20,https://messenger-fe-eight.vercel.app/login,240,0,0
1768805205407,338,GET Login,200,OK,Thread Group 3 - Custom 3-19,text,true,,12444,136,20,20,https://messenger-fe-eight.vercel.app/login,240,0,0
1768805205406,339,GET Login,200,OK,Thread Group 3 - Custom 3-13,text,true,,12444,136,20,20,https://messenger-fe-eight.vercel.app/login,262,0,0
1768805205407,351,GET Home,200,OK,Thread Group 3 - Custom 3-4,text,true,,8705,131,20,20,https://messenger-fe-eight.vercel.app/,262,0,0
1768805205407,351,GET Login,200,OK,Thread Group 3 - Custom 3-18,text,true,,12444,136,20,20,https://messenger-fe-eight.vercel.app/login,240,0,0
1768805205407,437,GET Login,200,OK,Thread Group 3 - Custom 3-17,text,true,,12444,136,20,20,https://messenger-fe-eight.vercel.app/login,261,0,0
1768805205407,437,GET Home,200,OK,Thread Group 3 - Custom 3-16,text,true,,8705,131,20,20,https://messenger-fe-eight.vercel.app/,276,0,0
1768805205407,437,GET Login,200,OK,Thread Group 3 - Custom 3-15,text,true,,12444,136,20,20,https://messenger-fe-eight.vercel.app/login,293,0,0
1768805205407,681,GET Home,200,OK,Thread Group 3 - Custom 3-20,text,true,,8705,131,20,20,https://messenger-fe-eight.vercel.app/,293,0,0
1768805205406,682,GET Login,200,OK,Thread Group 3 - Custom 3-8,text,true,,12444,136,20,20,https://messenger-fe-eight.vercel.app/login,226,0,0
1768805205407,681,GET Home,200,OK,Thread Group 3 - Custom 3-11,text,true,,8705,131,20,20,https://messenger-fe-eight.vercel.app/,225,0,0
1768805205404,684,GET Login,200,OK,Thread Group 3 - Custom 3-7,text,true,,12444,136,20,20,https://messenger-fe-eight.vercel.app/login,227,0,0
1768805205407,681,GET Login,200,OK,Thread Group 3 - Custom 3-1,text,true,,12444,136,20,20,https://messenger-fe-eight.vercel.app/login,240,0,0
1768805205406,682,GET Login,200,OK,Thread Group 3 - Custom 3-10,text,true,,12444,136,20,20,https://messenger-fe-eight.vercel.app/login,339,0,0
1768805205406,682,GET Login,200,OK,Thread Group 3 - Custom 3-2,text,true,,12444,136,20,20,https://messenger-fe-eight.vercel.app/login,226,0,0
1768805205745,416,GET Home,200,OK,Thread Group 3 - Custom 3-13,text,true,,8705,131,20,20,https://messenger-fe-eight.vercel.app/,354,0,0
1768805205728,433,GET Home,200,OK,Thread Group 3 - Custom 3-6,text,true,,8705,131,20,20,https://messenger-fe-eight.vercel.app/,371,0,0
1768805205729,432,GET Home,200,OK,Thread Group 3 - Custom 3-14,text,true,,8705,131,20,20,https://messenger-fe-eight.vercel.app/,370,0,0
1768805205729,432,GET Home,200,OK,Thread Group 3 - Custom 3-3,text,true,,8705,131,20,20,https://messenger-fe-eight.vercel.app/,370,0,0
1768805205844,317,GET Home,200,OK,Thread Group 3 - Custom 3-15,text,true,,8705,131,20,20,https://messenger-fe-eight.vercel.app/,256,0,0
1768805205758,404,GET Home,200,OK,Thread Group 3 - Custom 3-18,text,true,,8705,131,20,20,https://messenger-fe-eight.vercel.app/,342,0,0
1768805205684,495,GET Login,200,OK,Thread Group 3 - Custom 3-5,text,true,,12444,136,20,20,https://messenger-fe-eight.vercel.app/login,415,0,0
1768805205745,486,GET Home,200,OK,Thread Group 3 - Custom 3-19,text,true,,8705,131,20,20,https://messenger-fe-eight.vercel.app/,354,0,0
1768805205729,503,GET Home,200,OK,Thread Group 3 - Custom 3-9,text,true,,8705,131,20,20,https://messenger-fe-eight.vercel.app/,369,0,0
1768805205844,406,GET Home,200,OK,Thread Group 3 - Custom 3-17,text,true,,8705,131,18,18,https://messenger-fe-eight.vercel.app/,316,0,0
1768805205758,505,GET Login,200,OK,Thread Group 3 - Custom 3-4,text,true,,12444,136,17,17,https://messenger-fe-eight.vercel.app/login,400,0,0
1768805206088,187,GET Home,200,OK,Thread Group 3 - Custom 3-8,text,true,,8705,131,16,16,https://messenger-fe-eight.vercel.app/,162,0,0
1768805206088,187,GET Home,200,OK,Thread Group 3 - Custom 3-10,text,true,,8705,131,16,16,https://messenger-fe-eight.vercel.app/,162,0,0
1768805205729,564,GET Home,200,OK,Thread Group 3 - Custom 3-12,text,true,,8705,131,14,14,https://messenger-fe-eight.vercel.app/,433,0,0
1768805206088,238,GET Login,200,OK,Thread Group 3 - Custom 3-11,text,true,,12444,136,13,13,https://messenger-fe-eight.vercel.app/login,162,0,0
1768805206088,257,GET Home,200,OK,Thread Group 3 - Custom 3-1,text,true,,8705,131,12,12,https://messenger-fe-eight.vercel.app/,197,0,0
1768805205844,508,GET Login,200,OK,Thread Group 3 - Custom 3-16,text,true,,12444,136,11,11,https://messenger-fe-eight.vercel.app/login,317,0,0
1768805206088,264,GET Home,200,OK,Thread Group 3 - Custom 3-2,text,true,,8705,131,11,11,https://messenger-fe-eight.vercel.app/,162,0,0
1768805206179,216,GET Home,200,OK,Thread Group 3 - Custom 3-5,text,true,,8705,131,9,9,https://messenger-fe-eight.vercel.app/,148,0,0
1768805206161,249,GET Login,200,OK,Thread Group 3 - Custom 3-13,text,true,,12444,136,8,8,https://messenger-fe-eight.vercel.app/login,158,0,0
1768805206161,309,GET Login,200,OK,Thread Group 3 - Custom 3-6,text,true,,12444,136,7,7,https://messenger-fe-eight.vercel.app/login,173,0,0
1768805206161,310,GET Login,200,OK,Thread Group 3 - Custom 3-14,text,true,,12444,136,7,7,https://messenger-fe-eight.vercel.app/login,166,0,0
1768805206161,310,GET Login,200,OK,Thread Group 3 - Custom 3-3,text,true,,12444,136,7,7,https://messenger-fe-eight.vercel.app/login,184,0,0
1768805206161,310,GET Login,200,OK,Thread Group 3 - Custom 3-15,text,true,,12444,136,7,7,https://messenger-fe-eight.vercel.app/login,173,0,0
1768805206162,312,GET Login,200,OK,Thread Group 3 - Custom 3-18,text,true,,12444,136,3,3,https://messenger-fe-eight.vercel.app/login,183,0,0
1768805206088,442,GET Home,200,OK,Thread Group 3 - Custom 3-7,text,true,,8705,131,2,2,https://messenger-fe-eight.vercel.app/,215,0,0
1768805206088,520,GET Login,200,OK,Thread Group 3 - Custom 3-20,text,true,,12444,136,1,1,https://messenger-fe-eight.vercel.app/login,213,0,0
